"NOTEBOOK 80GB,14],DVDRW, C/MOUSE OPTICO E MALETA NOTEBOOK80GB 14] DVDRW C__MOUSEOPTICOEMALETALENOVO LENOVO TP R61"
MICROCOMPUTADOR PESSOAL NOTEBOOK MICROCOMPUTADORPESSOALNOTEBOOKLENOVO LENOVO THINPAD T400
PISTOLA GLOCK G19 9MM PISTOLAC__MIRATRITIUM 02CARREGADORESEACESSORIOSGLOCK GLOCK G19
PISTOLA GLOCK G17 9MM PISTOLAC__MIRATRITIUM 03CARREGADORESEACESSORIOSGLOCK GLOCK G17
PISTOLA GLOCK G17 9MM PISTOLAC__MIRATRITIUM 02CARREGADORESEACESSORIOSGLOCK GLOCK G17
"CAPACETE ANTI-TUMULTO, COR PRETA,VISEIRA DE 4MM E PROT. NUCA CAPACETEANTI-TUMULTO CORPRETA VISEIRADE4MMEPROT_NUCACDC CDC "
RENAULT MASTER MICROONIBUS MOD_MASTER DIESEL BRANCO 4CILINDROS 5MARCHASRENAULT RENAULT MICROONIBUS
PISTOLA GLOCK G26 9MM PISTOLAC__MIRATRITIUM 02CARREGADORESEACESSORIOSGLOCK GLOCK G26
"EM FIBRA, USO OSTENSIVO, TAMANHO M, CAPA RIP STOP, PRETO EMFIBRA USOOSTENSIVO TAMANHOM CAPARIPSTOP PRETOINBRA-TEXTIL INBRA-TEXTIL NIVEL III A MM"
RENAULT MEGANE RENAULTMEGANESEDANDINAMIQUE CINZAECLIPSEMETALICORENAULT RENAULT MEGANE SEDAN
"ESCUDO BALISTICO, NIVEL IIIA, C/VISOR ESCUDOBALISTICO NIVELIIIA C__VISORINBRA-TEXTIL INBRA-TEXTIL NIVEL IIIA"
TRANSMISSOR AUDIO GSM TRANSMISSORAUDIOGSMGTS GTS AGT020
MICRO TRANSM. DIG. CRIPTOGRAFADO E C/ CONTROLE REMOTO MICROTRANSM_DIG_CRIPTOGRAFADOEC__CONTROLEREMOTOGTS GTS AT160
MICRO TRANSMISSOR DIGITAL MICROTRANSMISSORDIGITALGTS GTS AT180
MICRO TRANSMISSOR DIGITAL C/ CONTROLE REMOTO MICROTRANSMISSORDIGITALC__CONTROLEREMOTOGTS GTS AT210
MICRO TRANSMISSOR ANALOGICO AUTONOMO MICROTRANSMISSORANALOGICOAUTONOMOGTS GTS AT280
MICRO TRANSMISSOR ANALOGICO MICROTRANSMISSORANALOGICOGTS GTS AT310
"REPETIDORA VHF, UHF, P/ AT 310 REPETIDORAVHF UHF P__AT310GTS GTS AT310R"
MICRO GRAVADOR ESTEREO DE BOLSO MICROGRAVADORESTEREODEBOLSOGTS GTS DAR040
POCKET DIGITAL GRAVADOR DE VOZ POCKETDIGITALGRAVADORDEVOZGTS GTS DAR050
MICRO GRAVADOR AUDIO VIDEO AUTONOMO MICROGRAVADORAUDIOVIDEOAUTONOMOGTS GTS DAVR010
MICRO GRAVADOR AUDIO VIDEO AUTONOMO ROBUSTECIDO MICROGRAVADORAUDIOVIDEOAUTONOMOROBUSTECIDOGTS GTS DAVR100
MICRO GRAVADOR AUDIO VIDEO TIPO CHAVEIRO MICROGRAVADORAUDIOVIDEOTIPOCHAVEIROGTS GTS DAVR120
MODULO DE RASTREAMENTO GPS MODULODERASTREAMENTOGPSGTS GTS MP010
KIT SISTEMA DE TELEMETRIA VIDEO (PALM OU NTSC) KITSISTEMADETELEMETRIAVIDEO_PALMOUNTSC_GTS GTS MV100
CAMERA COMPACTA C/ OBJETIVA INTERCAMBIAVEL CAMERACOMPACTAC__OBJETIVAINTERCAMBIAVELGTS GTS VC060
CAMERAGRANDE RESOLUCAO P/ INTEGRACAO CAMERAGRANDERESOLUCAOP__INTEGRACAOGTS GTS VC070
MALETA DE TRANSPORTE ROBUSTECIDA MALETADETRANSPORTEROBUSTECIDASTORNCASE STORN CASE IM2750
TOYOTA COROLLA COROLLAXLI 1_8FLEX 16VALVULAS PRETOECLIPSETOYOTA TOYOTA COROLLA
NOTEBOOKS ROBUST.-INTEL-CORE DUO 1.6MHZ-HD80GB-2GB RAM DVDRW NOTEBOOKSROBUST_-INTEL-COREDUO1_6MHZ-HD80GB-2GBRAMDVDRWPANASONIC PANASONIC CF-30
NISSAN FRONTIER FRONTIER CAB_DUPLA PRETA CARACT_ C__RADIOPRO-5100NISSAN NISSAN FRONTIER
ESCUDO ANTI-TUMULTO ESCUDOANTI-TUMULTOGLOBAL GLOBAL COMBATE POLICIAL
PISTOLA GLOCK G17 9MM PISTOLAC__MIRATRITIUM 02CARREGADORESEACESSORIOS_GLOCK GLOCK G17
PISTOLA GLOCK G19 9MM PISTOLAC__MIRATRITIUM 04CARREGADOREACESSORIOSGLOCK GLOCK G19
NISSAN FRONTIER NISSAN__FRONTIERTURBODIESEL CORPRATA TRACAO4X4_NISSAN NISSAN CAMINHONETE
PISTOLA DE DESCARGA ELETRICA TASER M26/X26 PISTOLADEDESCARGAELETRICAX26TASER TASER X26
ARMARIO ALTO C/ 2 PORTAS DE ABERT. FRONTAL E 1 PRATEL. INT. ARMARIOALTOC__2PORTASDEABERT_FRONTALE1PRATEL_INT_METALBASE METALBASE ARMARIO
ARMARIO MEDIO C/ 2 PORTAS DE ABERT. FRONTAL E 1 PRATEL. INT. ARMARIOMEDIOC__2PORTASDEABERT_FRONTALE1PRATEL_INT_METALBASE METALBASE ARMARIO
ARMARIO BAIXO C/ 2 PORTAS DE ABERT. FRONTAL E 1 PRATEL. INT. ARMARIOBAIXOC__2PORTASDEABERT_FRONTALE1PRATEL_INT_METALBASE METALBASE ARMARIO
MESA DE REUNIAO TIPO 5 CONFECCIONADAS EM CHAPAS DE MADEIRA MESADEREUNIAOTIPO5CONFECCIONADASEMCHAPASDEMADEIRACOLLECTION COLLECTION TIPO 5
"MESA DE REUNIAO VOLANTE TIPO 1, 3 PES MESADEREUNIAOVOLANTETIPO1 3PESOFFICEBRASIL OFFICEBRASIL MOVEX 312"
ARMARIO VOLANTE DE MADEIRA ARMARIOVOLANTEDEMADEIRAOFFICEBRASIL OFFICEBRASIL CRIADO MUDO
MICROCOMPUTADOR DE PERFIL AVANCADO THINKCENTRE M58P MICROCOMPUTADORDEPERFILAVANCADOTHINKCENTREM58PLENOVO LENOVO M58P
MICROCOMPUTADOR DE PERFIL MEDIO THINKCENTRE M58P MICROCOMPUTADORDEPERFILMEDIOTHINKCENTREM58PLENOVO LENOVO M58P
RÁDIO VEICULAR TETRAPOL RADIOMOVELPRO-HT6991EADS__TELECOM EADS/TELECOM HT 6991
CARREGADOR DE BATERIA MULTIPLO CARREGADORDEBATERIAMULTIPLOEADS__TELECOM EADS/TELECOM HR 8086
CARREGADOR DE BATERIA MULTIPLO DO TPH700 CARREGADORDEBATERIAMULTIPLODOTPH700EADS__TELECOM EADS/TELECOM HR7797BA
PISTOLA GLOCK G26 9MM PISTOLAC__MIRATRITIUM 02CARREGADORESEACESSORIOS_ GLOCK G26
PISTOLA GLOCK G19 9MM PISTOLAC__MIRATRITIUM 02CARREGADORESEACESSORIOS_ GLOCK G19
PISTOLA GLOCK G17 9MM PISTOLAGLOCKMOD_G17COMMIRADETRITIUNGLOCK GLOCK G17
DE PATRULHA PNEMATICO  NA COR PRETA DEPATRULHAPNEMATICONACORPRETASLLINGER SLLINGER 
PISTOLA GLOCK G19 9MM COM02CARREGADORESEACESSORIOSGLOCK GLOCK G19
BINOCULO B.P.M.10 BINOCULOB_P_M_10 SEM MARCA 
ESTOJO P/COLETA IMPRESSAO DIGITAL CAIXA DE MADEIRA ESTOJOP__COLETAIMPRESSAODIGITALCAIXADEMADEIRA SEM MARCA 
GARRAFA VAZIA PARA GAS GARRAFAVAZIAPARAGAS SEM MARCA 
"ESTANTE DE ACO, COM SEIS PRATELEIRAS ESTANTEDEACO COMSEISPRATELEIRASMEDINDOL 98X092CMX0 32CM MEDINDO L,98X092CMX0,32CM "
LIVRO TOMBO LIVROTOMBO SEM MARCA 
RIFLE HIGH STANDARD 8111 12MM RIFLE_ESPECIALCOMCAPACIDADEPARA7TIROSMOD_8_111 45CMHIGHSTANDARD HIGH STANDARD RIOT 8111
SUBMETRALHADORA HK MP5 9MM SUB_METRALHADORAHKMOD_MP5_9MM STANDARD1CARREGADORDE30HK HK MP5
MALA PARA CONDUCAO DE LANCADOR DE GRANADA MALAPARACONDUCAODELANCADORDEGRANADA SEM MARCA 
ARQUIVO DE ACO PARA PASTAS SUSPENSAS COM 4 GAVETAS ARQUIVODEACOPARAPASTASSUSPENSASCOM4GAVETASCOMFIANCA COMFIANCA 
LIVRO TOMBO PARA REGISTRO DE INQUERITO LIVROTOMBOPARAREGISTRODEINQUERITO SEM MARCA 17879
ARMARIO DE ACO TAMANHO GRANDE COM 2 GPORTAS ARMARIODEACOTAMANHOGRANDECOM2GPORTASSECURIT SECURIT CAXIAS
SUBMETRALHADORA HK MP5 9MM SUB_METRALHADORAMP_5_9MM STANDARTE1CARREGADORDE30TIRHK HK MP5
"EXTINTOR DE INCEDIO C02, CAP. DE 1,000GRAMAS EXTINTORDEINCEDIOC02 CAP_DE1 000GRAMASAPAGA APAGA "
LIVRO DE TERMO DE FIANCA COM 100 FOLHAS LIVRODETERMODEFIANCACOM100FOLHAS SEM MARCA 
TORNO DE BANCA NUMERO 3 TORNODEBANCANUMERO3 SEM MARCA 
"ESMERIL ELETRICO PARA 220 VOLTS, 75 WATS ESMERILELETRICOPARA220VOLTS 75WATS SEM MARCA "
MAQUINA DE ESCREVER MANUAL CARRO TAMANHO MEDIO MAQUINADEESCREVERMANUALCARROTAMANHOMEDIOOLIVETTI OLIVETTI 
ARQUIVO DE A$O COM 5 GAVETAS 2 PARA FICHAS E 3 PARA PASTA SU ARQUIVODEA OCOM5GAVETAS2PARAFICHASE3PARAPASTASUCONFIAN A CONFIAN$A MISTO OFICIO
COFRE DE ACO COM 2 PORTAS SOBREPOSTAS COFREDEACOCOM2PORTASSOBREPOSTASHELIOS HELIOS 
ALGEMA DE ACO COM TRAVA DE SEGURANCA ALGEMADEACOCOMTRAVADESEGURANCA SEM MARCA 
LIVRO EXEMPLAR DA APOSTILA DE LEGISLACAO JURISPRUDENCIA LIVROEXEMPLARDAAPOSTILADELEGISLACAOJURISPRUDENCIAPOLICIAFAZENDARIA POLICIA FAZENDARIA 
ARMARIO DE A$O COM 2 PORTAS E 4 PRATELEIRAS ARMARIODEA OCOM2PORTASE4PRATELEIRASA OMOVEIS A$OMOVEIS ARA-1980
LANCADOR DE MUNIÇÃO MENOS LETAL CALIBRE 37/38MM LANCAGRANADASMOD_GUM201ZCALIBRE11__2CONDOR CONDOR 201-Z
MAQUINA DE ESCREVER MANUAL TIPO TELEGRAFICO MAQUINADEESCREVERMANUALTIPOTELEGRAFICOREMINGTON REMINGTON R.100.C1 RO.220
ALGEMA COM TRAVA DE SEGURANCA ALGEMACOMTRAVADESEGURANCA SEM MARCA 
"COFRE DE ACO C/2 PORTAS E SEGREDO C/3 COMB. 1,20X45X40 COFREDEACOC__2PORTASESEGREDOC__3COMB_1 20X45X40PAUDIMSP PAUDIM SP 02"
ALGEMA COM TRAVA DE SEGURANCA INOXIDAVEL ALGEMACOMTRAVADESEGURANCAINOXIDAVELPEERLESS PEERLESS 
BINOCULO PARA NOITE 7X50 FABRICACAO JAPONESA BINOCULOPARANOITE7X50FABRICACAOJAPONESABUSHNELL BUSHNELL 
EXTINTOR DE INCENDIO TIPO C02 CAP. PARA 4 KILOS EXTINTORDEINCENDIOTIPOC02CAP_PARA4KILOSATLANTIDA ATLANTIDA 
EXTINTOR DE INCENDIO TIPO C02 CAP. 4 KILOS EXTINTORDEINCENDIOTIPOC02CAP_4KILOSATLANDA ATLANDA 
REVOLVER ROSSI 38 REVOLVERROSSICANO47MMROSSI ROSSI 
ALGEMA ROSSI ALGEMAROSSIROSSI ROSSI 
"ESPINGARDA, CBC, CALIBRE 12 ESPINGARDACBCCANO430MM CORONHADEMAD_OXIDADA1CARREG_CBC CBC "
"ESPINGARDA, MOSSBE, CALIBRE 12 ESPINGARDACABODEMADEIRACANO510MMACABAMENTOOXIDADOMOSSBERG MOSSBERG "
PISTOLA  SMITHE MODELO 59 CAL 9MM PISTOLAMOD_59CABOSINT_DECORPRETAE2CARREGADOR OXID_SMITHEWESSON SMITH E WESSON 
ARQUIVO DE A$O COM 4 GAVETAS PARA PASTA SUSPENSAS ARQUIVODEA OCOM4GAVETASPARAPASTASUSPENSASCONFIAN A CONFIAN$A 2674
MAQUINA DE ESCREVER MANUAL CARRO DE 39CM MAQUINADEESCREVERMANUALCARRODE39CMOLIVETTI OLIVETTI LINEA 98.39 TIPO PAICA
"MACACO HIDRAULICO, TIPO JACARE CAPACIDADE DE 2 TONELADAS MACACOHIDRAULICO TIPOJACARECAPACIDADEDE2TONELADASPOTENTE POTENTE "
"ALGEMA EM ACO INOXIDAVEL, TRAVA, ACOMPANHA 2 CHAVES ALGEMAEMACOINOXIDAVEL TRAVA ACOMPANHA2CHAVESZORRO ZORRO "
"ALGEMA EM ACO INOXIDAVEL, TRAVA, ACOMPANHA 2 CHAVES ALGEMAEMACOINOXIDAVEL TRAVA ACOMPANHA2CHAVESROSSI ROSSI AR.82"
"AUDIO FONE STEREO , COM PLUG UNIVERSAL SELENIUM AUDIOFONESTEREO COMPLUGUNIVERSALSELENIUM SEM MARCA "
COMENTARIO A LEI DE IMPRENSA COLECAO DE 02 VOLUMES COMENTARIOALEIDEIMPRENSACOLECAODE02VOLUMESREVISTADOSTRIBUNAIS REVISTA DOS TRIBUNAIS DARCY ARRUDA MIRANDA
LEGISLACAO ELEITORAL E PARTIDARIA 4 EDICAO 1992 SENADO FED. LEGISLACAOELEITORALEPARTIDARIA4EDICAO1992SENADOFED_ SEM MARCA 
CRIMES CONTRA A SEGURANCA DO ESTADO CRIMESCONTRAASEGURANCADOESTADOLIBERJURISLTDA LIBER JURIS LTDA CELIO LOBAO FERREIRA
"CODIGO DE PROCESSO PENAL ANOTADO  3 EDICAO 1983 CODIGODEPROCESSOPENALANOTADO3EDICAO1983EDITORASARAIVA EDITORA SARAIVA JOSE DAMASIO E, DE JESUS"
CONSTITUICAO DA REPUBLICA FEDERATIVA DO BRASIL 8 EDICAO 1992 CONSTITUICAODAREPUBLICAFEDERATIVADOBRASIL8EDICAO1992SENADOFEDERAL SENADO FEDERAL 
REFRIGERADOR REFRIGERADORCONSULMODELO155CONSUL CONSUL 
CODIGO PENAL ANOTADO CODIGOPENALANOTADOEDITORASARAIVA EDITORA SARAIVA CELSO DELMATO
"FONE DE CABECA PARA MESA OPERADORA 8 OHMS,CANAL POTEN.0,3W FONEDECABECAPARAMESAOPERADORA8OHMS CANALPOTEN_0 3WCENTROSUL CENTRO SUL CS 1063"
REVOLVER TAURUS MOD. 38 CAL. 38 REVOLVERCANO61MM ACABAMENTOOXIDADO PESADOCAP_5TIROSTAURUS TAURUS 
"COFRE CAIXA DE ACO MED. 100X0,45X0,40 COR CINZA PES.300KG COFRECAIXADEACOMED_100X0 45X0 40CORCINZAPES_300KG SEM MARCA 10,10"
"MICROSCOPIO ESTATIVA ST.044.BR, TUBO BINOCULAR 2 LAMPADAS MICROSCOPIOESTATIVAST_044_BR TUBOBINOCULAR2LAMPADASCARLZEISS CARL ZEISS STANDART 044.BR"
BALANCA CAPACIDADE PARA 5KG BALANCACAPACIDADEPARA5KG SEM MARCA 2116
TRIPE DE FERRO TRIPEDEFERRO SEM MARCA 
"MAQUINA CALCULADORA ELETRONICA, IMPRESSORA COM VISOR 12DIGIT MAQUINACALCULADORAELETRONICA IMPRESSORACOMVISOR12DIGITOLIVETTI OLIVETTI DIVISSUMA 31 PD"
MESA PARA DATILOGRAFO COM 01 PRATELEIRA PARA PASTA 2 RODIZIO MESAPARADATILOGRAFOCOM01PRATELEIRAPARAPASTA2RODIZIOFLORENSE FLORENSE 
"PRESA SELO SECO, COM OS DIZERES MJ.DPF.SPMAF E AS ARMAS REPU PRESASELOSECO COMOSDIZERESMJ_DPF_SPMAFEASARMASREPU SEM MARCA 4.2 DE DIAMETRO"
ARMARIO DE A$O COM 4 GAVETAS COR CINZA ARMARIODEA OCOM4GAVETASCORCINZABERNARDINI BERNARDINI 
COFRE DE ACO TAM. MEDIO 200KG MEDIND. 90X40X40 COFREDEACOTAM_MEDIO200KGMEDIND_90X40X40CP_9 CP.9 PANDIN
"MAQUINA DE LAVAR JATO WAP, EQUIPADA COM BOMBA DE ALTA PRESSA MAQUINADELAVARJATOWAP EQUIPADACOMBOMBADEALTAPRESSAWAP WAP QUICK TOP"
ESTOJO PARA COLETA DE IMPRESSAO DIGITAL ESTOJOPARACOLETADEIMPRESSAODIGITALTECNOACO TECNO ACO 
MAQUINA DE ESCREVER ELETRONICA MAQUINADEESCREVERELETRONICAIBM IBM. 6746
EXEMPLAR DA LEGISLACAO ELEITORAL E PARTIDARIA 2 VOLUMES 5 ED EXEMPLARDALEGISLACAOELEITORALEPARTIDARIA2VOLUMES5ED SEM MARCA 
MAQUINA DE ESCREVER ELETRICA MAQUINADEESCREVERELETRICAFACIT FACIT 1820.4922PC
"CONSOLIDACAO DAS LEIS DO TRABALHO, COMENTADA POR EDUARDO G. CONSOLIDACAODASLEISDOTRABALHO COMENTADAPOREDUARDOG_2EDICAO1987 2 EDICAO 1987 "
"COMENTARIO AO CODIGO PENAL, VOLUME 1 E 2 , 2 EDICAO COMENTARIOAOCODIGOPENAL VOLUME1E2 2EDICAOEDITORASARAIVA EDITORA SARAIVA DAMASIO E. DE JESUS"
CODIGO DE PROCESSO PENAL ANOTADO 5 EDICAO CODIGODEPROCESSOPENALANOTADO5EDICAOEDITORASARAIVA EDITORA SARAIVA DAMASIO E. DE JESUS
"VADE.MECUM FORENSE, 9 EDICAO, 2 TIRAGEM 1986 VOL. 1 E 2 VADE_MECUMFORENSE 9EDICAO 2TIRAGEM1986VOL_1E2OSNYDUARTEPEREIRA OSNY DUARTE PEREIRA REVISTA DOS TRIBUNAIS"
NOVO DICIONARIO DA LIGUA PORTUGUESA 2 EDICAO NOVODICIONARIODALIGUAPORTUGUESA2EDICAOAURELIOB_H_FERREIRA AURELIO B. H. FERREIRA NOVA FRONTEIRA
CARREGADOR DE BATERIA PARA 4 BATERIAS DE 6V. OU 2 BATERIAS12 CARREGADORDEBATERIAPARA4BATERIASDE6V_OU2BATERIAS12TUNGA TUNGA 
"COMPRESSOR DE AR, MOTOR DE 2HP TRIFASICO, 04 POLOS PRES. 175 COMPRESSORDEAR MOTORDE2HPTRIFASICO 04POLOSPRES_175 SEM MARCA "
"ASPIRADOR DE PO P/LIMPEZA DE VIATURAS, WAP GT TURBO ASPIRADORDEPOP__LIMPEZADEVIATURAS WAPGTTURBOWAPGT WAP GT "
FONTE DE ALIMENTACAO AC/DC PARA ALIMENTAR ESTACAO FIXA FONTEDEALIMENTACAOAC__DCPARAALIMENTARESTACAOFIXAMOTOROLA MOTOROLA T1954A
TV NATIONAL 14 RI TVNATIONAL14RINATIONAL NATIONAL 
TORQUIMETRO REF. 260                    . TORQUIMETROREF_260_ SEM MARCA 
DIREITO ADMINISTRATIVO BRASILEIRO 13 EDICAO DIREITOADMINISTRATIVOBRASILEIRO13EDICAOHELYLOPESMEIRELES HELY LOPES MEIRELES ATUALIZADA 1987
CURSO DE DIREITO INTERNACIONAL PUBLICO 8 EDICAO VOL. 1 E 2 CURSODEDIREITOINTERNACIONALPUBLICO8EDICAOVOL_1E2CELSOD_A_MELO CELSO D. A. MELO EDICAO 1986
"ESTRANGEIRO, LEGISLACAO BRASILEIRA 6 EDICAO 1986 OR. TEXTOS ESTRANGEIRO LEGISLACAOBRASILEIRA6EDICAO1986OR_TEXTOSJUAREZDEOLIVEIRA JUAREZ DE OLIVEIRA "
ESTATUTO DO ESTRANGEIRO ESTATUTODOESTRANGEIROYUSSEFSAIDCAHALI YUSSEF SAID CAHALI SARAIVA 1983
DIREITO MARITIMO 3 EDICAO 1984 VOL 1 DIREITOMARITIMO3EDICAO1984VOL1J_C_SAMPAIODELACERDA J. C. SAMPAIO DE LACERDA 
NOVO DICIONARIO DA LIGUA PORTUGUESA 2 EDICAO NOVODICIONARIODALIGUAPORTUGUESA2EDICAOAURELIOBUARQUEDEHOLANDA AURELIO BUARQUE DE HOLANDA NOVA FRONTEIRA
"CONSOLIDACAO DAS LEIS DE TRABALHO, COMENTADA CONSOLIDACAODASLEISDETRABALHO COMENTADAEDUARDOG_SAAD 20EDICAO EDUARDO G. SAAD, 20 EDICAO "
MAQUINA FLAGMENTADORA DE DOCUMENTO CONFIDENCIAIS MAQUINAFLAGMENTADORADEDOCUMENTOCONFIDENCIAISMAGNETOPLAN MAGNETOPLAN DESTROYER
REVOLVER TAURUS 357 REVOLVERTAURUSMAGNUM_QUEIROESJUNIO__TAURUS TAURUS REVOLVER
REVOLVER TAURUS 357 REVOLVERMARCATAURUSCALIBRE357MAGNUMTAURUS TAURUS 
"ESTANTE DE ACO MEND. 1910MM, LARG. 915 E PROF.450MM ESTANTEDEACOMEND_1910MM LARG_915EPROF_450MM SEM MARCA "
ALGEMA DE ACO INOX FOSCA ALGEMADEACOINOXFOSCAROSSI ROSSI 
ESTOJO COMPLETO MALETA PARA LEVANTAMENTO DE IMPRESSAO ESTOJOCOMPLETOMALETAPARALEVANTAMENTODEIMPRESSAOCERAVI CERAVI LP 303
ARQUIVO EM ACO COM 4 GAVETAS PARA PASTA SUSPENSAS ARQUIVOEMACOCOM4GAVETASPARAPASTASUSPENSASQCOMOVEIS QCOMOVEIS AOT.04
"BALANCA MECANICA, SENSIBILIDADE 5MG-CAP.300 CAIXA ENVIDRA$AD BALANCAMECANICA SENSIBILIDADE5MG-CAP_300CAIXAENVIDRA ADMARTE MARTE 512"
GELADEIRA CONSUL LTDA 1563 GELADEIRACONSULLTDA1563CONSUL CONSUL 1563
MESA PARA INDENTIFICACAO DATILOSCOPICA EM ACO MESAPARAINDENTIFICACAODATILOSCOPICAEMACO SEM MARCA 
LANCADOR DE MUNIÇÃO MENOS LETAL CALIBRE 12 PROJETORPARACARTUCHOCALIBRE12AM_402CONDOR CONDOR AM-402
MAQUINA DE ESCREVER MANUAL MAQUINADEESCREVERMANUALFACIT FACIT 
ESTATUTO DOS FUNCIONARIO PUBLICOS CIVIS DA UNIAO LEI 1711/52 ESTATUTODOSFUNCIONARIOPUBLICOSCIVISDAUNIAOLEI1711__52 SEM MARCA 
SOFA MOD. EXECUTIVO EM COURVIN PRETO COM 3 LUGARES SEM BRACO SOFAMOD_EXECUTIVOEMCOURVINPRETOCOM3LUGARESSEMBRACORELAX RELAX 
REVOLVER ROSSI MAGNUM 97 357 REVOLVERMARCAROSSIMOD_97OXIDADOROSSI ROSSI REVOLVER
REVOLVER ROSSI MAGNUM 97 357 REVOLVERMARCAROSSIMOD_97OXIDADOROSSI ROSSI 
ALGEMA DE ACO INOX ALGEMADEACOINOXROSSI ROSSI 
"MAQUINA DE CALCULAR, CAP. 12 DIGITOS MAQUINADECALCULAR CAP_12DIGITOSOLIVETT OLIVETT U.4080"
REFRIGERADOR REFRIGERADORNACORCARAMELOCAPACIDADE150LITROSPROSDOCIMO PROSDOCIMO ACOMPANHA 2 CHAVES
FURADEIRA ELETRICA IMPACTO              . FURADEIRAELETRICAIMPACTO_BLACKDECKER BLACK DECKER 
MESA EM MADEIRA COM PAINEL PARA TELEFONE MESAEMMADEIRACOMPAINELPARATELEFONEBELO BELO MP.09.CE
FRIGOBAR FRIGOBAREXECUTIVOSLCORBEGECONSUL CONSUL FRIGOBAR
ARQUIVO DE A$O COM 4 GAVETAS TAMANHO OFICIO ARQUIVODEA OCOM4GAVETASTAMANHOOFICIOPAVANI PAVANI 
"FICHARIO DE A$O, PARA FICHAS 4X6 COM TAMPA DE ACRILICO FICHARIODEA O PARAFICHAS4X6COMTAMPADEACRILICOZORNITA ZORNITA "
MALETA TIPO EXECUTIVO COM 02 FECHADURA MALETATIPOEXECUTIVOCOM02FECHADURAPINTON PINTON EXECUTIVO
"DOCUMENTOSCOPIO C. ILUMINACAO INCIDENTE,EMERGENTE LUZ ULT.VI DOCUMENTOSCOPIOC_ILUMINACAOINCIDENTE EMERGENTELUZULT_VIIEC IEC DIGITALIS 5.95"
"PAQUIMETRO, CARACTERISTICAS DE MEDI$AO INTERNA E EXTERNA PAQUIMETRO CARACTERISTICASDEMEDI AOINTERNAEEXTERNAMITUTOYO MITUTOYO CAPACIDADE ATE 6"
"TRANSCEPTOR COM 8 CANAIS 6 MUDULOS,MICROFONE DE MAO COM 9PTT TRANSCEPTORCOM8CANAIS6MUDULOS MICROFONEDEMAOCOM9PTT SEM MARCA TT.109.8"
"CONVERSOR PARA ALIMENTACAO DE TT.109,8 C.ENTRADA110.220VAC CONVERSORPARAALIMENTACAODETT_109 8C_ENTRADA110_220VACCONECTORMC_2012 CONECTOR MC.2012 CV.01"
MAQUINA DE ACLCULAROM 6 DIGITOS E 1 DATADOR MANUAL MAQUINADEACLCULAROM6DIGITOSE1DATADORMANUALSANYO SANYO CY 5100DPL
"ESTANTE DE A$O COM 6 PRATELEIRAS 1.98MX0,92X0,32M ESTANTEDEA OCOM6PRATELEIRAS1_98MX0 92X0 32M SEM MARCA EDP.6A"
SUBMETRALHADORA HK MP5 9MM SUBMETRALHADORAHKMOD_MP_5A3 CAL_9MMSTANDART1CARREGADOHK HK MP5 A3
"TELEVISAO 34"" CONTROLE REMOTO,110/220 STERIO,2 CAIXA ACUSTIC TELEVISAO34_CONTROLEREMOTO 110__220STERIO 2CAIXAACUSTICGRADIENTE GRADIENTE "
SUBMETRALHADORA HK MP5 9MM SUBMETRALHADORAHKMOD_MP_5PARABELLUM1CARREGADORP__30TI_HK HK MP5
CARREGADOR CURVO P/30 TIROS CAL. 9MM CARREGADORCURVOP__30TIROSCAL_9MMPARABELLUM PARABELLUM 
"BINOCULO TL 8135/003 KI1TYPA MII.B 131G CLASS 1,7/86 200C BINOCULOTL8135__003KI1TYPAMII_B131GCLASS1 7__86200CVACUMENTIC VACUMENTIC "
REVOLVER TAURUS 357 REVOLVERTAURUSMAGNUM6TIROSREFORCADOOXIDADOCANO3TAURUS TAURUS 
REVOLVER TAURUS 38 REVOLVERTAURUSCAL_38 5TIROSREFOCADOOXIDADOCANO2TAURUS TAURUS 
REVOLVER TAURUS 38 REVOLVERTAURUS5TIROSREFOCADO OXIDADOCANO02_POSTAURUS TAURUS 
ALGEMA DE ACO INOX DUPLA TRAVA DE SEGURANCA MOD.    08.32 ALGEMADEACOINOXDUPLATRAVADESEGURANCAMOD_08_32 SEM MARCA 
ALGEMA DE ACO INOX DUPLA TRAVA DE SEGURANCA MOD.08.32 ALGEMADEACOINOXDUPLATRAVADESEGURANCAMOD_08_32 SEM MARCA 
VIDEO-CASSETE VIDEO-CASSETEPANASONIC PANASONIC NV260PX
TELEVISAO RADIO AM.FM PRETO E BRANCO TELEVISAORADIOAM_FMPRETOEBRANCOEMBASSY EMBASSY TR.83PX
"RADIO GRAVADOR PORTATIL AM,FM ACOMPANHADO DE FONE DE OUVIDO RADIOGRAVADORPORTATILAM FMACOMPANHADODEFONEDEOUVIDOBASHSONIC BASHSONIC TEB 36"
REVOLVER TAURUS 38 REVOLVERTAURUS5TIROSOXIDADO CANO51MMCABODEMADEIRATAURUS TAURUS 
ESTOJO PARA COLETA DE IMPRESSAO DIGITAL ESTOJOPARACOLETADEIMPRESSAODIGITAL SEM MARCA INI 01.87 EM MADEIRA
PISTOLA TAURUS  MOD. PT57S AMF CAL. 765 PISTOLASEMI-AUTOMATICOMOD_PT57SAMFCAP_15+1TIROS_TAURUS TAURUS 
RIFLE MOD. 500A CAP. 8 TIROS CABO EM MATERIAL SINTETICO . RIFLEMOD_500ACAP_8TIROSCABOEMMATERIALSINTETICO_MOSSBERG MOSSBERG 
MAQUINA DE CALCULAR ELETRONICA COM VISOR SUB MULTI TOTAL MAQUINADECALCULARELETRONICACOMVISORSUBMULTITOTALDISMAC DISMAC 121
MAQUINA DE ESCREVER MANUAL CARRO 42CM MAQUINADEESCREVERMANUALCARRO42CMFACIT FACIT PAICA 1742
MAQUINA DE ESCREVER ELETRICA COM FITA CORRIGIVEL MAQUINADEESCREVERELETRICACOMFITACORRIGIVELFACIT FACIT 1842
"CARABINA, MARCA US,  MOD. 30, CAL. 30MM M1 CARABINACAL_30MMM1US_CARBINE US.CARBINE M1"
VIDEO CASSETE JVC EMB.UNI.TGF 0110410.1.025.89 VIDEOCASSETEJVCEMB_UNI_TGF0110410_1_025_89JVC JVC HR D227M
MAQUINA DE ESCREVER ELETRONICA MAQUINADEESCREVERELETRONICAFACIT FACIT 9402
"ESTOJO PARA COLETA DE IMPRESSAO DIGITAL ESTOJOPARACOLETADEIMPRESSAODIGITAL SEM MARCA INI 01,87"
ALGEMA DE ACO INOXIDAVEL COM CHAVES E TRAVA 08.82 ALGEMADEACOINOXIDAVELCOMCHAVESETRAVA08_82ROSSI ROSSI 
ESTOJO PARA IDENTIFICAºAO DE ESTRANGEIRO COMPLETO ESTOJOPARAIDENTIFICAAODEESTRANGEIROCOMPLETONOVACA NOVACA CXEE TIPO 2
REVOLVER ROSSI MAGNUM 357 REVOLVERMAGNUMOXIDADOCANO3POL_CANO76MM6TIROSMOD_97ROSSI ROSSI 
REVOLVER ROSSI MAGNUM 357 REVOLVERMAGNUMOXIDADOCANO3POL_76MM 6TIROSMOD_97ROSSI ROSSI 
ESTACAO PORTATIL VHF/FM C/6 CANAIS ESTACAOPORTATILVHF__FMC__6CANAISMOTOROLA MOTOROLA MOD.HT 600
MAQUINA DE ESCREVER ELETRICA TEKNE 7/46 MAQUINADEESCREVERELETRICATEKNE7__46TEKNE7 TEKNE 7 
MAQUINA DE ESCREVER MANUAL LINEA 98/46 COM CORRETIVO MAQUINADEESCREVERMANUALLINEA98__46COMCORRETIVOLINEA LINEA 
MAQUINA DE CALCULAR ELETRONICA MAQUINADECALCULARELETRONICALOGOS LOGOS 682
GELAGUA TIPO GARRAFAO ELETRICO P/AGUA MINERAL C/2 TORNEIRAS GELAGUATIPOGARRAFAOELETRICOP__AGUAMINERALC__2TORNEIRASESMALTEC ESMALTEC 
FRIGOBAR REFRIGERADORTIPOFRIGOBARCAP_130LITROSPROSDOCIMO PROSDOCIMO FRIGOBAR
"FAC.SIMILE COM TELEFONE ,VISOR E TECLADO EM PORTUGUES FAC_SIMILECOMTELEFONE VISORETECLADOEMPORTUGUESFACIT FACIT "
MAQUINA DE ESCREVER ELETRONICA LL0/220 MAQUINADEESCREVERELETRONICALL0__220OLIVETTI OLIVETTI ET.2250
ARMARIO DE A$O COM 2 PORTAS E 4 PRATELEIRAS ARMARIODEA OCOM2PORTASE4PRATELEIRASPANDIN PANDIN 
"FAC.SMILE COM TELEFONE, VISOR E TECLADO EM PORTUGUES FAC_SMILECOMTELEFONE VISORETECLADOEMPORTUGUESFAX FAX "
ARMARIO DE A$O COM 2 PORTAS E 4 PRATELEIRAS ARMARIODEA OCOM2PORTASE4PRATELEIRASPANDIN PANDIN 402.E
MESA PARA IMPRESSORA EM MELAMINICO COM REGULAGEM DE TECLADO MESAPARAIMPRESSORAEMMELAMINICOCOMREGULAGEMDETECLADOMARELLI MARELLI LI.070
MESA PARA MICROCOMPUTADOR EM MELAMINICO REGULAGEM DE TECLADO MESAPARAMICROCOMPUTADOREMMELAMINICOREGULAGEMDETECLADOMARELLI MARELLI LI.090
RELOGIO DE PAREDE KARTELL RELOGIODEPAREDEKARTELLKARTELL KARTELL 
"TRANSCEPTOR PORTATIL HF,SSB, 1 MOCHILA PARA TRANSPORTE TRANSCEPTORPORTATILHF SSB 1MOCHILAPARATRANSPORTETRANSWORD TRANSWORD PRC.1099"
"CARREGADOR MULTIPLO DE BATERIA, P/TRANSCEPTOR HF/SSB CARREGADORMULTIPLODEBATERIA P__TRANSCEPTORHF__SSBTRANSWORLDPRC_0C4 TRANSWORLD PRC.0C4 PRC 1099"
TRANSCEPTOR FIXO VHF A 5 E 1 MICROFONE E 1 AUTOFALANTE TRANSCEPTORFIXOVHFA5E1MICROFONEE1AUTOFALANTEMOTOROLA MOTOROLA SPECTRA A 5
MACACOS PARA AUTOMOVEL GOL MACACOSPARAAUTOMOVELGOL SEM MARCA 
PISTOLA TAURUS 9MM PISTOLAS037677_10PARABELLUMOXIDADOCAP_12+1TIROSTAURUS TAURUS 
PISTOLA TAURUS 9MM PISTOLAS037678_10PARABELLUMOXIDADOCAP_12+1TIROSTAURUS TAURUS 
PISTOLA TAURUS 9MM PISTOLAS037816_10PARABELLUMOXIDADOCAP_15+1TIROSTAURUS TAURUS PT92
PISTOLA TAURUS 9MM PISTOLAS037817_10PARABELLUMOXIDADOCAP_15+1TIROSPT92TAURUS TAURUS PT92
PISTOLA TAURUS 9MM PISTOLAS037818_10PARABELLUMOXIDADOCAP_15+1TIROSPT92TAURUS TAURUS PT92
MESA PARA IMPRESSORA EM LAMINADO MELAMINICO COR BRANCO MESAPARAIMPRESSORAEMLAMINADOMELAMINICOCORBRANCOMARELLI MARELLI LI.070
ESTANTE EM A$O COM 6 PRATELEIRAS ESTANTEEMA OCOM6PRATELEIRASALVORADA ALVORADA 
ESTANTE EM A$O COM 6 PRATELEIRAS ESTANTEEMA OCOM6PRATELEIRAS SEM MARCA 
MESA EM CEREJEIRA 3 GAVETAS MED. 1.25.0.70M MESAEMCEREJEIRA3GAVETASMED_1_25_0_70MBELO BELO 
GRAVADOR CASSETE COM CAPTADOR PARA TELEFONE E FONTE DE ALIME GRAVADORCASSETECOMCAPTADORPARATELEFONEEFONTEDEALIMEMARANTZ MARANTZ 201
"VIDEO CASSETE GOLDSTAR DA 4 HEAD, PAL VIDEOCASSETEGOLDSTARDA4HEAD PALGOLDSTAR GOLDSTAR "
TELEVISOR PRECISION 14 POLEGADAS COLORIDO TELEVISORPRECISION14POLEGADASCOLORIDOPRECISION PRECISION 
EFICACIA NAS LICITACOES E CONTRATOS EFICACIANASLICITACOESECONTRATOSCOELHOMOTA4EDICAO COELHO MOTA 4 EDICAO DEL REY
NOVO ESTATUTO JURIDICO DAS LICITACOES E CONTRATOS PUBLICOS NOVOESTATUTOJURIDICODASLICITACOESECONTRATOSPUBLICOSTOSHIOMUKAI3EDICAO TOSHIO MUKAI 3 EDICAO REVISTA DOS TRIBUNAIS
NOVO DICIONARIO AURELIO NOVODICIONARIOAURELIOAURELIOBUARQUE AURELIO BUARQUE NOVA FRONTEIRA 2 EDICAO
COMENTARIOS AO REGIME UNICO DOS SERVIDORES PUBLICOS CIVIS COMENTARIOSAOREGIMEUNICODOSSERVIDORESPUBLICOSCIVISIVANBARBOSARISOLIN IVAN BARBOSA RISOLIN SARAIVA
DIREITO ADMINISTRATIVO BRASILEIRO 21 EDICAO DIREITOADMINISTRATIVOBRASILEIRO21EDICAOHELYLOPESMEIRELLES HELY LOPES MEIRELLES EDITORA MALHEIROS
LICITACOES E CONTRATACOES ADMINSTRATIVAS 5 EDICAO LICITACOESECONTRATACOESADMINSTRATIVAS5EDICAOJOSECRETELLAJUNIOR JOSE CRETELLA JUNIOR FORENSE
EMAS POLEMICOS SOBRE LICITACOES E CONTRATOS  2 EDICAO EMASPOLEMICOSSOBRELICITACOESECONTRATOS2EDICAOM_S_ZANELLADIPIETRO M.S. ZANELLA DI PIETRO MALHEIROS EDITORES
BOMBA CENTRIFUGA 1/4 SCHINEIDER 110/220 BOMBACENTRIFUGA1__4SCHINEIDER110__220SCHINEIDER SCHINEIDER 
CENTRAL DE EMERGENCIA LUZ LE.01 220/C/ALCA PRO. CENTRALDEEMERGENCIALUZLE_01220__C__ALCAPRO_ SEM MARCA 
CODIGO PENAL CODIGOPENALMAURICIOANTONIORIBEIROL_ MAURICIO ANTONIO RIBEIRO L. REVISTA DOS TRIBUNAIS
CODIGO DE PROCESSO PENAL CODIGODEPROCESSOPENALMAURICIOANTONIORIBEIROL_ MAURICIO ANTONIO RIBEIRO L. REVISTA DOS TRIBUNAIS
CODIGO PENAL E SUA INTERPRETACAO JUSRISPRUDENCIAL E LEIS PEN CODIGOPENALESUAINTERPRETACAOJUSRISPRUDENCIALELEISPENPAULOJOSEDACOSTAJR PAULO JOSE DA COSTA JR REVISTA DOS TRIBUNAIS
DIREITO DO TRABALHO 3 EDICAO                              . DIREITODOTRABALHO3EDICAO_SERGIOPINTOMARTINS SERGIO PINTO MARTINS MALHEIROS EDITORES.         .
RESPONSABILIDADE CIVIL DO ESTADO                          . RESPONSABILIDADECIVILDOESTADO_YUSSEFSAIDCAHALI2EDICAO YUSSEF SAID CAHALI 2 EDICAO MALHEIROS EDITORES.         .
DIREITO ADMINISTRATIVO BRASILEIRO  21 EDICAO              . DIREITOADMINISTRATIVOBRASILEIRO21EDICAO_HELYLOPESMEIRELLES HELY LOPES MEIRELLES MALHEIROS EDITORES.         .
CONTROLE JURISDICIONAL DO PROCESSO DISCIPLINAR            . CONTROLEJURISDICIONALDOPROCESSODISCIPLINAR_JOSERAIMUNDOGOMESDACRUZ JOSE RAIMUNDO GOMES DA CRUZ MALHEIROS EDITORES.         .
ESTATUTO DO ESTRANGEIRO JM EDITORA                        . ESTATUTODOESTRANGEIROJMEDITORA_EDUARDOSMIDDTVERONA EDUARDO SMIDDT VERONA FLAVIO CESAR CARNI.         .
"LEI ANTITOXICOS COMENTADA, DOUTRINA PRAT. LEGISL. JURISPRU. LEIANTITOXICOSCOMENTADA DOUTRINAPRAT_LEGISL_JURISPRU_EDITORADIREITO EDITORA DIREITO REVISTA E ATUALIZADA        ."
CODIGO NACIONAL DE TRANSITO COLECAO SARAIVA DE LEGISLACAO CODIGONACIONALDETRANSITOCOLECAOSARAIVADELEGISLACAOJUAREZDEOLIVEIRA JUAREZ DE OLIVEIRA SARAIVA                     .
CONSTITUICAO DA REPUBLICA FEDERATIVA DO BRASIL CONSTITUICAODAREPUBLICAFEDERATIVADOBRASILJUAREZDEOLIVEIRA JUAREZ DE OLIVEIRA SARAIVA LEGISLACAO          .
CRIME DE IMPRESA JURISPRUDENCIA 3 EDICAO CRIMEDEIMPRESAJURISPRUDENCIA3EDICAOJOAOCARLOSMENEZES JOAO CARLOS MENEZES CANAN EDITORA               .
ADUANEIRAS . INFORMACAO SEM FRONTEIRA ADUANEIRAS_INFORMACAOSEMFRONTEIRAANGELASARTORI ANGELA SARTORI AUD. FISCAL DO TESOURO NACIO.
CODIGO DE PROCESSO PENAL MILITAR DECRETO LEI 1.002 CODIGODEPROCESSOPENALMILITARDECRETOLEI1_002JUAREZDEOLIVEIRA JUAREZ DE OLIVEIRA EDIT. SARAIVA
COMENTARIOS AO CODIGO TRIBUTARIO NACIONAL COMENTARIOSAOCODIGOTRIBUTARIONACIONALP_R_TAVARESPAES5EDICAO P.R. TAVARES PAES 5 EDICAO EDIT. REV. DOS TRIBUNAS
MANUAL DE MEDICINA LEGAL MANUALDEMEDICINALEGALDELTONCROCEEDELTON DELTON CROCE E DELTON ED. SARAIVA
REGULAMENTO DA PREVIDENCIA SOCIAL REGULAMENTODAPREVIDENCIASOCIALJAIRLOTVIEIRA JAIR LOT VIEIRA EDITORA EDIPRO 5 EDICAO
COPENDIO DE LEGISLACAO ELEITORAL E PARTIDARIA COPENDIODELEGISLACAOELEITORALEPARTIDARIAMARILIAPACHECO3EDICAO MARILIA PACHECO 3 EDICAO EDITORA GRAFISA
LEGISLACAO ELEITORAL COMENTADA LEGISLACAOELEITORALCOMENTADAROBERTOAMARAL ROBERTO AMARAL EDITORA REVAN
FONTE DE ALIMENTACAO HPN PARA SPECTRA BASE FONTEDEALIMENTACAOHPNPARASPECTRABASEMOTOROLA MOTOROLA HPN 3000A
"ARMARIO EM MELAMIN. COR OVO, FECHADO ARMARIOEMMELAMIN_COROVO FECHADOMARELLI MARELLI LI.159"
MESA RACK P/COMPUTADOR EM MELAMINICO NA COR BERGE MESARACKP__COMPUTADOREMMELAMINICONACORBERGEMARELLI MARELLI RA 300
RADIO TRANSCEPTOR TIPO HT EM VHF/FM C/FAIXA DE FREQUENCIA RADIOTRANSCEPTORTIPOHTEMVHF__FMC__FAIXADEFREQUENCIACONTROL__MOTOROLA CONTROL/MOTOROLA GP 300
RADIO TRANSCEPTOR TIPO HT EM VHF/FM C/BATERIA E CARREGADOR RADIOTRANSCEPTORTIPOHTEMVHF__FMC__BATERIAECARREGADORCONTROL__MOTOROLA CONTROL/MOTOROLA GP 300
MACACO PARA AUTOMOVEL GOL MACACOPARAAUTOMOVELGOL SEM MARCA 
TV EM CORES COM CONTROLE REMOTO TVEMCORESCOMCONTROLEREMOTOSANYO SANYO 
TV EM CORES 20 POLEG. COM CONTROLE REMOTO TVEMCORES20POLEG_COMCONTROLEREMOTOSANYO SANYO 
RADIO RELOGIO DIGITAL RADIORELOGIODIGITALSENIVOX SENIVOX 
SUPORTE DE PAREDE PARA TV E VIDEOCASSETE SUPORTEDEPAREDEPARATVEVIDEOCASSETEMUTIVISION__METALFORM MUTIVISION/METALFORM 
IMPRESSORA JATO DE TINTA MONOCROMATICA IMPRESSORAJATODETINTAMONOCROMATICAHP400 HP 400 DPI 3PPM EM MODO
DETECTOR DE METAL MANUAL TIPO MINEORO DETECTORDEMETALMANUALTIPOMINEOROMINEORO MINEORO 895
VW - VOLKSWAGEN GOL VOLKSWAGENGOL VW - VOLKSWAGEN GOL
ESTABILIZADOR/TRANSFORMADOR DE 220X110V DE 1KVA ESTABILIZADOR__TRANSFORMADORDE220X110VDE1KVASMS SMS AVRT 1000
ESTABILIZADOR/TRANSFORMADOR DE 220X110V DE 1KVA ESTABILIZADOR__TRANSFORMADORDE220X110VDE1KVASMS SMS AVRT 1.000
SISTEMA ESREREOFONICO(APARELHO DE SOM)C/2 CAIXAS ACUSTICA SISTEMAESREREOFONICO_APARELHODESOM_C__2CAIXASACUSTICAAIWA AIWA CXNV900LH
EXTINTOR DE INCENDIO DE C02 6KG EXTINTORDEINCENDIODEC026KGYANES YANES 
IMPRESSORA JATO DE TINTA COLORIDA IMPRESSORAJATODETINTACOLORIDAHP HP 692
ESTABILIZADOR MICRO TS 1000 PLUS 1KVA 220/110V ESTABILIZADORMICROTS1000PLUS1KVA220__110VMICRO MICRO PLUS
AR CONDICIONADO DE 10.500 BTUS COMPRESSOR ALTENATIVO ARCONDICIONADODE10_500BTUSCOMPRESSORALTENATIVOSPRINGER SPRINGER INNOVARRE
FAX C/TELEFONE ACOPLADO C/DISPLAY DE CRISTAL LIQUIDO FAXC__TELEFONEACOPLADOC__DISPLAYDECRISTALLIQUIDOBROTHER BROTHER 625
"FAX C/TELEFONE ACOPLADO, DISPLAY DE CRISTAL LIQUIDO FAXC__TELEFONEACOPLADO DISPLAYDECRISTALLIQUIDOBROTHER BROTHER 625"
SITUACAO JURIDICA DO ESTRANGEIRO 5 EDICAO 1997 SITUACAOJURIDICADOESTRANGEIRO5EDICAO1997IMPRENSANACIONAL IMPRENSA NACIONAL LIVRO
BARRILETE PARA AGUA DESTILADA CAP. 10 L BARRILETEPARAAGUADESTILADACAP_10LPERMUTION PERMUTION 
DETECTOR DE VAPOR EXPLOSIVO DETECTORDEVAPOREXPLOSIVOXXXXX XXXXX GVD6
CID - CLASSIFICACAO INTERNACIONAL DAS DOENºAS CID-CLASSIFICACAOINTERNACIONALDASDOENASEDITORASAGRA-DCLUZZATTO EDITORA SAGRA-DC LUZZATTO LIVRO MEDICO
COD. DE ORGANIZACAO DIV. JURID. EST. DE ALAGOAS COD_DEORGANIZACAODIV_JURID_EST_DEALAGOASAUT_ANTONIOM_LIRA AUT. ANTONIO M. LIRA EDIT. T. J. ALAGOAS
REGIMENTO INTERNO TRIB. EST. DE ALAGOAS REGIMENTOINTERNOTRIB_EST_DEALAGOASAUT_ANTIOGENES_LIRA AUT. ANTIOGENES. LIRA EDIT. T. J. ALAGOAS
CONSTITUICAO DO ESTADO DE ALAGOAS CONSTITUICAODOESTADODEALAGOASAUT_ANTIOGENES_LIRA AUT. ANTIOGENES. LIRA EDIT. T. J. ALAGOAS
LEI ORGANICA NACIONAL MINISTERIO PUBLICO LEIORGANICANACIONALMINISTERIOPUBLICOAUT_JUAREZDEOLIVEIRA AUT. JUAREZ DE OLIVEIRA EDIT. SARAIVA
CODIGO DE TRANSITO BRASILEIRO CODIGODETRANSITOBRASILEIROAUT_EMILIOSABATOVSKI AUT. EMILIO SABATOVSKI EDIT. JURUA
O NOVO PORTE DE ARMA ONOVOPORTEDEARMAAUT_RENILDODOC_TEIXEIRA AUT. RENILDO DO C. TEIXEIRA EDIT. MIZUMO
LEI ORGANICA DA MAGISTRATURA LEIORGANICADAMAGISTRATURAAUT_JAIRLOTVIEIRA AUT. JAIR LOT VIEIRA EDIT. EDIPRO
CODIGO DO CONSUMIDOR INTERPRETADO CODIGODOCONSUMIDORINTERPRETADOAUT_JOAQUIMDEA_BAPTISTA AUT. JOAQUIM DE A. BAPTISTA EDIT. IGLU
JUIZADOS ESPECIAIS DOUTRINA E PRATICA FORENSE JUIZADOSESPECIAISDOUTRINAEPRATICAFORENSEAUT_LUIZCLAUDIOSILVA AUT. LUIZ CLAUDIO SILVA EDIT. FORENSE
ESTATUTO DA CRIANCA E DO ADOLESCENTE COMENTADO ESTATUTODACRIANCAEDOADOLESCENTECOMENTADOAUT_MUNIRCURY AUT. MUNIR CURY EDIT. MALHEIROS
CODIGO PENAL ANOTADO CODIGOPENALANOTADOAUT_DAMASIODEJESUS AUT. DAMASIO DE JESUS EDIT. SARAIVA
CODIGO DE PROCESSO PENAL INTERPRETADO CODIGODEPROCESSOPENALINTERPRETADOAUT_MIRABETE AUT. MIRABETE EDIT. ATLAS
CRIMES HEDIDNDOS CRIMESHEDIDNDOSAUT_JOAOJOSELEAL AUT. JOAO JOSE LEAL EDIT. ATLAS
PRISAO PROVISORIA PRISAOPROVISORIAAUT_DAVIDALVESMOREIRA AUT. DAVID ALVES MOREIRA EDIT. BRASILIA JURIDICA
TODO MUNDO TEM DUVIDAS INCLUSIVE VOCE TODOMUNDOTEMDUVIDASINCLUSIVEVOCEAUT_EDSONDEOLIVEIRA AUT. EDSON DE OLIVEIRA EDIT. SAGRALUZZATO
MANDADO DE SEGURANCA ACAO POPULAR MANDADODESEGURANCAACAOPOPULARAUT_HELYLOPESMEIRELLES AUT. HELY LOPES MEIRELLES EDIT. MALHEIROS
PRATICA PENAIS HABEAS CORPUS PRATICAPENAISHABEASCORPUSAUT_VICENTEAMENDOLANETO AUT. VICENTE AMENDOLA NETO EDIT. JULEX
NOVAS QUESTOES CRIMINAIS NOVASQUESTOESCRIMINAISAUT_DAMASIODEJESUS AUT. DAMASIO DE JESUS EDIT. SARAIVA
DIREITO INTERNACIONAL PRIVADO DIREITOINTERNACIONALPRIVADOAUT_JACOBDOLINGER AUT. JACOB DOLINGER EDIT. RENOVAR
DIREITO INTERNACIONAL PUBLICO DIREITOINTERNACIONALPUBLICOAUT_J_F_REZER AUT. J. F. REZER EDIT. SARAIVA
MANDADO DE SEGURANCA CRIMINAL MANDADODESEGURANCACRIMINALAUT_EDUARDOAPPIO AUT. EDUARDO APPIO EDIT. LIV. ADVOGADO
TELEFONE NA COR GELO TELEFONENACORGELOSIEMENS SIEMENS E-411 MS GELO
DIREITOS HUMANOS DECLARACOES DE DIREITOS E GARANTIAS DIREITOSHUMANOSDECLARACOESDEDIREITOSEGARANTIASDIM DIM LIVRO TECNICO
SUBMETRALHADORA HK MP5 9MM SUBMETRALHADORA MP5A5 C__CORONHARETRATIL BANDOLEIRA CARRHK HK MP5 A5
CAIXA DE FERRAMENTA (MALETA COM 100 PE$AS) CAIXADEFERRAMENTA_MALETACOM100PE AS_TOPTOOL TOP TOOL 
CAIXA DE FERRAMENTA (MALETA COM 100 PE$AS CAIXADEFERRAMENTA_MALETACOM100PE ASTOPTOOL TOP TOOL 
MACACO HIDRAULICO MACACOHIDRAULICOTOPSOURIE TOP SOURIE 
IMPRESSORA HP DESKJET 692 C 600DPI 5PPM IMPRESSORAHPDESKJET692C600DPI5PPM__ .. ..
CALCULADORA ELETRONICA RONY 12 DIGITAL VISOR IMPRESSOR CALCULADORAELETRONICARONY12DIGITALVISORIMPRESSORCHARP CHARP EL2630L
MINI GRAVADOR DE BOLSO COM ATIVACAO MANUAL E ATRAVES DA VOZ MINIGRAVADORDEBOLSOCOMATIVACAOMANUALEATRAVESDAVOZPANASONIC PANASONIC RN302
ESCANNER DE MESA TCE S430 ESCANNERDEMESATCES430__ .. ..
RADIO PIONEER ELETRONIC P/CARRO C/CD RADIOPIONEERELETRONICP__CARROC__CDPIONEER PIONEER DEH-536 HIGH POWER 40WX4
FAX PANASONIC FAXPANASONICPANASONIC PANASONIC KX F780LA
APARELHO DE SOM AIWA C/2 CAIXA AIWA NO APARELHODESOMAIWAC__2CAIXAAIWANOAIWA AIWA CX ZM
APARELHO TOCA FITA P/CARR0 APARELHOTOCAFITAP__CARR0ROADSTAR ROADSTAR 980HQL
APARELHO TOCA FITA P/CARR0 APARELHOTOCAFITAP__CARR0ROADSTAR ROADSTAR RS695
APARELHO TOCA FITA P/CARR0 APARELHOTOCAFITAP__CARR0PIONEER PIONEER KEH P3650
APARELHO DE SOM SAMSUNG COM CD E CONTROLE REMOTO C/2 CAIXAS APARELHODESOMSAMSUNGCOMCDECONTROLEREMOTOC__2CAIXASSAMSUNG SAMSUNG SCM 6550
COMPARADOR OTICO FORNENSE PARA IMPRESSOES DIGITAIS COMPARADOROTICOFORNENSEPARAIMPRESSOESDIGITAISSIRCHIE SIRCHIE FX 08
KIT DE VAPORIZ PARA REVEL. DE IMPRESSOES PAPILARES EMLABORAT KITDEVAPORIZPARAREVEL_DEIMPRESSOESPAPILARESEMLABORATSIRCHIE SIRCHIE 213C
KIT P/PERICIA PAPILOSCOPICA EM LOCAL DE CRIME KITP__PERICIAPAPILOSCOPICAEMLOCALDECRIMESANSONITE SANSONITE MALETA
KIT DE REVELACAO DE CIANOCRILATO EM LABORATORIO EM ACRILICO KITDEREVELACAODECIANOCRILATOEMLABORATORIOEMACRILICOSIRCHIE SIRCHIE FR100
KIT PORTATIL DE REVEL. DE CIANOCRILATO USO LOCAL DE CRIME KITPORTATILDEREVEL_DECIANOCRILATOUSOLOCALDECRIMESIRCHIE SIRCHIE CNA900
MESA PARA MICROCOMPUTADOR MESAPARAMICROCOMPUTADORL1__15__P68__A74 L1/15/P68/A74 TE 1002
GAVETEIRO VOLANTE L 43/067/A49 ESTRUTURA EM ACO TUBULARUGI GAVETEIROVOLANTEL43__067__A49ESTRUTURAEMACOTUBULARUGIARVOPLAC ARVOPLAC EPOXI-PO
MICROSCOPIO ESTERIO TRINOCULAR TE 1 L C/ZOOM C/ADAP. VAMERA MICROSCOPIOESTERIOTRINOCULARTE1LC__ZOOMC__ADAP_VAMERATAIMIN TAIMIN ..
CAMERA SHC 410 480 LINHAS DIGITAL MONITORIZACAO P/ANALISE CAMERASHC410480LINHASDIGITALMONITORIZACAOP__ANALISESANSUNG SANSUNG SDC 413NAD
"TRANSCEPTOR MOVEL DE VHF/FM, C/KIT SUPORTE, CABOS E MICROF. TRANSCEPTORMOVELDEVHF__FM C__KITSUPORTE CABOSEMICROF_MOTOROLA MOTOROLA GM 300"
DUPLEXADOR COM 06 CAVIDADES MINI DVM6 (130-174 MH7) DUPLEXADORCOM06CAVIDADESMINIDVM6_130-174MH7_____ .... .....
CONTROLADORA DE REPETIDORA BASICA RICK CONTROLADORADEREPETIDORABASICARICK____ .... .....
MAQUINA FOTOCOPIADORA C/AMPLIAºAO E REDUºAO C/ESTABILIZADOR MAQUINAFOTOCOPIADORAC__AMPLIAAOEREDUAOC__ESTABILIZADORMINOLTA MINOLTA EP 1031
MAQUINA FOTOCOPIADORA C/AMPLIAºAO E REDUºAO C/ESTABILIZADOR MAQUINAFOTOCOPIADORAC__AMPLIAAOEREDUAOC__ESTABILIZADORMINOLTA MINOLTA EP1031
BALANCA ELETRONICA DIGITAL CAPACIDADE 30 KG DIVISOES DE 5G BALANCAELETRONICADIGITALCAPACIDADE30KGDIVISOESDE5GFILIZOLA FILIZOLA MF 30/3
APARELHO DE SOM 1200W C/PAR DE CAIXA ACUSTICA MOD.SXFNV-800 APARELHODESOM1200WC__PARDECAIXAACUSTICAMOD_SXFNV-800AIWA AIWA CXN815H
APARELHO DE SOM C/PAR DE CAIXA ACUSTICA MOD.SXNV300 APARELHODESOMC__PARDECAIXAACUSTICAMOD_SXNV300AIWA AIWA CXNV300HR
APARELHO DE SOM 1200W C/PAR DE CAIXA ACUSTICA MOD.SXFNV-800 APARELHODESOM1200WC__PARDECAIXAACUSTICAMOD_SXFNV-800AIWA AIWA CXN800H
RADIO TOCA CD P/AUTO RADIOTOCACDP__AUTOPIONEER PIONEER DEH-546
MAQUINA FOTOCOPIADORA C/GABINETE MAQUINAFOTOCOPIADORAC__GABINETEMINOLTA MINOLTA EP 2010
"BALANºA OHAUS TOLEDO, CAPACIDADE DE 02 KG P/0,01GR BALANAOHAUSTOLEDO CAPACIDADEDE02KGP__0 01GROHAUSTOLEDO OHAUS TOLEDO TS 2 K"
HUB 16 PORTAS HUB16PORTASENCORE ENCORE ESH 77
ESTABILIZADOR FORCE LINE OFFICE 01 KVA ESTABILIZADORFORCELINEOFFICE01KVAOFFICE OFFICE FORCE LINE
GUINCHO DE TONELADA GUINCHODETONELADA___  
"IMPRESSORA JATO DE TINTA, DESKJET IMPRESSORAJATODETINTA DESKJETHP HP 895"
"ARMARIO ALTO FECHADO COM 2 PORTAS, CHAVE,COR OVO ARMARIOALTOFECHADOCOM2PORTAS CHAVE COROVOINFORLINE INFORLINE I-418"
IMPRESSORA JATO DE TINTA IMPRESSORAJATODETINTAHP HP 692C
"POLTRONA GIRATORIA PARA DIRETOR, COR PRETO POLTRONAGIRATORIAPARADIRETOR CORPRETOBELO BELO 7002"
NO-BREAK RAGTECH 500 VA NO-BREAKRAGTECH500VARAGTECH RAGTECH 
CAMARA DIGITAL SONY MAVICA MVC 73 CAMARADIGITALSONYMAVICAMVC73SONY SONY MVC 73
"PENTIUM II 350 MHZ, HD 43GB CD 40X 64RAM, MONITOR 15P,TECLAD PENTIUMII350MHZ HD43GBCD40X64RAM MONITOR15P TECLADFRONTECH FRONTECH TORRE"
APARELHO DE VIDEO CASSETE 04 CABEºAS APARELHODEVIDEOCASSETE04CABEASPANASONIC PANASONIC NVSD445BR
POLITRIZ PROF. BOSCH 3250.1 POLITRIZPROF_BOSCH3250_1BOSCH BOSCH 3250.1
MAQUINA DE SOLDA ESAB SUPER BANTAN 250A MAQUINADESOLDAESABSUPERBANTAN250AESAB ESAB 250A
ESMERILHADEIRA IND. BOSCH 1347 ESMERILHADEIRAIND_BOSCH1347BOSCH BOSCH 1347
PRENSA DE 15 TON PRENSADE15TONSKAY SKAY ....
NO BREAK RAGTECH 500VA ELITE NOBREAKRAGTECH500VAELITEELITE ELITE .....
PISTOLA TAURUS 9MM PISTOLASEMI-AUTOM_02CARREG_BIFILARP__17CARTUCHO PT917CATAURUS TAURUS PT 917
SUBMETRALHADORA HK MP5 9MM SUBMETRALHADORA MP5A5 C__CORON_RETRATIL 02CARREG_BANDOLEIRAHK HK MP5 A5
EQUIPAMENTO PARA MONITORAMENTO DE TELEFONE CONVENCIONAL PRET EQUIPAMENTOPARAMONITORAMENTODETELEFONECONVENCIONALPRET______ ...... ....
EQUIPAMENTO PARA MONITORAMENTO DE TELEFONE CELULAR COR PRETO EQUIPAMENTOPARAMONITORAMENTODETELEFONECELULARCORPRETO______ ...... ....
APARELHO TELEFONICO NA COR GRAFIT APARELHOTELEFONICONACORGRAFITFONECOM FONECOM ....
APARELHO TELEFONICO NA COR MARFIM APARELHOTELEFONICONACORMARFIMFONECOM FONECOM ....
COMANDO DE ACIONAMENTO DE CELULAR COMANDODEACIONAMENTODECELULARMODULORXCEL MODULO RXCEL ....
LAVADOR AUTOMATICO DE PEPITAS LAVADORAUTOMATICODEPEPITASPERMUTION PERMUTION ..
COMPRESSOR ASPIRADOR DE AR COMPRESSORASPIRADORDEARFANEN FANEN ..
PLACA AQUECEDORA RETANGULAR PLACAAQUECEDORARETANGULAR___  186
AGITADOR MAGNETICO C/AQUECIMENTO AGITADORMAGNETICOC__AQUECIMENTOFANEN FANEN 258
AGITADOR DE TUBOS AGITADORDETUBOS__ .. 251
FORNO NUFLA ELETRONICO FORNONUFLAELETRONICOFANEN FANEN 423
"TELEVISAO 34"" CONTROLE REMOTO,110/220 STEREO,2 CAIXA ACUSTIC TELEVISAO34_CONTROLEREMOTO 110__220STEREO 2CAIXAACUSTICGRADIENTE GRADIENTE "
"VIDEO CASSETE HI-FI STEREO, 6 CABECA,110/220 VOLTS VIDEOCASSETEHI-FISTEREO 6CABECA 110__220VOLTSPHILIPS PHILIPS "
VIDEO CASSETE HI-FI STEREO 10/220 VOLTS VIDEOCASSETEHI-FISTEREO 110__220VOLTS TOSHIBA 
RETROPROJETOR DE IMAGENS RETROPROJETORDEIMAGENSIEC IEC 
"CONJUNTO COMPLETO DE SOLDA, PORTATIL C/2 GARRAFOES CONJUNTOCOMPLETODESOLDA PORTATILC__2GARRAFOES____ .... ...."
"MAQUINA DE LAVAR CARRO COMPLETA, MOTOR 2 HP MAQUINADELAVARCARROCOMPLETA MOTOR2HP____ .... ...."
NO-BREAK RAGTECH MICR 650 VA BL/115 NO-BREAKRAGTECHMICR650VABL__115_____ ..... ....
SCANNERS TCE S 540-S5 SCANNERSTCES540-S5TCE TCE 540
"MICRO PENTIUM III 700 MHZ, C/MONITOR PHILIPS 15"" MICROPENTIUMIII700MHZ C__MONITORPHILIPS15_FRONTECH FRONTECH ...."
MAQUINA FOTOCOPIADORA DIGITAL E IMPRESSORA MAQUINAFOTOCOPIADORADIGITALEIMPRESSORAMINOLTA MINOLTA DI 151
IMPRESSORA JATO DEB TINTA IMPRESSORAJATODEBTINTAHP HP DISKJET 950C
IMPRESSORA MATRICIAL 136 COLUNAS IMPRESSORAMATRICIAL136COLUNASEPSON EPSON FX 2180
"PENTIUM III 650,64MB,SDRAM,CDROM 52X,MUTIMIDIA,MONITOR 15`` PENTIUMIII650 64MB SDRAM CDROM52X MUTIMIDIA MONITOR15``TARTUNG` TARTUNG` ADX 4365AL13004"
"PENTIUM III 650,64MB,SDRAM,CDROM 52X,MUTIMIDIA,MONITOR 15`` PENTIUMIII650 64MB SDRAM CDROM52X MUTIMIDIA MONITOR15`` SEM MARCA ADX 4365AL13004"
PROJETOR MULTIMIDIA DIGITAL PROJETORMULTIMIDIADIGITALEPSON EPSON POWERLITE 500C
ELEVADOR COMPLETO P/VEICULOS LEVES E SEMI PESADOS CAP.2.500K ELEVADORCOMPLETOP__VEICULOSLEVESESEMIPESADOSCAP_2_500K___  ....
GM - CHEVROLET S10 MOD_2000 DIESEL PRATAESCUNA 2_8D4X4CHEVROLET GM - CHEVROLET S-10
"624,16M2 DE PERCIANA,HORIZONTAL,EM ALUMINIO, ESP.175MM, 624 16M2DEPERCIANA HORIZONTAL EMALUMINIO ESP_175MM POSTODE5MMELAMINA25MM POSTO DE 5MM E LAMINA 25MM "
GM - CHEVROLET VECTRA SEDAN MOD_2000 GASOLINA_AZULDARSENA GLSEDAN 4PORTASCHEVROLET GM - CHEVROLET VECTRA
SWITCH 24 PORTAS - HUB SWITCH24PORTAS-HUBALCATEL ALCATEL 05-6024M
SWITCH 24 PORTAS- HUB SWITCH24PORTAS-HUBALCATEL ALCATEL 0005-6024M
"MICROCOMPUTADOR PENTIUM III 650,64MBSDRAM,CDROM 50,MON.15"" MICROCOMPUTADORPENTIUMIII650 64MBSDRAM CDROM50 MON_15_ITAUTEC ITAUTEC DOCUPRINT 4512"
APARELHO GPS APARELHOGPSGARMINS GARMINS GPS12
APARELHOAS GPS APARELHOASGPSGARMINS GARMINS GPS12
CALCULADORA ELETRONICA DE MESA C/12 DIGITOS VISOR IMPRESSOR CALCULADORAELETRONICADEMESAC__12DIGITOSVISORIMPRESSORTCE TCE C 430
FIAT PALIO MODELO2001 GASOLINA CINZAVINCI HATCH 4PORTASFIAT FIAT PALIO
"MESA TRIANGULAR,MED.1,35MX1,20MX1,40 DE MADEIRA,MARFIM CLARO MESATRIANGULAR MED_1 35MX1 20MX1 40DEMADEIRA MARFIMCLAROFLORENSE FLORENSE "
"MESA TRIANGULAR,MED1,35MX1,20MX1,40,MADEIRA,MARFIM CLARO MESATRIANGULAR MED1 35MX1 20MX1 40 MADEIRA MARFIMCLAROFLORENSE FLORENSE "
"MESA RETANGULAR P/UMA PESSOA MED.1,35X75M,1,40X80 MARFIM CLA MESARETANGULARP__UMAPESSOAMED_1 35X75M 1 40X80MARFIMCLAFLORENSE FLORENSE "
"TRIANGULAR C/UM DOS LADOS ALONGADOS MED,1,55X1,20X1,60X1,25 TRIANGULARC__UMDOSLADOSALONGADOSMED 1 55X1 20X1 60X1 25FLORENSE FLORENSE MESA"
"MESA DE TRABALHO EM L MED.1,55X80,160X80, MARFIM CLARO MESADETRABALHOEMLMED_1 55X80 160X80 MARFIMCLAROFLORENSE FLORENSE "
"ESTACOES DE TRABALHO TRINGULAR P/DUAS PESSOAS, MARFIM CLARO ESTACOESDETRABALHOTRINGULARP__DUASPESSOAS MARFIMCLAROFLORENSE FLORENSE "
ESTAOES DE TRABALHO RETANGULAR P/DUAS PESSOAS MARFIM CLARO ESTAOESDETRABALHORETANGULARP__DUASPESSOASMARFIMCLAROFLORENSE FLORENSE CHIARO
"MESA EM L MED. 2.30MX80,2.35X80M,APOIO L,C/2 GAVETAS MARFIM MESAEMLMED_2_30MX80 2_35X80M APOIOL C__2GAVETASMARFIMFLORENSE FLORENSE CHIARO"
"MESA DE REUNIAO OVAL P/SEIS PESSOAS, MARFIM CLARO MESADEREUNIAOOVALP__SEISPESSOAS MARFIMCLAROFLORENSE FLORENSE CHIARO"
"MESA P/REUNIAO RETANGULAR P/12 PESSOAS, MARFIM CLARO MESAP__REUNIAORETANGULARP__12PESSOAS MARFIMCLAROFLORENSE FLORENSE CHIARO"
"MESA DE ESTUDO RETANGULAR MED,2,40X80 E 2.60X1.00,MARFIM CLA MESADEESTUDORETANGULARMED 2 40X80E2_60X1_00 MARFIMCLAFLORENSE FLORENSE CHIARO"
"MESA DE COMPUTADOR P/TREINAMENTO C/TAMPO DUPLO,MARFIM CLARO MESADECOMPUTADORP__TREINAMENTOC__TAMPODUPLO MARFIMCLAROFLORENSE FLORENSE CHIARO"
"TAMPO DE MESA MED.1,40X60,1,50X70 CONDUTORES DE FIO E CABO TAMPODEMESAMED_1 40X60 1 50X70CONDUTORESDEFIOECABOFLORENSE FLORENSE LEGNO"
"TAMPO DE MESA MED.2,50X80M C/GAVETEIRO VOLANTE, MARFIM CLARO TAMPODEMESAMED_2 50X80MC__GAVETEIROVOLANTE MARFIMCLAROFLORENSE FLORENSE LEGNO"
"TAMPO DE MESA L MED.2,50X80M,1,35X60 C/GAVETEIRO,MARFIM CLAR TAMPODEMESALMED_2 50X80M 1 35X60C__GAVETEIRO MARFIMCLARFLORENSE FLORENSE LINGNO"
"TAMPO COMPLEMENTAR MED. 1,70X70,1,74X70, MARFIM CLARO TAMPOCOMPLEMENTARMED_1 70X70 1 74X70 MARFIMCLAROFLORENSE FLORENSE LIN.PRO"
"TAMPO DE MESA MED. 4.00X70,4.30X0,70, MARFIM CLARO TAMPODEMESAMED_4_00X70 4_30X0 70 MARFIMCLAROLIN_PRO LIN.PRO "
"TAMPO CONTINUO MED.3,00X60M,4.00X60,1.50MX80 MARFIM CLARO TAMPOCONTINUOMED_3 00X60M 4_00X60 1_50MX80MARFIMCLAROFLORENSE FLORENSE LIN.PRO"
"TAMPO EM L MED.2,80MX70M,TAMPO MAIOR 5.1MX60 P/2 TECLADO TAMPOEMLMED_2 80MX70M TAMPOMAIOR5_1MX60P__2TECLADOFLORENSE FLORENSE LIN.PRO"
"MESA EM L TIPO EXECUTIVO MED.1,83MX91M APOIO L 1,60X72 MESAEMLTIPOEXECUTIVOMED_1 83MX91MAPOIOL1 60X72FLORENSE FLORENSE LIN.FW"
"ARMARIO PRESIDENCIA,BAIXO FECHADO C/PRATELEIRA, ARMARIOPRESIDENCIA BAIXOFECHADOC__PRATELEIRA FLORENSE FLORENSE LIN.FW"
"ARMARIO PRESIDENCIA, BAIXO FECHADO C/GAVETAS ARMARIOPRESIDENCIA BAIXOFECHADOC__GAVETASFLORENSE FLORENSE LIN.FW"
"ARMARIO PRESIDENCIA, ALTO, ABERTO C/PRATELEIRAS ARMARIOPRESIDENCIA ALTO ABERTOC__PRATELEIRASFLORENSE FLORENSE LIN-FW"
ESTAAO DE TRABALHO TRIANGULAR P/ 4 PESSOAS ESTAAODETRABALHOTRIANGULARP__4PESSOASFLORENSE FLORENSE CHIARO
ESTAAO DE TRABALHO TRIANGULAR  ESTAAODETRABALHOTRIANGULARFLORENSE FLORENSE CHIARO
"ESTOFADO DE DOIS LUGARES, C/CANTONEIRAS DE MADEIRA ESTOFADODEDOISLUGARES C__CANTONEIRASDEMADEIRAFLORENSE FLORENSE LIN7000"
MICROGRAVADORTES C/ SIS. DE GRAV.02 TRILHAS 1 CANAL MONO MICROGRAVADORTESC__SIS_DEGRAV_02TRILHAS1CANALMONOMICROCASSETERECORDERGE MICROCASSETE RECORDER GE 3-53795
"ARMARIO ALTO ABERTO C/4 PRATELEIRAS,MED.98X1,05 E 1,50X1,60 ARMARIOALTOABERTOC__4PRATELEIRAS MED_98X1 05E1 50X1 60GIROFLEX GIROFLEX K1AR0805"
"ARMARIO ALTO FECHADO C/4 PRATELEIRA,MED.78X85 E 1.50X1,60 ARMARIOALTOFECHADOC__4PRATELEIRA MED_78X85E1_50X1 60GIROFLEX GIROFLEX K1AR0805"
ARMARIO BAIXO FECHADO C/1 PRATELEIRA MED.78X85 E 70X75 ARMARIOBAIXOFECHADOC__1PRATELEIRAMED_78X85E70X75GIROFLEX GIROFLEX K1AR08061
"ARMARIO BAIXO FECHADO C/GAVETAS, MED.78 X 85 E 70 X 75M ARMARIOBAIXOFECHADOC__GAVETAS MED_78X85E70X75M____ .... ...."
ARMARIO BAIXO TIPO ARQUIVO P/PASTA SUSPENSA MED.78X85 E 70X7 ARMARIOBAIXOTIPOARQUIVOP__PASTASUSPENSAMED_78X85E70X7GIROFLEX GIROFLEX ....
ARMARIO BAIXO FECHADO C/UMA PRATELERA ARMARIOBAIXOFECHADOC__UMAPRATELERAGIROFLEX GIROFLEX ....
GAVETEIRO VOLANTE GAVETEIROVOLANTEGIROFLEX GIROFLEX 
COLETE BALISTICO NIVEL 3A-PEQUENO COLETEBALISTICONIVEL3A-PEQUENOTAURUS TAURUS GOLDFLEX
COLETE BALISTICO NIVEL 3A-MEDIO COLETEBALISTICONIVEL3A-MEDIOTAURUS TAURUS GOLDFLEX
COLETE BALISTICO NIVEL 3A-GRNDE COLETEBALISTICONIVEL3A-GRNDETAURUS TAURUS GOLDFLEX
"APARELHO DE SOM, COM CD APARELHODESOM COMCDAIWA AIWA "
APARELHO CELULAR NOKIA APARELHOCELULARNOKIANOKIA NOKIA 8260
APARELHO TRANSCEPTOR DE FAX-SIMILE APARELHOTRANSCEPTORDEFAX-SIMILEBROTHER BROTHER 625
APARELHO DE FAC-SIMILE APARELHODEFAC-SIMILEOLIVETTI OLIVETTI OFX 500
"FUZIL DE ASSALTO BUSHMASTER AR15/XM-15 5,56MM CARABINASEMI-AUTOMATICA 02CARREEG KITLIMP CORONTELESCOPICBUSHMASTER BUSHMASTER XM-15"
"ESTOFADO DE TRES LUGARES 1,78M, COR CINZA ESTOFADODETRESLUGARES1 78M CORCINZA___  ...."
"ESTOFADO DE DOIS LUGARES, COR CINZA ESTOFADODEDOISLUGARES CORCINZA___  "
ESTOFADO DE DOIS LUGARES ESTOFADODEDOISLUGARES___  
"MESA CENTRO 85M X 1,29M X 19M MESACENTRO85MX1 29MX19M___  "
MESINHA LATERAL 50M DE DIAMENTRO X 45M DE ALTURA MESINHALATERAL50MDEDIAMENTROX45MDEALTURA___  ....
MESA LATERAL MARFIM 50M DE DIAMETRO X 45 DE ALTURA MESALATERALMARFIM50MDEDIAMENTROX45MDEALTURA___  ....
"POLTRONA ESPALDAR MEDIO C/BRACO, TIPO EXECUTIVA POLTRONAESPALDARMEDIOC__BRACO TIPOEXECUTIVA SEM MARCA "
"POLTRONA ESPALDAR ALTO C/BRAO,TIPO EXECUTIVA, REVEST. PRETO POLTRONAESPALDARALTOC__BRAO TIPOEXECUTIVA REVEST_PRETO___  "
"POLTRONA VISITANTE SPALDAR MEDIO,TIPO EXECUTIVO,RESVEST.PRET POLTRONAVISITANTESPALDARMEDIO TIPOEXECUTIVO RESVEST_PRET SEM MARCA "
"MESA C/BASE DE FERRO FUNDIDO, NA COR MARFIM MESAC__BASEDEFERROFUNDIDO NACORMARFIM SEM MARCA "
"CADEIRA EMPILHAVEL C/SCCOCA, ASSENTO E ENCOSTO POLIPROPILENO CADEIRAEMPILHAVELC__SCCOCA ASSENTOEENCOSTOPOLIPROPILENO SEM MARCA AZUL"
"CADEIRA EMPILHAVEL C/SCCOCA, ASSENTO E ENCOSTO POLIPROPILENO CADEIRAEMPILHAVELC__SCCOCA ASSENTOEENCOSTOPOLIPROPILENO SEM MARCA AMARELA"
"CADEIRA EMPILHAVEL C/SCCOCA, ASSENTO E ENCOSTO POLIPROPILENO CADEIRAEMPILHAVELC__SCCOCA ASSENTOEENCOSTOPOLIPROPILENO SEM MARCA VERDE"
"CADEIRA EMPILHAVEL C/SCCOCA, ASSENTO E ENCOSTO POLIPROPILENO CADEIRAEMPILHAVELC__SCCOCA ASSENTOEENCOSTOPOLIPROPILENO SEM MARCA LARANJA"
TESTA NOTA TESTANOTA___  PLUS
"FAX, MEMORIA DE NO MINIMO 20 MINUTOS,ALIMENTADOR AUTOMATICO FAX MEMORIADENOMINIMO20MINUTOS ALIMENTADORAUTOMATICOPANASONIC PANASONIC 153 BR"
HONDA XLR 125 ES MOTOCICLETAXLR125COMBUSTIVELGASOLINACORVERMELHAHONDA HONDA MOTOCICLETA
HONDA CG 125 TITAN-KSE MOTOCICLETACG125COMBUSTIVELGASOLINACORAZULHONDA HONDA MOTOCICLETA
FRAGMENTADOR DE PAPEL 110/220 ATE 5 FOLHAS FRAGMENTADORDEPAPEL110__220ATE5FOLHASOLIVETT OLIVETT 
"MICROCOMPUTADOR PENTIUM III, 750 MHZ C/MONITOR(SANSUNG) MICROCOMPUTADORPENTIUMIII 750MHZC__MONITOR_SANSUNG_INFORBENTE INFOR BENTE TORRE"
"MONITOR DE CRISTAL LIQUIDO COLORIDO 15"" MONITORDECRISTALLIQUIDOCOLORIDO15_PHILIPS PHILIPS "
"MONITOR COLORIDO TELA PLANA 19 "" SVGA MONITORCOLORIDOTELAPLANA19_SVGAPHILIPS PHILIPS "
"MONITOR COLORIDO TELA PLANA 19"" SVGA MONITORCOLORIDOTELAPLANA19_SVGAPHILIPS PHILIPS "
"IMPRESSORA JATO DE TINTA HP 950, IMPRESSORAJATODETINTAHP950 HP HP "
"NOTEBOOK CELERON 600 MHZ, HP, 4.8 GB, 64 MB RAM C/MALETA NOTEBOOKCELERON600MHZ HP 4_8GB 64MBRAMC__MALETACOMPAQ COMPAQ "
ESTOFADO DE DOIS LUGARES BASE EM MADEIRA DE 15MM ESTOFADODEDOISLUGARESBASEEMMADEIRADE15MM SEM MARCA 
"MESA DE TRABALHO EM L TAMPO MED. 1.60MX80M, CURVO 80X60M MESADETRABALHOEMLTAMPOMED_1_60MX80M CURVO80X60MGIROFLEX GIROFLEX "
O DINHEIRO BRASILEIRO ODINHEIROBRASILEIROEDITORADOSENADO EDITORA DO SENADO 
APARELHO DE NEBULIZAAO 1100 APARELHODENEBULIZAAO1100INALASONIC INALASONIC INALASONIC
APARELHO TELEFONE CELULAR COM BATERIA E CARREGADOR APARELHOTELEFONECELULARCOMBATERIAECARREGADORNOKIA NOKIA 1221
APARELHO TELEFONE CELULAR COM BATERIA E CARREGADOR APARELHOTELEFONECELULARCOMBATERIAECARREGADORNOKIA NOKIA 8260
APARELHO TELEFONE CELULAR COM BATERIA APARELHOTELEFONECELULARCOMBATERIANOKIA NOKIA 8260
APARELHO TELEFONE CELULAR COM BATERIA APARELHOTELEFONECELULARCOMBATERIAGRADIENTE GRADIENTE TD 100
APERLHO APOLO DE GINASTICA (MECANOTERAPIA) APERLHOAPOLODEGINASTICA_MECANOTERAPIA_ATHLETIC ATHLETIC 2001 AVANT
EQUIPAMENTO DE MECANOTERAPIA ABDOMINAL   ) EQUIPAMENTODEMECANOTERAPIAABDOMINAL_ATHLETIC ATHLETIC ABSLIMMER M2
EQUIPAMENTO DE MECANOTERAPIA ABDOMINAL COM COLCHONETE EQUIPAMENTODEMECANOTERAPIAABDOMINALCOMCOLCHONETEATHLETIC ATHLETIC ABSLIMMER M2
ESTEIRA ROLANTE ELETRICA 200V ESTEIRAROLANTEELETRICA200VADVANCEND ADVANCEND 
BICICLETA ERGOMETRICA TECNOMAGNETRON BICICLETAERGOMETRICATECNOMAGNETROND D 
"POLTRONA GIRATORIA S/BRACO, METAL LINEAR POLTRONAGIRATORIAS__BRACO METALLINEAR SEM MARCA 65170"
"POLTRONA FIXA S/BRACO, METAL LINE, COR AZUL POLTRONAFIXAS__BRACO METALLINE CORAZUL SEM MARCA 65137"
"POLTRONA GIRATORIA C/BRACO, METAL LINEA POLTRONAGIRATORIAC__BRACO METALLINEA SEM MARCA 65161"
"POLTRONA FIXA S/BRACO C/03 LUGARES, COR AZUL POLTRONAFIXAS__BRACOC__03LUGARES CORAZUL SEM MARCA "
LONGARINA PES UM LUGAR C/MESA LATERAL LONGARINAPESUMLUGARC__MESALATERAL SEM MARCA 
HORODATOR II 110/220 VCA 50/60 H2 HORODATORII110__220VCA50__60H2DIMEP DIMEP 756326
PORTA GIRATORIA PORTAGIRATORIA SEM MARCA OVAL 300/800
"MESA DE REUNIAO RETANGULAR P/12 PESSOAS, C/TAMPO DE VIDRO MESADEREUNIAORETANGULARP__12PESSOAS C__TAMPODEVIDROACERBIS ACERBIS FORMAS"
"IMPRESSORA LASER MONOCROMATICA, TIPO HP LASERJET 1200 C70444 IMPRESSORALASERMONOCROMATICA TIPOHPLASERJET1200C70444HP HP 1200"
MICROCOMPUTADOR C/PROCESSADOR DE900MHZ CLOCK C/MONITOR DE 15 MICROCOMPUTADORC__PROCESSADORDE900MHZCLOCKC__MONITORDE15DURON DURON 
"MAQUINA COPIADORA EH 2030, COM ESTABILIZADOR 2.000 VA MAQUINACOPIADORAEH2030 COMESTABILIZADOR2_000VAMINOLTA MINOLTA 2030"
"2.000 MIL METROS DE DIVISORIA,REVESTIMENTO ALTO E BAIXO 2_000MILMETROSDEDIVISORIA REVESTIMENTOALTOEBAIXOMADEIRENSE MADEIRENSE "
VIDEO CASSETE VIDEOCASSETEBROKSONIK BROKSONIK 
"TELA DE PROJEAO, TRIPE P/EQUIPAMENTO DE DATASHOW 2.00X1.80 TELADEPROJEAO TRIPEP__EQUIPAMENTODEDATASHOW2_00X1_80PROJETELAS PROJETELAS "
"MOTORIZADA C/CONTROLE REMOTO, SISTEMA DE INFRA VERMELHO MOTORIZADAC__CONTROLEREMOTO SISTEMADEINFRAVERMELHOPROJETELAS PROJETELAS 2.00 X 1.80"
SUPORTE DE TV E VIDEO CASSETE SUPORTEDETVEVIDEOCASSETEMULTIVISAO MULTIVISAO PGV
APARELHO DE TV DE 29 POLEGADA C/CONTROLE REMOTO APARELHODETVDE29POLEGADAC__CONTROLEREMOTOMULTIVISAO MULTIVISAO PGV
CALCULADORA C/12 DIGITOS ELETRONICA CALCULADORAC__12DIGITOSELETRONICAOLIVETT OLIVETT SUMMA 33
"APARELHO P/GELAR AGUA MINERAL, SUPORTE GARAFAO DE 20 LITROS APARELHOP__GELARAGUAMINERAL SUPORTEGARAFAODE20LITROSBELLIERE BELLIERE "
FRIGOBAR REFRIGERADORCOMPACTO TIPOFRIGOBARCAP_120LITROSCONSUL CONSUL 
FRIGOBAR REFRIGERADORCOMPACTORTIPOFRIGOBARCAP_75LITROSCONSUL CONSUL 
APARELHO DE TV 14 POL. EM CORES C/CONTROLE REMOTO APARELHODETV14POL_EMCORESC__CONTROLEREMOTOPANASONIC PANASONIC 
APARELHO DE FAC-SIMLE COM VIVA VOZ DIGITAL APARELHODEFAC-SIMLECOMVIVAVOZDIGITALPANASONIC PANASONIC 
MONITOR SVGA 15 POLEGADAS MONITORSVGA15POLEGADASSANSUNG SANSUNG 
"GRAVADOR DE CD/RW C/VELOCIDADE DE GRAVACAO 4,C/INTERFACE USB GRAVADORDECD__RWC__VELOCIDADEDEGRAVACAO4 C__INTERFACEUSBHP HP HP-8230E"
AR CONDICIONADO SPRINGER SPLIT CAP. 9000 BTUS C/CONTRO REMOT ARCONDICIONADOSPRINGERSPLITCAP_9000BTUSC__CONTROREMOTSPRINGER SPRINGER HI WALL
MODENS EXTERNOS 56 KBPS C/SUPORTE AO PADRAO V90 MODENSEXTERNOS56KBPSC__SUPORTEAOPADRAOV90TRELIS TRELIS EXTERNO
"IMPRESSORA LASER MONOCROMATICA C/INTERFACE, PARALELA IMPRESSORALASERMONOCROMATICAC__INTERFACE PARALELALEXMARX LEXMARX OPTRA E 210"
GRAVADORA  DE CD/ DVD GRAVADORADECD__DVD SAMSUNG 
APARELHO DE VIDEO CASSETE STEREO C/CONTROLE REMOTO APARELHODEVIDEOCASSETESTEREOC__CONTROLEREMOTOPHILIPS PHILIPS HI-FI
"GRAVADORA DE CD/RW COM VELOCIDADE, GRAVAAO 12X REGRAVACAO GRAVADORADECD__RWCOMVELOCIDADE GRAVAAO12XREGRAVACAOLG LG INTERNA"
"PORTA DE VIDRO CRISTAL, INCOLOR, FERRAGEN CROMADAS,PUXADOR PORTADEVIDROCRISTAL INCOLOR FERRAGENCROMADAS PUXADOR__ .. "
BANDEIRA DE VIDRO C/AS DIMENSOES 90X35M BANDEIRADEVIDROC__ASDIMENSOES90X35M__ .. 
"BALANCA DIGITAL P/PESSAGEM, CAPACIDADE 180KG, VISOR CRISTAL BALANCADIGITALP__PESSAGEM CAPACIDADE180KG VISORCRISTALFILIZOLA FILIZOLA P1-180"
MICROCOMPUTADOR AMD1GHZ/128MB/20GB/KIT MUTIMIDIA C/MONITO 15 MICROCOMPUTADORAMD1GHZ__128MB__20GB__KITMUTIMIDIAC__MONITO15FBL_CELERON_ FBL (CELERON) DESKTOP
GM - CHEVROLET CORSA HATCH CORSAWIND1_6 HATCH4PORTAS GASOLINA CORBRANCO MOD2002CHEVROLET GM - CHEVROLET CORSA
"IMPRESSORA MATERICIAL 110/220 80 COLUNAS, IMP. 240 X 216 IMPRESSORAMATERICIAL110__22080COLUNAS IMP_240X216EPSON EPSON FX 2180 136 COLUNAS"
REVOLVER ROSSI 38 REVOLVERCALIBRE38 51MM ROSSI ROSSI 
"APARELHO TELEFONICO S/FIO ANALICO C/TECLA NO FONE, 200 METRO APARELHOTELEFONICOS__FIOANALICOC__TECLANOFONE 200METROPANASONIC PANASONIC KX-TC1409LBB"
ALGEMA DE ACO INOXIDAVEL ALGEMADEACOINOXIDAVELGERMAN GERMAN ALGEMA
CAMERA DIGITAL SONY MAVICA MVC FD75 CAMERADIGITALSONYMAVICAMVCFD75SONY SONY 
CAMERA DIGITAL SONY MAVICA MVC FD92 CAMERADIGITALSONYMAVICAMVCFD92SONY SONY 
IMPRESORA HP DESKJET 840C IMPRESORAHPDESKJET840CHP HP 
TELEFONE CELULAR C/BATERIA E 02 CARREGADOR TELEFONECELULARC__BATERIAE02CARREGADORERICSSON ERICSSON DH 618
TELEFONE CELULAR C/BATERIA E  CARREGADOR TELEFONECELULARC__BATERIAECARREGADORERICSSON ERICSSON DH 618
TELEFONE CELULAR C/BATERIA E  CARREGADOR TELEFONECELULARC__BATERIAECARREGADORERICSSON ERICSSON LX 677
TELEFONE CELULAR C/BATERIA E  CARREGADOR TELEFONECELULARC__BATERIAECARREGADORERICSSON ERICSSON DH 668
TELEFONE CELULAR S/BATERIA TELEFONECELULARS__BATERIANORKIA NORKIA 6120
TELEFONE CELULAR C/BATERIA TELEFONECELULARC__BATERIANORKIA NORKIA 5120
TELEFONE CELULAR S/BATERIA TELEFONECELULARS__BATERIANORKIA NORKIA 5125
"SERVIDOR TIPO TORRE,PROCESSADOR DE 1,0GHZ,CONTROLADORA SCSI SERVIDORTIPOTORRE PROCESSADORDE1 0GHZ CONTROLADORASCSICOMPAQ COMPAQ "
ESTABILIZADOR DE TENSAO ESTABILIZADORDETENSAOSMS SMS PROGRESSIVE
ESTABILIZADOR DE TENSAO ESTABILIZADORDETENSAO SMS 
ESTABILIZADOR DE TENSAO ESTABILIZADORDETENSAOSMS SMS 
ESTABILIZADOR DE TENSAO ESTABILIZADORDETENSAOSMS SMS SMS
ESTABILIZADOR DE TENSAO ESTABILIZADORDETENSAO SMS A
ESTABILIZADOR DE TENSAO ESTABILIZADORDETENSAOSMS SMS PROGRESIVE
ESTABILIZADOR DE TENSAO ESTABILIZADORDETENSAO       SMS 
MONITOR DE VIDEO 17 POLEGADA MONITORDEVIDEO17POLEGADASANSUNG SANSUNG SYNCMASTER
MICROCOMPUTADOR PENTIUM IV S/MONITOR MICROCOMPUTADORPENTIUMIVS__MONITORSIEMENS SIEMENS CD-ROM
MICROCOMPUTADOR PENTIUM IV S/MONITOR MICROCOMPUTADORPENTIUMIVS__MONITORSIEMENS SIEMENS DVD
IMPRESSORA MONOCROMATICA IMPRESSORAMONOCROMATICAHP HP 1200N
IMPRESSORA PORTATIL IMPRESSORAPORTATILHP HP 350 CBI
IMPRESSORA COLORIDA IMPRESSORACOLORIDAHP HP 4550N
MICROCOMPUTADOR LAPTOP MICROCOMPUTADORLAPTOPSIEMENS SIEMENS LIFEBOOK C-6637
MICROCOMPUTADOR LAPTOP MICROCOMPUTADORLAPTOP VAIO 
"GUILHOTINA METAL,TIPO ESCRITORIO,0,42CM,MANUAL,CAP.10FLS. GUILHOTINAMETAL TIPOESCRITORIO 0 42CM MANUAL CAP_10FLS_MENO MENO "
"GUILHOTINA METAL, TIPO ESCRITORIO,0,42CMCAP 10FLS,MANUAL GUILHOTINAMETAL TIPOESCRITORIO 0 42CMCAP10FLS MANUALMENO MENO "
"FORNO DE MICROONDAS EM AO INOXID VEL,VOLT220CAP.27L FORNODEMICROONDASEMAOINOXIDVEL VOLT220CAP_27LELETROLUX ELETROLUX "
"PERFURADORA PAPEL ESPIRAL,MANUAL,CAP,PERF.15FL PERFURADORAPAPELESPIRAL MANUAL CAP PERF_15FLMENO MENO "
IMPRESSORA EPSON STYLUS C62 IMPRESSORAEPSONSTYLUSC62EPSON EPSON STYLUS C62
FRIGOBAR FRIGOBARCAP_P__12LITROSALTURA84CM_CORBRANCACONSUL CONSUL 
BEBEDOURO DE AGUA DE GARRAFAO MATERIAL DE INOX BEBEDOURODEAGUADEGARRAFAOMATERIALDEINOXBELLIERE BELLIERE 
"CAFETEIRA ELETRICA , MATERIAL ACO INOXIDAVEL CAFETEIRAELETRICA MATERIALACOINOXIDAVELMARCHESONI MARCHESONI "
ESTABILIZADOR 2220V X 110V 1 KVA ESTABILIZADOR2220VX110V1KVANHZ NHZ 
ESTABILIZADOR 2220V X 110V  ESTABILIZADOR2220VX110V  
NOBREAKS COM ESTABILIZADOR E TRANSFORMADOR 220X110V PONT.650 NOBREAKSCOMESTABILIZADORETRANSFORMADOR220X110V MICROSOL 
NOBREAKS COM ESTABILIZADOR E TRANSFORMADOR 220X110V PONT.650 NOBREAKSCOMESTABILIZADORETRANSFORMADOR220X110VPONT_650MICRON MICRON 
MICRO CASSETE GRAVADOR MICROCASSETEGRAVADORSONY SONY TCM459V
GRAVADOR DE SOM GRAVADORDESOMCCE CCE DR2200V
SUBMETRALHADORA HK MP5 9MM SUBMETRALHADORA MP5KPDW C__CORON_RETRATILEACESS_COMPLETOHK HK MP5 PDW/K
APARELHO CELULAR TIMMY WAVE APARELHOCELULARTIMMYWAVEGRADIENTE GRADIENTE TD 1000
APARELHO CELULAR TIMMY WAVE APARELHOCELULARTIMMYWAVEGRADIENTE GRADIENTE TD 550
REFRIGERADOR REFRIGERADORDE240LITROS NACORBRACOELETROLUX ELETROLUX 
ESTOJO P/IDENTIFICACAO ESTRANGEIROS ESTOJOP__IDENTIFICACAOESTRANGEIROSNOVACO NOVACO CXEE
MICRO CASSETE GRAVADOR MICROCASSETEGRAVADOR SONY 
GRAVADOR DE SOM C/ACESSORIOS GRAVADORDESOMC__ACESSORIOSPOWERPACK POWERPACK DVR 880
CAPTADOR TELEFONICO VOX-3 CAPTADORTELEFONICOVOX-3VOX-3 VOX-3 
RADIO GRAVADOR P/CAP.VOX-3 RADIOGRAVADORP__CAP_VOX-3TOSHIBA TOSHIBA 
"RADIO GRAVADOR FM, ESTEREO/AM COM CD RADIOGRAVADORFM ESTEREO__AMCOMCDTOSHIBA TOSHIBA "
TOCA FITA E GRAVADOR DE CASSETE TOCAFITAEGRAVADORDECASSETEPANASONIC PANASONIC RQ2102
PISTOLA TAURUS 9MM PISTOLATAURUSPT929MM15TICCARBALTOBRILHOTAURUS TAURUS PT92
"MESA DE REUNIAO RETANGULAR MED. 2,00X1,50MM COR MARFIM MESADEREUNIAORETANGULARMED_2 00X1 50MMCORMARFIMMODEART MODEART ESPECIAL"
GRAVADOR DVD - R/RW 400 GRAVADORDVD-R__RW400LG LG 
APARELHO DE AR CONDICIONADO SPLIT CAP. 24.000 BTUS APARELHODEARCONDICIONADOSPLITCAP_24_000BTUSSPRINGER__CARRIER SPRINGER/CARRIER PAREDE
"APARELHO DE AR CONDICIONADO SPLIT CAP. 30.000 BTUS, TOTALINE APARELHODEARCONDICIONADOSPLITCAP_30_000BTUS TOTALINE TOTALINE PAREDE"
"CAPELA EXAUTAO GASES, DIMENSOES 80X60X80CM, MOTOR 1/3CV CAPELAEXAUTAOGASES DIMENSOES80X60X80CM MOTOR1__3CVPERMUTIUM PERMUTIUM "
IMPRESSORA LEXMARK E-210 IMPRESSORALEXMARKE-210LEXMARK LEXMARK E-210
IMPRESSORA LEXMARK E - 210 IMPRESSORALEXMARKE-210LEXMARK LEXMARK E-210
MICROCOMPUTADOR DURON 1.6 GHZ MEMORIA 256MB C/MONITOR 15 MICROCOMPUTADORDURON1_6GHZMEMORIA256MBC__MONITOR15FRONTECH FRONTECH DESKTOP
"CAMARA  FOTOGRAFICA DIGITAL, EIPO Z00M, MEMORIA DISQUETE CAMARAFOTOGRAFICADIGITAL EIPOZ00M MEMORIADISQUETESONYNBRAS SONYNBRAS MVCFD 200"
"CAMARA  FOTOGRAFICA DIGITAL,C/CARREGADOR,MEMORIA 128MB CAMARAFOTOGRAFICADIGITAL C__CARREGADOR MEMORIA128MBSONY SONY CD500"
TELEVISOR DE 20 POL. COM CONTROLE REMOTO TELEVISORDE20POL_COMCONTROLEREMOTOCCE CCE JC 20
VIDEOCASSETE DE 7 CABECA C/CONTROLE VIDEOCASSETEDE7CABECAC__CONTROLEFHILCO FHILCO HF20
APARELHO DE AR CONDICIONADO TIPO SPLIT CAP. 18.000 BTUS APARELHODEARCONDICIONADOTIPOSPLITCAP_18_000BTUSELGIMO ELGIMO COMDACT
APARELHO DE AR CONDICIONADO TIPO SPLIT CAP. 18.000 BTUS APARELHODEARCONDICIONADOTIPOSPLITCAP_18_000BTUSELGIMO ELGIMO SDF1 18.000/2
ARMARIO TIPO ALTO C/02 PORTAS C/3 PRATELEIRAS INTERNAS ARMARIOTIPOALTOC__02PORTASC__3PRATELEIRASINTERNASMODEART MODEART AM 01CT
FILMADORA PORTATIL TIPO ZOOM DIGITAL 700X C/CARREGADOR E BAT FILMADORAPORTATILTIPOZOOMDIGITAL700XC__CARREGADOREBATSONY SONY DCRTRV351
"APARELHO DE SOM, MICRO SYSTEM  CD,2 CAIXAS ACUSTICAS APARELHODESOM MICROSYSTEMCD 2CAIXASACUSTICASPHILCO PHILCO PMS1000"
APARELHO DE FAC-SMILE TIPO PAPEL IMPRESSOS ACUSTICAS APARELHODEFAC-SMILETIPOPAPELIMPRESSOSACUSTICASOLIVETT OLIVETT OFX540
APARELHO DE MUSCULACAO TIPO ADUTORA E ABDUTORA DE PERNA APARELHODEMUSCULACAOTIPOADUTORAEABDUTORADEPERNAFORTSYSTEM__FORT FORT SYSTEM/FORT 
APARELHO DE MUSCULACAO TIPO EXTENSORA E FLEXORA DE PERNA APARELHODEMUSCULACAOTIPOEXTENSORAEFLEXORADEPERNAFORTSYSTEM__FORT FORT SYSTEM/FORT 
APARELHO DE MUSCULACAO TIPO LEG PRESS 45 GRAUS APARELHODEMUSCULACAOTIPOLEGPRESS45GRAUSFORTSYSTEM__FORT FORT SYSTEM/FORT 
APARELHO DE MUSCULACAO TIPO 180 GRAUS APARELHODEMUSCULACAOTIPO180GRAUSFORTSYSTEM__FORT FORT SYSTEM/FORT 
COMPUTADOR COM SISTEMA WYTRON COMPUTADORCOMSISTEMAWYTRONWYTRON WYTRON 32 CANAIS
APARELHO DE MUSCULACAO TIPO MAQUINA P/SUPINO RECLINAVEL APARELHODEMUSCULACAOTIPOMAQUINAP__SUPINORECLINAVELFORTSYSTEM__FORT FORT SYSTEM/FORT 
COMUTADOR DE DADOS (REDE MICRO SWITCH) DE 24 PORTAS COMUTADORDEDADOS_REDEMICROSWITCH_DE24PORTASALCATEL0S6124 ALCATEL 0S6124 0S-6024
COMUTADOR DE DADOS (REDE MICRO SWITCH) DE 24 PORTAS COMUTADORDEDADOS_REDEMICROSWITCH_DE24PORTASALCATEL0S6124 ALCATEL 0S6124 0S-6024 STK
PLACA CIRCUITO IMPRESSO PLACACIRCUITOIMPRESSOALCATEL0S6024STK ALCATEL 0S6024 STK OMNI STACK 6024
MAQUINA DE CALCULAR MAQUINADECALCULARHP HP 12C
SCANNER SLIM 7X SCANNERSLIM7XGENIUS GENIUS 
SCANNER SLIM 7X SCANNERSLIM7X SEM MARCA 
SCANNER VIVO 04 SCANNERVIVO04GENIUS GENIUS 
SCANNER VIVO 04 SCANNERVIVO04GENIUSD GENIUSD 
SCANNER VIVO 3XE SCANNERVIVO3XEGENIUS GENIUS 
JOGO DE CAIXA DE SOM SPEAKER GENIUS HOME THEATER AUDIO SW JOGODECAIXADESOMSPEAKERGENIUSHOMETHEATERAUDIOSW SEM MARCA P006224
HUB 8 PORTAS EP 808 X /3 HUB8PORTASEP808X__3SURE-COM SURE-COM EP-808X
SWITCH 16 PORTAS SWITCH16PORTASGENIUS GENIUS 
ROTEADOR ROTEADORBAYNETWORKS BAY NETWORKS 
APARELHO DE SOM COM CD APARELHODESOMCOMCDAWA AWA CSD-FD89
APARELHO DE DVD APARELHODEDVDJWIN JWIN JD-VD503
CAMERA FOTOGRAFICA DIGITAL COM ACESSORIOS CAMERAFOTOGRAFICADIGITALCOMACESSORIOSSONY SONY DSC-P92
"MICROCOMPUTADOR NOTEBOOK,INTEL 2,3, 1,1GHZ, RAM 448MB HD40XP MICROCOMPUTADORNOTEBOOK INTEL2 3 1 1GHZ RAM448MBHD40XPHPPAVILION HP PAVILION ZE5500"
CAMARA FOTOGRAFICA DIGITAL COM ACESSORIOS CAMARAFOTOGRAFICADIGITALCOMACESSORIOSSONY SONY DSC-U60
"MALETA PRETA,OUTS,PARTS ACES.P/MAQS.APS,ETC/SIMPSON ELETRICO MALETAPRETA OUTS PARTSACES_P__MAQS_APS ETC__SIMPSONELETRICOSIMPSON897 SIMPSON 897 DOSIMETER"
MICROCOMPUTADOR NOTEBOOK COM ACESSORIOS MICROCOMPUTADORNOTEBOOKCOMACESSORIOSTOSHIBASATELLITE TOSHIBA SATELLITE A15-S129
MICROCOMPUTADOR NOTEBOOK COM ACESSORIOS MICROCOMPUTADORNOTEBOOKCOMACESSORIOSHPPAVILION HP PAVILION ZE-5300
LEITORA DE CODIGO DE BARRA LEITORADECODIGODEBARRAMINYSCAN MINYSCAN 
GUILHOTINA METAL TIPO ESCRITORIO CAPACIDADE P/10 FLS. MANUAL GUILHOTINAMETALTIPOESCRITORIOCAPACIDADEP__10FLS_MANUAL__ .. ..
FRIGOBAR FRIGOBARCAPAC_120LTS ALT_84CM LARG52220WCORBRANCOCONSUL CONSUL 
"TV DE 20"" COM CONTROLE REMOTO C/ENTRADA P/DVD TVDE20_COMCONTROLEREMOTOC__ENTRADAP__DVDPHILCO PHILCO "
"BARRA CROMADA MEDINDO 0,40CM C/2 PRESILHAS BARRACROMADAMEDINDO0 40CMC__2PRESILHASVOIL VOIL "
"BARRA CROMADA MEDINDO 1,50CM C/2 PRESILHAS BARRACROMADAMEDINDO1 50CMC__2PRESILHASVOIL VOIL "
"BARRA CROMADA MEDINDO 1,80CM C/2 PRESILHAS BARRACROMADAMEDINDO1 80CMC__2PRESILHASVOIL VOIL "
BARRA CROMADA (PUXADOR) ROMANA H PRESILHAS BARRACROMADA_PUXADOR_ROMANAHPRESILHASVOIL VOIL 
BARRA CROMADA TAMANHO PROFISIONAL BARRACROMADATAMANHOPROFISIONALVOIL VOIL 
"FRELANCE DE 1KG CANELEIRA, PATIK FRELANCEDE1KGCANELEIRA PATIK VOIL "
PUXADOR TRIANGULAR CROMADO PUXADORTRIANGULARCROMADOVOIL VOIL 
PUXADOR TRIANGULAR P/TRICEPS CROMADO PUXADORTRIANGULARP__TRICEPSCROMADOVOIL VOIL 
"FRELANCE DE 2KG CANELEIRA REGULÁVEL, COR PRETO FRELANCEDE2KGCANELEIRAREGULAVEL CORPRETOVOIL VOIL "
"FRELANCE DE 2KG CANELEIRA REGULÁVEL, COR PRETO, MEGAMINAS FRELANCEDE2KGCANELEIRAREGULAVEL CORPRETOVOIL VOIL "
"FRELANCE DE 3KG CANELEIRA REGULÁVEL, COR PRETO FRELANCEDE3KGCANELEIRAREGULAVEL CORPRETO VOIL "
"FRELANCE DE 4KG CANELEIRA REGULÁVEL, COR PRETO FRELANCEDE4KGCANELEIRAREGULAVEL CORPRETO VOIL "
"FRELANCE DE 5KG CANELEIRA REGULÁVEL, COR PRETO, MEGAMINAS FRELANCEDE5KGCANELEIRAREGULAVEL CORPRETO MEGAMINAS VOIL "
"FRELANCE DE 5KG CANELEIRA REGULÁVEL, COR PRETO FRELANCEDE5KGCANELEIRAREGULAVEL CORPRETO VOIL "
"FRELANCE DE 1,5KG CANELEIRA REGULÁVEL COR PRETA FRELANCEDE1 5KGCANELEIRAREGULAVELCORPRETAVOIL VOIL "
ANILHA DE FERRO DE 1KG SEM REVESTIMENTOL COR PRETA ANILHADEFERRODE1KGSEMREVESTIMENTOLCORPRETAVOIL VOIL 
ANILHA DE FERRO DE 2KG SEM REVESTIMENTOL COR PRETA ANILHADEFERRODE2KGSEMREVESTIMENTOLCORPRETAVOIL VOIL 
ANILHA DE FERRO DE 3KG SEM REVESTIMENTOL COR PRETA ANILHADEFERRODE3KGSEMREVESTIMENTOLCORPRETAVOIL VOIL 
ANILHA DE FERRO DE 5KG SEM REVESTIMENTOL COR PRETA ANILHADEFERRODE5KGSEMREVESTIMENTOLCORPRETAVOIL VOIL 
ANILHA DE FERRO DE 10K SEM REVESTIMENTOL COR PRETA ANILHADEFERRODE10KSEMREVESTIMENTOLCORPRETAVOIL VOIL 
ANILHA DE FERRO DE 15K SEM REVESTIMENTOL COR PRETA ANILHADEFERRODE15KSEMREVESTIMENTOLCORPRETAVOIL VOIL 
ANILHA DE FERRO DE 20K SEM REVESTIMENTOL COR PRETA ANILHADEFERRODE20KSEMREVESTIMENTOLCORPRETAVOIL VOIL 
ESTACAO DE TREINAMENTO C/PELOS MENOS 30 EXERCICIOS ESTACAODETREINAMENTOC__PELOSMENOS30EXERCICIOSVOIL VOIL 
"ESTANTE P/HALTERES TIPO PEDESTRAL LAG.055,MXALT,0,70MX0,30 ESTANTEP__HALTERESTIPOPEDESTRALLAG_055 MXALT 0 70MX0 30VOIL VOIL "
"APARELHO MULTIBANCO, P/TRABALHA TODOS OS MUSCULOS APARELHOMULTIBANCO P__TRABALHATODOSOSMUSCULOSBOAFORMA BOA FORMA "
CADEIRA ABDOMINAL CADEIRAABDOMINALFISICO FISICO 
PRANCHA ABDOMINAL (DECLINADAS) PRANCHAABDOMINAL_DECLINADAS_VOIL VOIL 
"PENTIUM IV 2.8GHZ,M512MB,DVD LG,MONITOT 17""PHILIPS,PL CAPITU PENTIUMIV2_8GHZ M512MB DVDLG MONITOT17_PHILIPS PLCAPITU SEM MARCA "
"PENTIUM IV 2.8GHZ,M512MB,DVD LG,MONITOT 17""PHILIPS,PL SOM MP PENTIUMIV2_8GHZ M512MB DVDLG MONITOT17_PHILIPS PLSOMMP SEM MARCA "
"DESTILADOR DE AGUA EM VIDRO BOROSSILATO, CAP. +03 LITROS/HOR DESTILADORDEAGUAEMVIDROBOROSSILATO CAP_+03LITROS__HORTECNAL TECNAL "
"BOMBA DE VACUO E PRESSAO, 0 A 700 MM/HG,KGF/CM2, CAP. 20L BOMBADEVACUOEPRESSAO 0A700MM__HG KGF__CM2 CAP_20LTECNAL TECNAL "
ESPINGARDA BENELLI CAL. 12 ESPINGARDACAP_7+1 COMP_CANO500MM FABRICACAOITALIABENELLI BENELLI M2
ESPINGARDA BENELLI CAL. 12 ESPINGARDACAP_7+1 COMP_CANO500MM FABRICACAOITALIABENELLI BENELLI M1
"PISTOLA, RUGER, P-89, 9MM CAP_15+1 COMP_DOCANO12OMM FABRICACAOUSA P-89RUGER RUGER "
"PISTOLA, RUGER, P-89, 9mm CAP_15+1 COMP_DOCANO12OMM FABRICACAOUSA P-89RUGER RUGER "
PISTOLA GLOCK G-21 CAL-45 PISTOLA21CAP13+1 COMP_DOCANO12OMM FABRICACAOAUSTRIAGLOCK GLOCK G21
"PISTOLA, GLOCK MOD. G-21 CAL. 45 PISTOLA 21CAP_13+1 COMP_DOCANO12OMM FABRICACAOAUSTRIAGLOCK GLOCK G21"
PISTOLA GLOCK G-21 CAL-45 PISTOLA21CAP_13+1 COMP_DOCANO12OMM FABRICACAOAUSTRIAGLOCK GLOCK G21
"PISTOLA, GLOCK MOD. G-21 CAL. 45 PISTOLA 21CAP13+1 COMP_DOCANO12OMM FABRICACAOAUSTRIAGLOCK GLOCK G21"
PISTOLA GLOCK G19 9MM PISTOLA19CAP15+1 COMP_DOCANO100MM FABRICACAOAUSTRIAGLOCK GLOCK G19
PISTOLA GLOCK G19 9MM PISTOLA19CAP_15+1 COMP_DOCANO100MM FABRICACAOAUSTRIAGLOCK GLOCK G19
PISTOLA TAURUS 9MM PT99AFS CAP_15+1 COMP_DOCANO125MM FABRICACAOBRASILTAURUS TAURUS PT99
REVOLVER ROSSI 357 REVOLVERCAP_6TIROS COMP_DOCANO65MM FABRICACAOBRASILROSSI ROSSI 
REVOLVER ROSSI 357 REVOLVERCAP_6TIROS COMP_DOCANO150MM FABRICACAOBRASILROSSI ROSSI 
REVOLVER ROSSI 357 REVOLVERCAP_6TIROS COMP_DOCANO101MM FABRICACAOBRASILROSSI ROSSI 
REVOLVER  TAURUS  CAL. 357 REVOLVERCAP_6TIROS COMP_DOCANO101MM FABRICACAOBRASILTAURUS TAURUS 
"SUB-METRALHADORA, CAPACIDADE 30, COMP. DO CANO 140MM USA SUB-METRALHADORA CAPACIDADE30 COMP_DOCANO140MMUSACOBRAY COBRAY "
"FUZIL, CAPACIDADE P/20 TIROS , COMP. DO CANO 550MM USA FUZIL CAPACIDADEP__20TIROS COMP_DOCANO550MMUSACOLT COLT "
"FUZIL, COLT, CAL 223. FUZIL CAPACIDADEP__20TIROS COMP_DOCANO550MMUSACOLT COLT "
PISTOLA TAURUS 9MM PISTOLAPARABELLUMMOD_PT92CDOTAURUS TAURUS PT92
"APARELHO DE AR CONDICIONADO TIPO SPLET 9000 BTUS,C/CONTROLE. APARELHODEARCONDICIONADOTIPOSPLET9000BTUS C__CONTROLE_CONSUL CONSUL "
FRAGMENTADORA DE PAPEL CAP.5 FOLHAS FRAGMENTADORADEPAPELCAP_5FOLHASSECRETA SECRETA 
NOBREAK 1.200BI SAVE SV2 NOBREAK1_200BISAVESV2RAGTECH RAGTECH 
GLICOSIMETRO TIPO ELETRONICO VISOR DIGITAL P/TAXA GLICOSE GLICOSIMETROTIPOELETRONICOVISORDIGITALP__TAXAGLICOSEPRESTIGE PRESTIGE 
"CADEIRA DE RODA, TIPO CONSTRUTIVO DOBRAVEL EM DUPLO X CADEIRADERODA TIPOCONSTRUTIVODOBRAVELEMDUPLOXVECAM VECAM "
CARRO DE ACO ESMALTADO P/CURATIVO C/RODIZIO C/BALDE E BACIA CARRODEACOESMALTADOP__CURATIVOC__RODIZIOC__BALDEEBACIAFLAWWLER FLAWWLER 
"ESTETOSCOPIO CLASSE II ADULTO, NA COR CINZA ESTETOSCOPIOCLASSEIIADULTO NACORCINZALITTMANN LITTMANN "
"NEGATOSCOPIO, CORPO BRANCO 220V, C/02 LAMPADA NEGATOSCOPIO CORPOBRANCO220V C__02LAMPADA___  "
REANIMADOR MANUAL ADULTO (AMBU) COM MASCARA REANIMADORMANUALADULTO_AMBU_COMMASCARA___  
CARRO PARA OXIGENACAO COM CILINDRO DE 3LT CARROPARAOXIGENACAOCOMCILINDRODE3LTPROTEC-NTL PROTEC-NTL 
FIAT SIENA MOD_05 ALC__GASOL VERMELHO HLXFLEX 4PORTASFIAT FIAT SIENA HLX FLEX
APARELHO DE PRESSAO ARTERIAL TIPO ANEROIDE B-D ADULTO APARELHODEPRESSAOARTERIALTIPOANEROIDEB-DADULTO____ .... ....
OTOSCOPIO COM 05 ESPECULOS C/BOLSAANEROIDE B-D ADULTO OTOSCOPIOCOM05ESPECULOSC__BOLSAANEROIDEB-DADULTOMISSOURI MISSOURI TK-007
DIVA CLINICO ESMALTADA ESTOFADA UNIMEXOIDE B-D ADULTO DIVACLINICOESMALTADAESTOFADAUNIMEXOIDEB-DADULTO SEM MARCA 
ESCADA HOSPITALAR C/02 DEGRAUS C/TAPETE ANTIDERRAPANTE ESCADAHOSPITALARC__02DEGRAUSC__TAPETEANTIDERRAPANTEMEDICAL MEDICAL 
MESA P/INSTRUMENTO DE MAYO ESMALTADA C/BANDEIJA DE INIX MESAP__INSTRUMENTODEMAYOESMALTADAC__BANDEIJADEINIXUNIMEX UNIMEX 
OFTALMOSCOPIO OFTALMOSCOPIOWELCH-ALLYN WELCH-ALLYN 19090
"CPU PENTIUM,4 PROCES.2,8GHZ,HD12GB CPUPENTIUM 4PROCES_2 8GHZ HD12GBNOVADATA NOVADATA "
MONITOR SANSUNG 17 POILEGADASD12GB MONITORSANSUNG17POILEGADASD12GBSANSUNG SANSUNG 
FIAT SIENA MOD_05 ALC__GASL VERDE HLXFLEX 4PORTASFIAT FIAT SIENA HLX FLEX
FIAT SIENA MOD_05 ALC__GASOL AZULHLXFLEX 4PORTASFIAT FIAT SIENA HLX FLEX
FIAT SIENA MOD_05 ALC__GASOL CINZA HLXFLEX 4PORTASFIAT FIAT SIENA HLX FLEX
FONTE DE LUZ ACELERADORA FONTEDELUZACELERADORA___  
FIAT SIENA SIENAHLX CORAZULMETALICO AR__DIRECAOFIAT FIAT SIENA HLX FLEX
"MESA P/COMPUTADOR, EM FORMICA AZUL, MEDINDO 0,80X0,64CM MESAP__COMPUTADOR EMFORMICAAZUL MEDINDO0 80X0 64CM__ .. .."
"CAMA BELICHE, EM MADEIRA MOGNO, MED. 1,90CMX0,80CM CAMABELICHE EMMADEIRAMOGNO MED_1 90CMX0 80CM__ .. .."
"MESA EM MADEIRA NA COR MOGNO, 1,60MX0,95 MESAEMMADEIRANACORMOGNO 1 60MX0 95__ .. .."
"GAVETEIRO COM 02 GAVETAS, EM FORMICA CINZA,0,64CM X 0,68CM GAVETEIROCOM02GAVETAS EMFORMICACINZA 0 64CMX0 68CM__ .. .."
"ARMARIO DE 01 PORTA, EM FORMICA , COR CINZA, 1,60CM X 0,45CM ARMARIODE01PORTA EMFORMICA CORCINZA 1 60CMX0 45CM__ .. .."
"VENTILADOR DE PE, MEDINDO 40CM VENTILADORDEPE MEDINDO40CMHAUSTON HAUSTON .."
"VENTILADOR, NA COR BRANCA, MEDINDO 30CM VENTILADOR NACORBRANCA MEDINDO30CMARNO ARNO "
FERRO ELETRICO (COR BRANCO E AZUL) FERROELETRICO_CORBRANCOEAZUL_BLACK&ampDECKER BLACK & DECKER F 210
IDENTIFICADOR DE CHAMADAS TELEFONICA IDENTIFICADORDECHAMADASTELEFONICAQUEM QUEM© ..
"ESTABILIZADOR,ENTRADA 115/220V ESTABILIZADOR ENTRADA115__220VENERMAX ENERMAX EXXA PERSONAL"
"ESTABILIZADOR,ENTRADA 115/220V FUNCAO TRUE RMS POT. 300/300V ESTABILIZADOR ENTRADA115__220VFUNCAOTRUERMSPOT_300__300VSMS SMS REVOLUTION II L"
"TELEFONI,FLASH/PAUSA/MUDO/RESISCADOR, CAMPAINHA ALTO E BAIXO TELEFONI FLASH__PAUSA__MUDO__RESISCADOR CAMPAINHAALTOEBAIXOINTELBRAS__CORGRAFIT INTELBRAS/COR GRAFIT PREMIUM"
"MESA P/COMPUTADOR,EM FORMICA AZUL, C/GAVETA MED. 1,20CMX0,60 MESAP__COMPUTADOR EMFORMICAAZUL C__GAVETAMED_1 20CMX0 60__ .. .."
NISSAN FRONTIER MOD_05 TURBODIESEL CORPRETA XEDCX4 TRACAO4X4NISSAN NISSAN CAMINHONETE
"CAMARA DIGITAL, 4.1 MEGA PIXEL,C/CARREGADOR E BATERIAS CAMARADIGITAL 4_1MEGAPIXEL C__CARREGADOREBATERIASSONY SONY DSC-S40"
MAQUINA FOTOGRAFICA YASHICA 2000N MAQUINAFOTOGRAFICAYASHICA2000N YASCHICA 
"CAMARA DIGITAL, 4.1 MEGA PIXEL, C/CARREGADOR E BATERIAS CAMARADIGITAL 4_1MEGAPIXEL C__CARREGADOREBATERIASSONY SONY DSC-S40"
FORNO MICROONDAS FORNOMICROONDASELETROLUX ELETROLUX 
MICROONDAS FORNOMICROONDASELETROLUX ELETROLUX 
"LIQUIDIFICADOR DOMESTICO, COPO CRISTAL, VOLTAGEM 220 LIQUIDIFICADORDOMESTICO COPOCRISTAL VOLTAGEM220ARNO ARNO "
"CAMERA FOTOGRAFICA DIGITAL C/ACESSORIOS, S/CART.MEMORIA CAMERAFOTOGRAFICADIGITALC__ACESSORIOS S__CART_MEMORIAOLYMPUS OLYMPUS D-425"
"PLASTIFICADORA ACO, LAT.PVC COMP. 0,35X27,5CMXALT.15CM PLASTIFICADORAACO LAT_PVCCOMP_0 35X27 5CMXALT_15CMLASSANE LASSANE "
"MAQUINA CAFE EXPRESSO, RESERVATORIO 2,4LITROS 220V MAQUINACAFEEXPRESSO RESERVATORIO2 4LITROS220VGAGGIA GAGGIA SYNCRONY DIGITAL"
"NOTEBOOK, COMPAQ, MODELO DS542UR, COM CARREGADOR NOTEBOOK COMPAQ MODELODS542UR COMCARREGADORCOMPAQ COMPAQ DS542UR"
"MAQUINA CAFE EXPRESSO, RESERVATORIO DE 2,4 LITROS 220V MAQUINACAFEEXPRESSO RESERVATORIODE2 4LITROS220VGAGGIA GAGGIA SYNCRONY DIGITAL"
"NO BREAK CAPACIDADE 1,2 KVA, ENTRADA 220V, SAIDA 110V, C0H2 NOBREAKCAPACIDADE1 2KVA ENTRADA220V SAIDA110V C0H2MICROSOL MICROSOL STANTION"
"MULTIFUNCIONAL LASER, RESOLUCAO 600X600, MONOCROMATICA MULTIFUNCIONALLASER RESOLUCAO600X600 MONOCROMATICASANSUNG SANSUNG SCX-4100"
NISSAN X-TERRA MOD_06 PRETA 5PORTAS 4X4 OSTEENSIVO XTERRA2_8SE DIESELNISSAN NISSAN CAMINHONETE
EST. TRAB. DOCUMENTOSCOPIA C/CAMERA AUXILIAR EST_TRAB_DOCUMENTOSCOPIAC__CAMERAAUXILIARFOSTER&ampFREEMAN FOSTER & FREEMAN VSC 5000
ESTEREOMICROSCOPIO ESTEREOMICROSCOPIOLEICA LEICA Z6 AP0
EQUIP. P/REVELACAO DE MARCAS LATENTAS EM PAPEL EQUIP_P__REVELACAODEMARCASLATENTASEMPAPELFOSTER&ampFREEMAN FOSTER & FREEMAN ESDA 2
MEDIDOR DE ESPESSURA DE PAPEIS DIGITALEM PAPEL MEDIDORDEESPESSURADEPAPEISDIGITALEMPAPELWOLFER&ampFREEMAN WOLFER & FREEMAN M 2000
FONTE DE LUZ UTRAVIOLETA C/LAMPADAS  - 2 COMP DE ONDAS FONTEDELUZUTRAVIOLETAC__LAMPADAS-2COMPDEONDASNEOLAB NEOLAB CN6 CABINET
FONTE PORTATIL DE LUZ UTRAVIOLETA FONTEPORTATILDELUZUTRAVIOLETANEOLAB NEOLAB VL - 4LC
REPROESTATIVA AJUSTAVELTRAVIOLETA REPROESTATIVAAJUSTAVELTRAVIOLETAKAISER KAISER 5617
VISOR PORTATIL INFRAVERMELHO C/ESPERTSYS (SW) VISORPORTATILINFRAVERMELHOC__ESPERTSYS_SW_PITAGORAS PITAGORAS TRUESCAN
IMPRESSORA DESK JET IMPRESSORADESKJETHP HP 340
"PENTIUM2.4,MEMO512MB,DISCO40GB,CD/RW/DVD/COMBO,C/MONITOR17LG PENTIUM2_4 MEMO512MB DISCO40GB CD__RW__DVD__COMBO C__MONITOR17LGECS ECS TORRE"
"MICROCOMPUTADOR PENTIUM,IV,2.8 GHS C/MONITOR""15"" MICROCOMPUTADORPENTIUM IV 2_8GHSC__MONITOR_15_IBM IBM. "
PISTOLA GLOCK G17 9MM PISTOLAC__MIRATRITIUM 02CARREGADORESEACESSORIOSGLOCK GLOCK PISTOLA G 17
"EM FIBRA, USO OSTENSIVO, TAMANHO PEQUENO, PROTECAO 3250 MM2 EMFIBRA USOOSTENSIVO TAMANHOPEQUENO PROTECAO3250MM2CBC CBC NIVEL IIIA MP"
"EM FIBRA, USO OSTENSIVO, TAMANHO MEDIO, PROTECAO 3568 MM2 EMFIBRA USOOSTENSIVO TAMANHOMEDIO PROTECAO3568MM2CBC CBC NIVEL IIIA MM"
"EM FIBRA, USO OSTENSIVO, TAMANHO GRANDE,PROTECAO 3894 MM2 EMFIBRA USOOSTENSIVO TAMANHOGRANDE PROTECAO3894MM2CBC CBC NIVEL IIIA MG"
"EM FIBRA, USO OSTENSIVO, TAMANHO EXTRAGRANDE,PROTECAO 4420MM EMFIBRA USOOSTENSIVO TAMANHOEXTRAGRANDE PROTECAO4420MMGLAGIO GLAGIO NIVEL III A EG"
FIAT MAREA VEIC 1_8 04P 05LUG_MOD_2006 CORPRETOVESUVIO GASOLINAFIAT FIAT MAREA
NO-BREAK MICRO 2500VA AUT. 115V/220 4BA NO-BREAKMICRO2500VAAUT_115V__2204BAENERMAK ENERMAK ..
"CANETA GRAVADORA P/PATRIMONIAMENTO, C/MOTOR 220 VOLTS CANETAGRAVADORAP__PATRIMONIAMENTO C__MOTOR220VOLTSPROMECO PROMECO R.P.M 15000"
APARELHO ROTULADOR ELETRONICO PT65 APARELHOROTULADORELETRONICOPT65BROTHER BROTHER PT65
APARELHO TELEFONICO SEM FIO AIWA APARELHOTELEFONICOSEMFIOAIWAAIWA AIWA TN-C137
MINI GRAVADOR OLYMPUS MINIGRAVADOROLYMPUSOLYMPUS OLYMPUS PEAR/CORDER 5702
MINI GRAVADOR PANASONIC MINIGRAVADORPANASONICPANASONIC PANASONIC RN-202
MINI GRAVADOR SONY MINIGRAVADORSONYSONY SONY M-540V
RADIO TOCA CD/PIONNER RADIOTOCACD__PIONNERPIONNER PIONNER DEH-1550
APARELHO DE DVD/VCD APARELHODEDVD__VCDSOUNDSONIC SOUND SONIC SS-2004
CAMERA  FOTOGRAFICA DIGITAL CAMERAFOTOGRAFICADIGITALOLYMPUS OLYMPUS D-535
CAMERA FOTOGRAFICA DIGITAL CAMERAFOTOGRAFICADIGITALOLYMPUS OLYMPUS D-535
CALCULADORA COM FITA CASIO CALCULADORACOMFITACASIOCASIO CASIO HR-140LB KIT
CALCULADORA CIENTIFICAS CALCULADORACIENTIFICASCASIO CASIO FX-82MS
NO BREAK 2.500 VA AUT/220V 4 BA NOBREAK2_500VAAUT__220V4BAENERMAX ENERMAX 
TUBO DE EXTENSAO PARA CAMERA NIKON F6 TUBODEEXTENSAOPARACAMERANIKONF6NIKON NIKON PK11
TUBO DE EXTENSAO PARA CAMERA NIKON F6 TUBODEEXTENSAOPARACAMERANIKONF6NIKON NIKON PK12
TUBO DE EXTENSAO PARA CAMERA NIKON F6 TUBODEEXTENSAOPARACAMERANIKONF6NIKON NIKON PK13
FILTRO POLARIZADOR CIRCULA PARA CAMERA F6 NIKON FILTROPOLARIZADORCIRCULAPARACAMERAF6NIKONNIKON NIKON 52MM
LENTE OBJETIVA PARA CAMERA F6 NIKON LENTEOBJETIVAPARACAMERAF6NIKONNIKON NIKON 50MM F/1.4 AF-D
OCULAR ANTIEMBACANTE PARA CAMERA D2X NIKON OCULARANTIEMBACANTEPARACAMERAD2XNIKONNIKON NIKON DK 17
BATERIA PARA CAMERA D70S NIKON BATERIAPARACAMERAD70SNIKONNIKON NIKON EN EL3
CAMERA FOTOGRAFICA ANALOGICA CAMERAFOTOGRAFICAANALOGICANIKON NIKON F6
CAMERA FOTOGRAFICA DIGITAL CAMERAFOTOGRAFICADIGITALNIKON NIKON D2X
FILTRO AZUL PARA LENTE OBJETIVA FILTROAZULPARALENTEOBJETIVANIKON NIKON B12 52MM
CABO PARA ACIONAMENTO REMOTO CABOPARAACIONAMENTOREMOTONIKON NIKON MC 30
LENTE OBJETIVA PARA CAMERA LENTEOBJETIVAPARACAMERANIKON NIKON 105MM F/2.8 MICRO
LENTE OBJETIVA PARA CAMERA LENTEOBJETIVAPARACAMERANIKON NIKON 20MM F/2.8 AF-D
ANEL ADAPTADOR PARA LENTES ANELADAPTADORPARALENTESNIKON NIKON BR2A
FILTRO PARA LENTE OBJETIVA FILTROPARALENTEOBJETIVANIKON NIKON L 37C 52MM
FILTRO PARA LENTE OBJETIVA FILTROPARALENTEOBJETIVANIKON NIKON L 37C 62MM
LENTE OBJETIVA PARA CAMERA LENTEOBJETIVAPARACAMERANIKON NIKON 18-70MM
LENTE OBJETIVA PARA CAMERA LENTEOBJETIVAPARACAMERANIKON NIKON 60MM F/2.8 MICRO
FLASH ELETRONICO PARA CAMERA FLASHELETRONICOPARACAMERANIKON NIKON SB800
BATERIA RECARREGAVEL PARA CAMERA BATERIARECARREGAVELPARACAMERANIKON NIKON ENEL4
CAMERA FOTOGRAFICA DIGITAL CAMERAFOTOGRAFICADIGITALNIKON NIKON D70S
CARTAO DE MEMORIA PARA CAMERA DIGITAL CARTAODEMEMORIAPARACAMERADIGITALNIKON__DELKIN NIKON/DELKIN D2X
LEITOR DE CARTAO DE MEMORIA DE CAMERA DIGITAL LEITORDECARTAODEMEMORIADECAMERADIGITALNIKON__DELKIN NIKON/DELKIN READER 36
CARTAO DE MEMORIA PARA CAMERA DIGITAL CARTAODEMEMORIAPARACAMERADIGITALNIKON__DELKIN NIKON/DELKIN CF 1GB
SOFTWARE PARA CAPTURA DE IMAGEM DIGITAL SOFTWAREPARACAPTURADEIMAGEMDIGITALSONY SONY CAPTURE 4.2
MALA PARA TRANSPORTE DE CAMERA E ACESSORIOS MALAPARATRANSPORTEDECAMERAEACESSORIOSLOWEPRO LOWEPRO REPORTER 300 AW
MALA PARA TRANSPORTE DE CAMERA E ACESSORIOS MALAPARATRANSPORTEDECAMERAEACESSORIOSLOWEPRO LOWEPRO LOAD RUNNER AWW
GM - CHEVROLET CORSA SEDAN MOD_06 PRATA 04PORTAS POTENCIA92CV GASOLINACHEVROLET GM - CHEVROLET CORSA CLASSIC 1.6
CAPELA EXAUSTAO GASES C/EXAUSTOR CENTRIFUGO CAPELAEXAUSTAOGASESC__EXAUSTORCENTRIFUGOSPEENCER SPEENCER SP80CTA
CAMARA DIGITAL C/2 LENTES OBJETIVA 18-70MM/60MM E BATERIA CAMARADIGITALC__2LENTESOBJETIVA18-70MM__60MMEBATERIANIKON NIKON D80
AR CONDICIONADO P/VEICULO CORSA CLASSIC ARCONDICIONADOP__VEICULOCORSACLASSICCHEVROLET CHEVROLET 
CONJUNTO DE 30 PORTAS E 35 GAVETAS EMBUTIDO P/LABORATORIO CONJUNTODE30PORTASE35GAVETASEMBUTIDOP__LABORATORIOCORMARFIM COR MARFIM 
"ESTANTE MED. 1.30 X 0,40 C/2 PRATELEIRAS, NA COR MARFIM ESTANTEMED_1_30X0 40C__2PRATELEIRAS NACORMARFIM SEM MARCA "
MESA P/ESCRITORIO C/02 GAVETAS NA COR MARFIM COR MARFIM MESAP__ESCRITORIOC__02GAVETASNACORMARFIMCORMARFIM SEM MARCA 
"BANCADA MED. 9,40MX0, 80X0,75 NA COR MARFIM BANCADAMED_9 40MX0 80X0 75NACORMARFIM SEM MARCA "
"ARMARIO C/02 PORTAS MED. 1.60 X0,50 NA COR MARFIM ARMARIOC__02PORTASMED_1_60X0 50NACORMARFIM SEM MARCA "
GAVETEIRO VOLANTE C/3 GAVETAS NA COR MARFIM GAVETEIROVOLANTEC__3GAVETASNACORMARFIM SEM MARCA 
ESTANTE ABERTA C/5 PRATELEIRAS NA COR MARFIM ESTANTEABERTAC__5PRATELEIRASNACORMARFIM SEM MARCA 
"FUZIL DE ASSALTO HK G36 5,56MM CARABINA TRILHOPICATINNY 06CARREGADORESP__30TIROSHK HK HK G36CV"
"FUZIL DE ASSALTO HK G36 5,56MM CARABINA MIRAOTICA3X_PONTOVERMELHO 06CARREG 30CARTUCHOHK HK HK G36KV"
GUARDA-MAO COM LANTERNA PARA MP5A5 GUARDA-MAOCOMLANTERNAPARAMP5A5HK HK GUARDA-MAO MP5A5-628
ESTABILIZADOR COM 3KVA DE POTENCIA E FREQUENCIA DE 60HZ ESTABILIZADORCOM3KVADEPOTENCIAEFREQUENCIADE60HZCSIND__STRIAELETRONICA CS IND/STRIA ELETRONICA 301 TI (POLUX)
BALANCA ANALITICA BALANCAANALITICAMETTLERTOLEDO METTLER TOLEDO XP205
BALANCA DE PRECISAO BALANCADEPRECISAOMETTLERTOLEDO METTLER TOLEDO X56002SDR
BALANCA DE ALTA PRECISAO COM ACESSORIOS BALANCADEALTAPRECISAOCOMACESSORIOS SEM MARCA KB60.02D
MEDIDOR DE PH PHMETRO C/ IMP MEDIDORDEPHPHMETROC__IMPMETROHM METROHM 780
APARELHO P/DETERM DO PONTO DE FUSAO E EBULICAO APARELHOP__DETERMDOPONTODEFUSAOEEBULICAOMETLLERTOLEDO METLLER TOLEDO FP81HT
REFRATOMETRO REFRATOMETRO SEM MARCA ABBE-3L
TRIPE PARA CAMERA FOTOGRAFICA TRIPEPARACAMERAFOTOGRAFICAVELBON VELBON CX-686
DESUMIDIFICADOR DE AR DESUMIDIFICADORDEARARTEL ARTEL EA16MR
ESTABILIZADOR DE TENSAO ESTABILIZADORDETENSAOKVA KVA 3.5BIR
ESTABILIZADOR DE TENSAO ESTABILIZADORDETENSAOCS CS DEP 502
LANCADOR DE MUNIÇÃO MENOS LETAL CALIBRE 37/38MM LANCADORDEMUNICAONAO-LETALCONDOR CONDOR AM-600
REPETIDORA DIGITAL INDEPENDENTE REPETIDORADIGITALINDEPENDENTEEADS__TELECOM EADS/TELECOM HR6005 IDR
CAIXA DE TRANSPORTE TATICA P/MAT. DE COMUNICACAO CAIXADETRANSPORTETATICAP__MAT_DECOMUNICACAOEADS__TELECOM EADS/TELECOM RSC-01 CAIXA DE TRANSPORTE
TRASCEPTOR PORTATIL TRASCEPTORPORTATILEADS__TELECOM EADS/TELECOM TR 1131 RADIO PORTATIL P2
RÁDIO VEICULAR TETRAPOL ESTACAOMOVELVHF__UHFEADS__TELECOM EADS/TELECOM RADIO MOVEL PRO-HT6991
CARREGADOR PORTATIL DE BATERIA CARREGADORPORTATILDEBATERIAEADS__TELECOM EADS/TELECOM HR5913 CARREG BAT P/ VIAG
MICROFONE DE MAO MICROFONEDEMAOEADS__TELECOM EADS/TELECOM HR 5975-MICROFONE DE MO
MICROFONE DE CABECA MICROFONEDECABECAEADS__TELECOM EADS/TELECOM HR 7604-MICROFONE DE CABE
CARREGADOR PORTATIL DE BATERIA CARREGADORPORTATILDEBATERIAEADS__TELECOM EADS/TELECOM HR5941 CARREGADOR BAT MUL
ANTENA PK 1391 ANTENAPK1391EADS__TELECOM EADS/TELECOM PK1391 ANTENA
MICROFONE TIPO VIP MICROFONETIPOVIPEADS__TELECOM EADS/TELECOM HT 6183 MICROFONE TIPO VI
"HR 7365 BATERIA NIMH 2,3 AH 4,8V HR7365BATERIANIMH2 3AH4 8VEADS__TELECOM EADS/TELECOM HR 7365 BATERIA"
MICROFONE INDUTIVO MICROFONEINDUTIVOEADS__TELECOM EADS/TELECOM HT 6188 MICROFONE INDUTIV
CAPA DE COURO P/TERMINAL P2G S CAPADECOUROP__TERMINALP2GSEADS__TELECOM EADS/TELECOM HR 1852 CAPA DE COURO
CAPA DE COURO P/TERMINAL P2G S CAPADECOUROP__TERMINALP2GSEADS__TELECOM EADS/TELECOM HT 1852 CAPA DE COURO
CLIP P/CINTO CLIPP__CINTOEADS__TELECOM EADS/TELECOM HR 6210 CLIP PARA CINTO
ANTENA VERTICAL  KATHREIN ANTENAVERTICALKATHREINEADS__TELECOM EADS/TELECOM 720 880 ANTENA VERTICAL
CABO PARA TELECOMUNICACOES CABOPARATELECOMUNICACOESEADS__TELECOM EADS/TELECOM HG5111A CABO DE RF 10 M
CABO PARA TELECOMUNICACOES COM 30M CABOPARATELECOMUNICACOESCOM30MEADS__TELECOM EADS/TELECOM HG5111B CABO DE RF
MASTRO TATICO MASTROTATICOEADS__TELECOM EADS/TELECOM MP7F/L
CABO DE RF COM 20M CABODERFCOM20MEADS__TELECOM EADS/TELECOM SCF 12 50J
TUBO PARA ACONDICIONAMENTO DE ANTENA TUBOPARAACONDICIONAMENTODEANTENAEADS__TELECOM EADS/TELECOM HT8231
"ATENDEDOR AUTOMATICO VOICE MASTER, QUATRO CANAIS ATENDEDORAUTOMATICOVOICEMASTER QUATROCANAISDIGIVOICE DIGI VOICE "
COMPUTADOR TIPO NOTEBOOK COM MALETA COMPUTADORTIPONOTEBOOKCOMMALETAIBM IBM. 1847A65
"MONITOR CRT TELA PLANA 17"" (DOT PICH 0,20) MONITORCRTTELAPLANA17__DOTPICH0 20_LG LG T7300SH"
COMPUTADOR DE MESA C/CD-RW/DVD-ROM (COMBO) COMPUTADORDEMESAC__CD-RW__DVD-ROM_COMBO_DELL DELL DCSM
"PEN DRIVE DE 01 GB USB 2,0 PENDRIVEDE01GBUSB2 0KINGSTON KINGSTON "
"CONJ. DELIMITADOR FILA-PEDESTAIS EM ALUMINIO, BASE FERRO CONJ_DELIMITADORFILA-PEDESTAISEMALUMINIO BASEFERROUNIFILA UNIFILA "
"APARELHO AR CONDICIONADO, 7000BTUS, C/ CONTROLE REMOTO S/FIO APARELHOARCONDICIONADO 7000BTUS C__CONTROLEREMOTOS__FIOYORK YORK SPLIT"
"APARELHO AR CONDICIONADO, 18000BTUS SPLIT,CONT.REMOTO S/FIO APARELHOARCONDICIONADO 18000BTUSSPLIT CONT_REMOTOS__FIOYORK YORK TETO"
"APARELHO AR CONDICIONADO, 24000BTUS SPLIT,CONT.REMOTO S/FIO APARELHOARCONDICIONADO 24000BTUSSPLIT CONT_REMOTOS__FIOYORK YORK TETO/PISO"
CAMERA FOTOGRAFICA DIGITAL CAMERAFOTOGRAFICADIGITALSONY SONY DSC-S80
MICROCOMPUTADOR PESSOAL TIPO NOTEBOOK MICROCOMPUTADORPESSOALTIPONOTEBOOKTOSHIBA TOSHIBA SATELLITE M35XS311
CAMARA FOTOGRAFICA DIGITAL CAMARAFOTOGRAFICADIGITAL SONY PSDSC-H2
"BINOCULO COM Z00M 30-260X160,COM SUPORTE P/TRIPE ACOPLADO BINOCULOCOMZ00M30-260X160 COMSUPORTEP__TRIPEACOPLADORONGDA RONGDA "
IMPRESSORA MULTIFUNCIONAL IMPRESSORAMULTIFUNCIONALSAMSUNG SAMSUNG SCX-4200
"CADEIRA GIRATORIA,ESPALDAR MEDIO C/APOIO BRACO REGULAVES CADEIRAGIRATORIA ESPALDARMEDIOC__APOIOBRACOREGULAVESPRIMEMOBILE PRIME MOBILE "
"CADEIRA GIRATORIA,ESPALDAR MEDIO  CADEIRAGIRATORIA ESPALDARMEDIO PRIME MOBILE "
"MICRO INTEL,2DUO E4300, GLOCK DE 1.8GHZ,FSB DE 800,C/MONITOR MICROINTEL 2DUOE4300 GLOCKDE1_8GHZ FSBDE800 C__MONITOREPCOM EPCOM "
MALETA DE DETECCAO E CONTRA-EPIONAGEM 3 GHZ MALETADEDETECCAOECONTRA-EPIONAGEM3GHZREI REI OSCOR5000 DELUXE PACKAGE
DETECTOR DE JUNCAO NAO LINEAR C/KIT DE FERRAMENTAS DETECTORDEJUNCAONAOLINEARC__KITDEFERRAMENTASREI REI NJE 4000 ORION
TIME DOMAIN REFLECTOMETER TIMEDOMAINREFLECTOMETERREI REI TDR 1270
SWITCH 24 PORTAS 10/100 TL-SF 1226 SWITCH24PORTAS10__100TL-SF1226TP-LINK TP-LINK 
"REFRIGERADOR ELECTROLUX 240 LITROS,COR BRACA VOLTAGEM 220V REFRIGERADORELECTROLUX240LITROS CORBRACAVOLTAGEM220VELECTROLUX ELECTROLUX "
FONE DE OUVIDO CONECTOR TRS 1/8 C/ADAOTADOR P/ 1/4 FONEDEOUVIDOCONECTORTRS1__8C__ADAOTADORP__1__4PHILIPS PHILIPS SHP 2500
SCANIA K123 ONIBUS CORBRANCA MODELOK123SCANIA SCANIA ONIBUS
LEITORA DE CODIGO DE BARRA LEITORADECODIGODEBARRAMINYSCAM MINYSCAM 
NOTEBOOK PROC INTEL T55001 1.66GHZ 64BITS 667MHZ MEM.1024MB NOTEBOOKPROCINTELT550011_66GHZ64BITS667MHZMEM_1024MBACER ACER 
"TELA LCD FLAT, 26"" TELA WIDESCREEN 16:9 FORMATO CINEMA TELALCDFLAT 26_TELAWIDESCREEN16:9FORMATOCINEMATOSHIBA TOSHIBA LXAXP-MM 825X511X248"
IMPRESSORA MULTIFUNCIONAL JATO DE TINTA IMPRESSORAMULTIFUNCIONALJATODETINTAHP HP J5780
APARELHO DE DVD APARELHODEDVDPHILIPS PHILIPS 
CAMERA FILMADORA CAMERAFILMADORASONY SONY 
"APARELHO DE GPS, RECEPTORES/SATELITES 12 WAYPOINTS 500 APARELHODEGPS RECEPTORES__SATELITES12WAYPOINTS500GERMIMETREX GERMIM ETREX "
NOBREAK DE 03KVA VOLTAGEM AUTOMATICA NOBREAKDE03KVAVOLTAGEMAUTOMATICAENERMAX ENERMAX 
FRAGMENTADORA DE PAPEL FRAGMENTADORADEPAPELLEADERSHIP LEADERSHIP 
"NOTEBOOK 651, COM BOLSA DE TRANSPORTE, MAUSE OPTICO HP USB NOTEBOOK651 COMBOLSADETRANSPORTE MAUSEOPTICOHPUSBHP HP "
ALGEMA DE METAL PARA PUNHOS EM ACO INOXIDAVEL ALGEMADEMETALPARAPUNHOSEMACOINOXIDAVELSAFELINE SAFELINE 
COLETOR DE PONTO C/BIOMETRIA E LEITORA SMARTCARD DIGITAL COLETORDEPONTOC__BIOMETRIAELEITORASMARTCARDDIGITALDIMEP DIMEP 
PISTOLA GLOCK G17 9MM PISTOLAC__MIRATRITIUM 02CARREGADORESEACESSORIOAGLOCK GLOCK G17
PISTOLA GLOCK G19 9MM PISTOLAC__MIRATRITIUM 02CARREGADORESEACESSORIOAGLOCK GLOCK G19
PISTOLA GLOCK G19 9MM PISTOLAGLOCKG199X19MM GLOCK G19
PISTOLA GLOCK G26 9MM PISTOLAC__MIRATRITIUM 02CARREGADORESEACESSORIOAGLOCK GLOCK G26
IMPRESSORA SAMSUNG COM 128MB RAM IMPRESSORASAMSUNGCOM128MBRAMSAMSUNG SAMSUNG ML-3561ND
NOTEBOOK TOSHIBA SATELITE NOTEBOOKTOSHIBASATELITETOSHIBA TOSHIBA 
NISSAN X-TERRA MOD_07 PRATA 5PORTAS XTERRA 4X4NISSAN NISSAN CAMINHONETE
"DETECTOR MANUAL DE METAIS, TIPO RAQUETE DETECTORMANUALDEMETAIS TIPORAQUETENATANAIR NATANAIR DTM"
PISTOLA GLOCK G26 9MM PISTOLAC__MIRATRTIUM 02CARREGADORESEACESSORIOSGLOCK GLOCK G26
MITSUBISHI L200 VEICULOCORPRETA 4X4COM4PORTASMITSUBISHI MITSUBISHI PICK-UP
MITSUBISHI L200 VEICULOCORPRATA 4X4COM4PORTASMITSUBISHI MITSUBISHI PICK-UP
PORTAL DETECTOR DE METAIS MICROPROCESSADO PORTALDETECTORDEMETAISMICROPROCESSADOMPCI MPCI 08 Z
AGITADOR DE TUBOS DE ENSAIO AGITADORDETUBOSDEENSAIOTHERMO THERMO DENLEY
CENTRIFUGA CENTRIFUGATHERMO THERMO CR4I
ESTUFA ESTUFATHERMO THERMO INNOVENS
PLACA DE AGITACAO MAGNETICA COM AQUECIMENTO PLACADEAGITACAOMAGNETICACOMAQUECIMENTOTHERMO THERMO DENLEY MAGMIX
ARCONDICIONADO SPLIT HI-WAII 30.000BTUS ARCONDICIONADOSPLITHI-WAII30_000BTUSCONSUL CONSUL SPLIT
Pen drive de 2GB Pendrivede2GB S/MARCA PEN DRIVE
MICROCOMPUTADOR C/PLACA P/SCANNER C/NO BREAK P005131-DITEC MICROCOMPUTADORC__PLACAP__SCANNERC__NOBREAKP005131-DITECHP HP DESKTOP
"MONITOR DE VIDEO 19"" MONITORDEVIDEO19_COMPAG COMPAG MONITOR"
IMPRESSORA A CORES  LASER IMPRESSORAACORESLASERHP HP HP 4600DN
HUB (SWITCH) MICRO HUB_SWITCH_MICRO3COM 3COM 24 PORTAS
MESA DE TRABALHO LINEAR EM MADEIRA NA COR MARFIM MESADETRABALHOLINEAREMMADEIRANACORMARFIMATAL ATAL MESA LINEAR
"CADEIRA GIRATORIA ESPALDAR MEDIO C/RODIZIOS,NA COR AZUL CADEIRAGIRATORIAESPALDARMEDIOC__RODIZIOS NACORAZULATAL ATAL CADEIRA ESPALDAR MEDIO"
TRIPE PARA CAMERA FOTOGRAFICA TRIPEPARACAMERAFOTOGRAFICAMANFROTTO MANFROTTO 
MORPHO ACESS MORPHOACESS SEM MARCA ACESS200
IMPRESSORA DE ETIQUETAS DE CODIGOS DE BARRAS IMPRESSORADEETIQUETASDECODIGOSDEBARRASHP HP D 236000
LEITOR AO VIVO LEITORAOVIVOLSGUARDIAN LS GUARDIAN CROSSMATCH
IMPRESSORA LASER IMPRESSORALASERHP HP LASERJET 1020
MALA DE TRANSPORTE MALADETRANSPORTE SEM MARCA ILS2-T
TELA BACK DROP TRANSPORTAVEL COM TRIPE TELABACKDROPTRANSPORTAVELCOMTRIPE SEM MARCA 
ESCADA COM 05 DEGRAUS ARTICULAVEIS FERRO EM ACO ESCADACOM05DEGRAUSARTICULAVEISFERROEMACODISMATIC DISMATIC 
"ESCADA MATERIAL ALUMINIO, TIPO DOBRAVEL C/3 DEGRAUS ESCADAMATERIALALUMINIO TIPODOBRAVELC__3DEGRAUSALUSTEP ALUSTEP "
"CARRINHO TRANSPORTE, MATERIAL EM ACO, COM 02 RODAS CARRINHOTRANSPORTE MATERIALEMACO COM02RODASWORKER WORKER "
"CARRINHO TRANSPORTE, MATERIAL FERRO C/02 RODAS CAP. P/180KG CARRINHOTRANSPORTE MATERIALFERROC__02RODASCAP_P__180KGWORKER WORKER "
"CARRINHO TRANSPORTE,CHAPA ACO C/02RODAS FIXA 02 RODAS GIRTOR CARRINHOTRANSPORTE CHAPAACOC__02RODASFIXA02RODASGIRTORURSO URSO "
"VENTILADOR COM PE, 220V ROTACAO 1.300 VENTILADORCOMPE 220VROTACAO1_300LORENSIDE LOREN SIDE TURFO"
"VENTILADOR COM PE, 220V ROTACAO 1.300 VENTILADORCOMPE 220VROTACAO1_300 LOREN SIDE "
"CARINHO TRANSPORTE, ACO C/02 RODAS, C/CORDA ELASTICA CARINHOTRANSPORTE ACOC__02RODAS C__CORDAELASTICASTOPCAR STOPCAR "
CARGA REDUTORA POTÊNCIA 30DB CARGAREDUTORAPOTENCIA30DB BIRD 
OSCILOSCOPIO DIGITAL OSCILOSCOPIODIGITALAGILENS AGILENS MS06054A
FREQUENCIMETRO DIGITAL DE BANCADA FREQUENCIMETRODIGITALDEBANCADAAGILENS AGILENS 53181A
FREQUENCIMETRO DIGITAL PORTATIL FREQUENCIMETRODIGITALPORTATILICEL ICEL FC2500
MULTIMETRO DIGITAL DE BANCADA MULTIMETRODIGITALDEBANCADAAGILENS AGILENS 34411A
MULTIMETRO DIGITAL PORTATIL MULTIMETRODIGITALPORTATILGOSSENMETRAWATT GOSSEN METRAWATT METRA HIT 29S
WATTIMETRO WATTIMETROBIRD BIRD 43
GERADOR DE FUNCOES GERADORDEFUNCOESAGILENTTECHNOLOGIES AGILENT TECHNOLOGIES 33220A
GERADOR DE FF ATE 3 GHZ GERADORDEFFATE3GHZAGILENT AGILENT N581A
ALICATE AMPERIMETRO 1.000 A ALICATEAMPERIMETRO1_000AGOSSENMETRAWATT GOSSEN METRAWATT METRA CLIP 74
ANALIZADOR DE ESPECTRO 3 GHZ ANALIZADORDEESPECTRO3GHZ AGILEN 300A
FONTE DE ALIMENTACAO SIMETRICA DC FONTEDEALIMENTACAOSIMETRICADCPOWERSOLUTIONS POWER SOLUTIONS RG303PRO
"FONTE DE ALIMENTACAO 13,8V FONTEDEALIMENTACAO13 8VPOWERSOLUTIONS POWER SOLUTIONS SMPS/S2400/13,8DC"
CONJUNTO DE ADAPTADORES DE CONECTORES COAXIAIS CONJUNTODEADAPTADORESDECONECTORESCOAXIAISPOMONT POMONT 5748
CONJUNTO DE CABOS COAXIAIS CONJUNTODECABOSCOAXIAISELSPEC ELSPEC 10701950001/0002/0003
CONJUNTO DE FERRAMENTAS CONJUNTODEFERRAMENTASBELZER BELZER 
PROGRAMADOR UNIVERSAL PROGRAMADORUNIVERSALHILOSYSTENS HILO SYSTENS ALL 100
FERRAMENTAS PARA RETRABALHO COM SMD FERRAMENTASPARARETRABALHOCOMSMD SEM MARCA 
ESTACAO DE TRABALHO COM TEMPERATURA CONTROLADA ESTACAODETRABALHOCOMTEMPERATURACONTROLADAERSA ERSA DIGITAL 2000A
MATRIZ DE CONTATOS  PROTOBOARD MATRIZDECONTATOSPROTOBOARDTOYO TOYO MSB 500
PROTECAO ANTIESTATICA PROTECAOANTIESTATICA SEM MARCA 
LUPAS COM LUMINARIA LUPASCOMLUMINARIAHIKARI HIKARI HK-200
"EM FIBRA, USO OSTENSIVO, TAMANHO P, CAPA RIT STOP, PRETO EMFIBRA USOOSTENSIVO TAMANHOP CAPARITSTOP PRETOINBRA-TEXTIL INBRA-TEXTIL NIVEL III A"
"EM FIBRA, USO OSTENSIVO, TAMANHO M, CAPA RIT STOP, PRETO EMFIBRA USOOSTENSIVO TAMANHOM CAPARITSTOP PRETOINBRA-TEXTIL INBRA-TEXTIL NIVEL III A"
GPS PORTATIL GPSPORTATILGARMIN GARMIN ETREX VI
"BINOCULOS CURTO ALCANCE,AUMENTO:8X,DISTANCIA FOCAL:2,3METROS BINOCULOSCURTOALCANCE AUMENTO:8X DISTANCIAFOCAL:2 3METROSTASCO TASCO "
"BINOCULO LONGO ALCANCE,PRETO C/MALETA BINOCULOLONGOALCANCE PRETOC__MALETACELESTRON CELESTRON SKYMASTER 25X100 PN-1017"
TRIPE C/CONTR.REMOTO P/CAMERAS DE VIDEO E DSC C/ESTOJO TRIPEC__CONTR_REMOTOP__CAMERASDEVIDEOEDSCC__ESTOJOSONY SONY VCT-D680RM
"MINI GRAVADOR DE VOZ,DIGITAL,COR PRATA MINIGRAVADORDEVOZ DIGITAL CORPRATASONY SONY ICD-MX20"
"MONOPE EM ALUMINIO ANODIZADO, COR PRETA, C/ESTOJO MONOPEEMALUMINIOANODIZADO CORPRETA C__ESTOJOFANTIEV FANTIEV FT-1012"
CAMERA FOTOGRAFICA DIGITAL 7.2MP CAMERAFOTOGRAFICADIGITAL7_2MPSONY SONY DSC-W55
"CAMERA DE VIDEO DIGITAL HANDYCAM Z00M 10/20X,3MP,VISOR COLOR CAMERADEVIDEODIGITALHANDYCAMZ00M10__20X 3MP VISORCOLORSONY SONY DCR-DVD308"
NOTEBOOK 120 GB NOTEBOOK120GB LENOVO 
"LEITOR DE CARTAO, USB 2.0, 33 EM 01 LEITORDECARTAO USB2_0 33EM01POWERPACK POWERPACK MOD-101"
CARTAO DE MEMORIA COM ADAPTADOR STRICK PRO DUO CARTAODEMEMORIACOMADAPTADORSTRICKPRODUOSONY SONY MSX-M1GST
GM - CHEVROLET ASTRA SEDAN GMASTRASEDAMADVANTAGE FLEXPOWER CINZABLUETMETALICOCHEVROLET GM - CHEVROLET ASTRA SEDAN
"CARRO CARGA, EM ACO, TIPO PLATAFORMA, P/300KG C/04 RODIZIOS CARROCARGA EMACO TIPOPLATAFORMA P__300KGC__04RODIZIOSRODCAR RODCAR "
"CARINHO TRANSPORTE ARAMADO, METALICO, TIPO SUPERMECARDO CARINHOTRANSPORTEARAMADO METALICO TIPOSUPERMECARDORODCAR RODCAR "
"CARINHO TRANS.ARAMADO,METALICO,TIPO SUPERMECARDO 02 CESTA CARINHOTRANS_ARAMADO METALICO TIPOSUPERMECARDO02CESTARODCAR RODCAR "
NOTEBOOK INTEL CORE DUO T2300E NOTEBOOKINTELCOREDUOT2300EHP HP NX 6320
IMPRESSORA PORTATIL P/NOTEBOOK IMPRESSORAPORTATILP__NOTEBOOKHP HP MY6CF4Z0RW
ACCESS POINT (WIRELESS) ACCESSPOINT_WIRELESS_NETGEAR NETGEAR 
NO-BREAK NO-BREAKSMS SMS MEM III
"EXPERT WORK STATION,WINDOWS VISTA,OFFICE 2007,WEBCAM,HEADPHO EXPERTWORKSTATION WINDOWSVISTA OFFICE2007 WEBCAM HEADPHOSCSICARDDAWICONTROL SCSI CARD DAWICONTROL DC-29160 UTRAS3 WIDE"
"ADAPT. INFRARED SITECOM USB TO FAST IRDA ADAPTERBCAM,HEADPHO ADAPT_INFRAREDSITECOMUSBTOFASTIRDAADAPTERBCAM HEADPHO SEM MARCA "
LOUD SPEAKERS (CAIXA DE SOM) LOUDSPEAKERS_CAIXADESOM_LOGITECH LOGITECH 
"MONITOR LCD 20"" TFT SM 205BW MONITORLCD20_TFTSM205BWSAMSUNG SAMSUNG "
BAR CODE READ (LEITOR DE CODIGO BARRA) BARCODEREAD_LEITORDECODIGOBARRA_FUZZYSCAM FUZZYSCAM 
"KVM KEYBOARD,VIDEO ANDE MAUSE,C/4 CABLE KVM USB,PS2 KVMKEYBOARD VIDEOANDEMAUSE C__4CABLEKVMUSB PS2BELKIM BELKIM "
IMPRESSORA COLOR PRINTER FOR PRINTING OM CD/DVD C/KIT IMPRESSORACOLORPRINTERFORPRINTINGOMCD__DVDC__KITRIMAGE RIMAGE 
IMPRESSORA LASER COLOR PRINTER C/KIT IMPRESSORALASERCOLORPRINTERC__KITHP HP 3800 DTN
EXTEMAL READER ZIP EXTEMALREADERZIPIOMEGA IOMEGA 
EXTEMAL READERS HP STORAGEWORKS SDLT 600 GB EXTEMALREADERSHPSTORAGEWORKSSDLT600GBHP HP 
SCANNER SCANNERHP HP 
"IM SOLO III WITH FAST SCSI KIT (PCMCIA MASTER,HD EM,3YEARS IMSOLOIIIWITHFASTSCSIKIT_PCMCIAMASTER HDEM 3YEARS SEM MARCA MALETA PRETA"
"PARABEN´S DEVICE SEIZURE,TOOLBOX PARABENSDEVICESEIZURE TOOLBOX SEM MARCA "
PROJECT-A-PHONE PROJECT-A-PHONE SEM MARCA 
HANDHELD FIRST RESPONDER KIT HANDHELDFIRSTRESPONDERKIT SEM MARCA 
PARABEN´S WIRELESS STRONGHOLD BAG PARABENSWIRELESSSTRONGHOLDBAG SEM MARCA 
LOGICUBE TALON PORTABLE HD MIRROMING MEDIA READING LOGICUBETALONPORTABLEHDMIRROMINGMEDIAREADING SEM MARCA KIT C/MALETA
"LOGICUBE PORTABLE FORENSIC LAB,PORTABLE HD MIRROMING KIT LOGICUBEPORTABLEFORENSICLAB PORTABLEHDMIRROMINGKITJOGODECABOS JOGO DE CABOS MALETA"
"NOTEBOOK/WINDOWS VISTA,PCMCIA FIREWIRE CARD 800,1GB SPEICHER NOTEBOOK__WINDOWSVISTA PCMCIAFIREWIRECARD800 1GBSPEICHER SEM MARCA COM MUCHILA"
UNIVERSAL MOBILE PHONE CHAGER UNIVERSALMOBILEPHONECHAGER SEM MARCA 
VOLTAGE CONVERTER 12V VOLTAGECONVERTER12V SEM MARCA 
DISKETE DRIVE USB DISKETTENLAUFWERK DISKETEDRIVEUSBDISKETTENLAUFWERK SEM MARCA 
PEN DRIVE 4 GB PENDRIVE4GB SEM MARCA 
"CROMOTOGRAFO A GAS C/ESPECTROMETRO DE MASSA S/INJETOR AUTOMA CROMOTOGRAFOAGASC__ESPECTROMETRODEMASSAS__INJETORAUTOMAC__CPU MONITOREIMPRESSORA C/CPU,MONITOR E IMPRESSORA "
"ESPECTROFOTOMETRO ULTRA-VIOLETA/VISIVEL C/CPU,MONITOR/IMPRE. ESPECTROFOTOMETROULTRA-VIOLETA__VISIVELC__CPU MONITOR__IMPRE_ SEM MARCA "
GM - CHEVROLET ASTRA SEDAN ASTRASEDAN FLEXPOWER ADVANTAGE CORCINZA ANO2008CHEVROLET GM - CHEVROLET 
RENAULT MASTER MICROONIBUS MOD_MASTER DIESEL BRACO 4CILINDROS 5MACHASRENAULT RENAULT MASTER
"CPU PENTIUM 4, 512MB DE RAM, GRAVADORA DE DVD, HD DE 80GB CPUPENTIUM4 512MBDERAM GRAVADORADEDVD HDDE80GBPOSITIVO POSITIVO "
MONITOR SVGA DE 17 POL MONITORSVGADE17POLSAMSUNG SAMSUNG 
IMPRESSORA LASERJET MUTIFUNCIONAL IMPRESSORALASERJETMUTIFUNCIONALHP HP 3390
HD IDE WORKING HDD 500 HDIDEWORKINGHDD500 SEM MARCA 
HD SATA 320 GB WORKING HDD HDSATA320GBWORKINGHDD SEM MARCA 
HD SATA 750 GB WORKING HD HDSATA750GBWORKINGHD SEM MARCA 
SOFTWARE ACCESS DATA FTK SOFTWAREACCESSDATAFTK SEM MARCA 
SUBSCRIPTION OPITIONAL 3  JAHRE MNT DAZU SUBSCRIPTIONOPITIONAL3JAHREMNTDAZU SEM MARCA 
SOFTWARE ACCESSDATA UTK2 ULTIMATE TOOLKIT SOFTWAREACCESSDATAUTK2ULTIMATETOOLKIT SEM MARCA 
SUBSCRIPTION OPITIONAL 3 JAHRE MNT DAZU SUBSCRIPTIONOPITIONAL3JAHREMNTDAZU SEM MARCA 
SOFTWARE ACDSEE SOFTWAREACDSEE SEM MARCA 
SOFTWARE ADOBE ACROBAT SOFTWAREADOBEACROBAT SEM MARCA 
SOFTWARE CAPTAIN NEMO SOFTWARECAPTAINNEMO SEM MARCA 
SOFTWARE CORELDRAW SOFTWARECORELDRAW SEM MARCA 
SOFTWARE EASYRECOVERY TECNICAN VERSION SOFTWAREEASYRECOVERYTECNICANVERSION SEM MARCA 
SOFTWARE ENCASE V5 INCL FORENSIC PROSUITE ME MOD. CD/DVD SOFTWAREENCASEV5INCLFORENSICPROSUITEMEMOD_CD__DVD SEM MARCA 
PLSP MNT FUR JAHRE DAZU PLSPMNTFURJAHREDAZU SEM MARCA 
SOFTWARE FINALDATA SOFTWAREFINALDATA SEM MARCA 
SOFTWARE X-WAYS FORENSICS LICENCE V13.4 SOFTWAREX-WAYSFORENSICSLICENCEV13_4 SEM MARCA 
6OFTWARE GETDATABACK BUNDLE FATU NTFS 6OFTWAREGETDATABACKBUNDLEFATUNTFS SEM MARCA 
SOFTWARE GHOST SOFTWAREGHOST SEM MARCA 
SOFTWARE IDAPRO SOFTWAREIDAPRO SEM MARCA 
SOFTWARE ISOBUSTER SOFTWAREISOBUSTER SEM MARCA 
SOFTWARE MACOPENER SOFTWAREMACOPENER SEM MARCA 
SOFTWARE NORTON VIRUSCAN ANTIVIRUS SOFTWARENORTONVIRUSCANANTIVIRUS SEM MARCA 
SOFTWARE NOCLONE SOFTWARENOCLONE SEM MARCA 
SOFTWARE OFFICERECOVERY SOFTWAREOFFICERECOVERY SEM MARCA 
SOFTWARE PARTITON MAGIC SOFTWAREPARTITONMAGIC SEM MARCA 
SOFTWARE PASSWARE KIT ENTERPRISE SOFTWAREPASSWAREKITENTERPRISE SEM MARCA 
SOFTWARE R STUDIO SOFTWARERSTUDIO SEM MARCA 
SOFTWARE SAWMIL PROFESSIONAL SOFTWARESAWMILPROFESSIONAL SEM MARCA 
SOFTWARE SPYAGENT/SPYANYWHERE SOFTWARESPYAGENT__SPYANYWHERE SEM MARCA 
SOFTWARE VMWARE SOFTWAREVMWARE SEM MARCA 
SOFTWARE VMWARE WORKSTATION FOR LINUX SOFTWAREVMWAREWORKSTATIONFORLINUX SEM MARCA 
SOFTWARE WINHEX SOFTWAREWINHEX SEM MARCA 
SOFTWARE ZONEALAM SOFTWAREZONEALAM SEM MARCA 
MONITOR DE VIDEO COLORIDO 17 POLEGADA MONITORDEVIDEOCOLORIDO17POLEGADAHPLCD HP LCD LCD W17
UNID PROC DIG PEQ CAP HP DESTOP DC5750 UNIDPROCDIGPEQCAPHPDESTOPDC5750HP HP DC5750
UNID PROC DIG PEQ - CPU UNIDPROCDIGPEQ-CPU HP 
BARCO DE FABRICACAO AMERICANA - MARUBO - BARCODEFABRICACAOAMERICANA-MARUBO-BOSTONWHALER BOSTON WHALER IC-M55
"CAMARA FOTOGRAFICA DIGITAL,10.1 MEGAPIXELS,18X OPTICA ZOOM CAMARAFOTOGRAFICADIGITAL 10_1MEGAPIXELS 18XOPTICAZOOMPANASONIC PANASONIC DMC-FZ28"
"CAMARA FOTOGRAFICA DIGITAL,10.1 MEGAPIXELS,18X OPTICAL 200M CAMARAFOTOGRAFICADIGITAL 10_1MEGAPIXELS 18XOPTICAL200MPANASONIC PANASONIC DMC-FZ28"
"SCANNER DIGITAL DE MESA, CAPACID.50 PAGINAS PAPEL COMUM SCANNERDIGITALDEMESA CAPACID_50PAGINASPAPELCOMUMHP HP SCANJET 5590"
ANTENA DIRECIONAL PLANO TERRA 3X5/8 DE ONDA 06 DB DE GANHO ANTENADIRECIONALPLANOTERRA3X5__8DEONDA06DBDEGANHOELECTRIL ELECTRIL BRASILIA III
"CAMERA DIGITAL T70 3"" CAMERADIGITALT703_SONY SONY "
"FILMADORA PORTATIL DIGITAL DVD LCD 2,5"" FILMADORAPORTATILDIGITALDVDLCD2 5_SONY SONY DVD 610"
REFRIGERADOR REFRIGERADORDOMESTICO280L BRANCOESMALTEC ESMALTEC 
SCANNER MESA 120 G SCANNERMESA120GHP HP 
"ARMARIO ALTO, 2 PORTAS, 3 PRATELEIRAS ARMARIOALTO 2PORTAS 3PRATELEIRASRESISTE RESISTE "
FRIGOBAR FRIGOBAR CAPACIDADE80LITROS TENSAO110__220CONSUL CONSUL CRC08A
RENAULT MEGANE RENAULMEGANESEDANDINAMIQUE PRETOMETALICORENAULT RENAULT MEGANE SEDAN
IMPRESSORA SAMSUNG SCX-5530FN IMPRESSORASAMSUNGSCX-5530FNSAMSUNG SAMSUNG SCX-5530
PISTOLA GLOCK G17 9MM PISTOLACOMMIRATRITIUM 02CARREGADORESEACESSORIOSGLOCK GLOCK G17
"ARMARIO ALTO COM 2 PORTAS E 3 PRATELEIRAS, COR MARFIM ARMARIOALTOCOM2PORTASE3PRATELEIRAS CORMARFIMGRIF GRIF "
"ARMARIO BAIXO COM 2 PORTAS E 1 PRATELEIRA, COR MARFIM ARMARIOBAIXOCOM2PORTASE1PRATELEIRA CORMARFIMGRIF GRIF "
"MESA DE CHEFIA, MED. 2200X1600MM NA COR MARFIM MESADECHEFIA MED_2200X1600MMNACORMARFIMGRIF GRIF "
"MESA DE ESCRITORIO GRANDE, MED. 2000X1400MM, COR MARFIM MESADEESCRITORIOGRANDE MED_2000X1400MM CORMARFIMGRIF GRIF "
"MESA DE REUNIAO SEMI-OVAL PARA 06 CADEIRA ,COR MARFIM MESADEREUNIAOSEMI-OVALPARA06CADEIRA CORMARFIMGRIF GRIF "
"GRAVADOR DE VOZ DIGITAL, 200M MIC GRAVADORDEVOZDIGITAL 200MMICPANASONIC PANASONIC RR-US450"
LUPA DE MAO LUPADEMAO SEM MARCA 
LUPA ESTEROSCOPIA DE MESA LUPAESTEROSCOPIADEMESA SEM MARCA 
BALANCA DE PRECISSAO COM APARATO DENSIMETRICO INCL DENSITY BALANCADEPRECISSAOCOMAPARATODENSIMETRICOINCLDENSITYSARTORIUS SARTORIUS 
"GPS DE NAVEGACAO INCL.CARRY BAG, CARABINER BUTTON CLIP GPSDENAVEGACAOINCL_CARRYBAG CARABINERBUTTONCLIPGARMIN GARMIN "
"GPS DE NAVEGACAO INCL.CARRY BAG, CARABINER BUTTON CLIP GPSDENAVEGACAOINCL_CARRYBAG CARABINERBUTTONCLIP SEM MARCA "
MEDIDOR DE PROFUNDIDADE DE AGUA DIGITAL MEDIDORDEPROFUNDIDADEDEAGUADIGITALSPEEDTECH SPEEDTECH 
"AMOSTRADOR DE SOLOS DE 21"" AMOSTRADORDESOLOSDE21_ SEM MARCA "
TRENA ELETRONICA TRENAELETRONICALEICA LEICA 
SOFTWARE ARC PAD SOFTWAREARCPADESRI ESRI ARCGIS9
PALM TOP PALMTOPHP HP IPAQ 214
CAPA DE PROTECAO PARA PALM TOP CAPADEPROTECAOPARAPALMTOP SEM MARCA 
CLINOMETRO DIGITAL (BUSSOLA) CLINOMETRODIGITAL_BUSSOLA_FREIBERGER FREIBERGER 
"PLOTTER, SCANNER E COPIADORA A0 PLOTTER SCANNERECOPIADORAA0HPDESIGNJET HP DESIGNJET T1.100MFP"
MICROCOMPUTADOR PENTIUM 4 WILHOUT FIRE WIRE AND W-LAN MICROCOMPUTADORPENTIUM4WILHOUTFIREWIREANDW-LAN SEM MARCA CHIEFTEC
WINDOWS VISTA ENTERPRISE XP DOWNGRADE AUTHORIZED WINDOWSVISTAENTERPRISEXPDOWNGRADEAUTHORIZED SEM MARCA 
"MONITOR 20"" MONITOR20_SAMSUNG SAMSUNG 2043"
"MONITOR 20"" MONITOR20_SAMSUNG SAMSUNG "
SOLTWARE AUTOCAD STAND ALONE SOLTWAREAUTOCADSTANDALONE SEM MARCA 
SOLTWARE TOPOGRAPH SOLTWARETOPOGRAPH SEM MARCA 
SOLTWARE TRACKMAKER PROFESSIONAL SOLTWARETRACKMAKERPROFESSIONAL SEM MARCA 
SOLTWARE SIREN SOLTWARESIREN SEM MARCA 
MICROCOMPUTADOR PENTIUM 4 WITHOUT FIRE WIRE AND W-LAN MICROCOMPUTADORPENTIUM4WITHOUTFIREWIREANDW-LAN SEM MARCA CHIEFTEC
MONITOR DA ESTACAO PERICIAL DE GEOFISICA FORENSE MONITORDAESTACAOPERICIALDEGEOFISICAFORENSESAMSUNG SAMSUNG 2043
IMPRESSORA LASER COLORIDA A3 IMPRESSORALASERCOLORIDAA3HP HP 5550
"SOLTWARE ARCVIEW GIS - COMPLETO, ULTIMA VERSAO SOLTWAREARCVIEWGIS-COMPLETO ULTIMAVERSAO SEM MARCA "
SOLTWARE ENVI SOLTWAREENVI SEM MARCA 
SOLTWARE MATA NATIVA SOLTWAREMATANATIVA SEM MARCA 
WINDOWS VISTA ENTER PRISE XP DOWNGRADE AUTHORIZED WINDOWSVISTAENTERPRISEXPDOWNGRADEAUTHORIZED SEM MARCA 
MONITOR DE ESTACAO PERICIAL MONITORDEESTACAOPERICIALSAMSUNG SAMSUNG 
SOFTWARE ADOBE AUDITION V.3 SOFTWAREADOBEAUDITIONV_3 SEM MARCA 
"POLTRONA COM ESPALDAR ALTO C/BRACO E RODIZIO, COR PRETO POLTRONACOMESPALDARALTOC__BRACOERODIZIO CORPRETOTECNO2000 TECNO2000 "
"POLTRONA GIRATORIA COM BRACO, COR PRETO POLTRONAGIRATORIACOMBRACO CORPRETOTECNO2000 TECNO2000 "
"POLTRONA FIXA COM BRACO,COR PRETO POLTRONAFIXACOMBRACO CORPRETOTECNO2000 TECNO2000 "
"ESTOFADO DE 3 LUGARES, COR PRETO ESTOFADODE3LUGARES CORPRETOTOK TOK "
RADIO HT TPH600 RADIOPORTATILTPH600EADS__TELECOM EADS/TELECOM HT8331 RADIO PORTATIL TPH
COLETOR DE LIXO EM FIBRA DE VIDRO 31X31 SEM TAMPA COLETORDELIXOEMFIBRADEVIDRO31X31SEMTAMPAGALCENTER GAL CENTER 
MITSUBISHI L200 PICK-UPL-200 CABINEDUPLA 4X4 PRETOLAMPMITSUBISHI MITSUBISHI 
MITSUBISHI L200 PICK-UPL-200 CABINEDUPLA 4X4 PRETOLAMPMITSUBISHI MITSUBISHI L-200
MITSUBISHI L200 PICK-UPL-200 CABINEDUPLA 4X4 PRATATECNOMITSUBISHI MITSUBISHI 
NOTEBOOK-2GB-DDR2-FC1.8GHZ-64BITS-HD160GB-BOLSA E ACESSORIOS NOTEBOOK-2GB-DDR2-FC1_8GHZ-64BITS-HD160GB-BOLSAEACESSORIOSLENOVO LENOVO T61
COLETO PARA COPO DESCARTAVEIS DE AGUA E CAFE EM FIBRA VIDRO COLETOPARACOPODESCARTAVEISDEAGUAECAFEEMFIBRAVIDROOPQUIMICA OP QUIMICA H-65
"CONJ.COLETA SELETIVA C/04 UNID. 30 LT,FIBRA METALICA CONJ_COLETASELETIVAC__04UNID_30LT FIBRAMETALICAARTPLAN ARTPLAN "
CONTEINER C/TAMPA EM FIBRA DE VIDRO CONTEINERC__TAMPAEMFIBRADEVIDROMF022 MF022 
APARELHO DE AR CONDICIONADO 24000BTUS C/ CONTROLE REMOTO APARELHODEARCONDICIONADO24000BTUSC__CONTROLEREMOTOLG LG SPLIT
GM - CHEVROLET ASTRA SEDAN ASTRASEDANADVANTAGE FLEXPOWER PRATAPOLARISCHEVROLET GM - CHEVROLET 
MITSUBISHI L200 PICK-UPL-200 CABINEDUPLA4X4PRETOLAMPMITSUBISHI MITSUBISHI L-200
LEITOR DE CODIGO DE BARRAS LEITORDECODIGODEBARRASOPTICON OPTICON OPR-2001
IMPRESORA DE CODIGO DE BARRAS IMPRESORADECODIGODEBARRASZEBRA ZEBRA TLP28441
LEITOR DE TARJA MAGNETICA 3 TRILHAS LEITORDETARJAMAGNETICA3TRILHASIDTECH IDTECH IDT-3331-33U
"NO-BREAK POTENCIA 3,0KVA220V NO-BREAKPOTENCIA3 0KVA220VKVA KVA KNS 3000BS"
"BATERIA DE ALTA CAPACIDADE DE IONS DE LITIO 4,7V BATERIADEALTACAPACIDADEDEIONSDELITIO4 7VEADS__TELECOM EADS/TELECOM HR7471AAA01"
CONJUNTO COLETA SELETIVA DE LIXO EM FIBRA C/04 UNIDADES CONJUNTOCOLETASELETIVADELIXOEMFIBRAC__04UNIDADESDVASCO D VASCO 
"EXTINTOR PO QUIMICO PARA INCENDIO A, B, C DE 6KG EXTINTORPOQUIMICOPARAINCENDIOA B CDE6KGRESIL RESIL "
PISTOLA DE DESCARGA ELETRICA TASER M26/X26 PISTOLADEDESCATGAELETRICA NAOLETALDEFENSIVADEIMOBI_TASER TASER M26
LANCADOR DE MUNIÇÃO MENOS LETAL CALIBRE 12 PROJETORCALIBRE12PARACARTUCHOSDEMUNICAOQUIMICACONDOR CONDOR 
LANCADOR DE MUNIÇÃO MENOS LETAL CALIBRE 37/38MM LANCADORDEMUNICOESNAOLETAISCONDOR CONDOR AM-600
"NO-BREAK 5000VA, MICROPROCESSADOR C/ESTABILIZADOR INTERNO NO-BREAK5000VA MICROPROCESSADORC__ESTABILIZADORINTERNOSMS SMS "
APARELHO DE DVD PLAYER REPRODUZ CD-ROM E MP3 APARELHODEDVDPLAYERREPRODUZCD-ROMEMP3PANASONIC PANASONIC S27LB-S
APARELHO DE VIDEO CASSETE DE 7 CABECAS APARELHODEVIDEOCASSETEDE7CABECASPANASONIC PANASONIC NV-HV60LB-S
"MICROCOMPUTADOR, AMD ATHLON XP 2800, 80GB, 7200RPM MICROCOMPUTADOR AMDATHLONXP2800 80GB 7200RPMHP HP ATHLON XP 2800"
"MONITOR DE VIDEO 17"" FLAT, COR PRETA, TELA PLANA MONITORDEVIDEO17_FLAT CORPRETA TELAPLANASAMSUNG SAMSUNG "
"IMPRESSORA LASER MONOCROMATICA 1200DPI, 64MB DE RAM IMPRESSORALASERMONOCROMATICA1200DPI 64MBDERAMKYOCERA KYOCERA FS-3820N"
"SWITCH C/24PORTAS RJ-45 10/100/1000, CAP 192 PORTAS SWITCHC__24PORTASRJ-4510__100__1000 CAP192PORTAS3COM 3COM 3870"
"IMPRESSORA JATO DE TINTA RES. 4800X1200DPIB, 7200RPM IMPRESSORAJATODETINTARES_4800X1200DPIB 7200RPMEPSON EPSON STYLUS C-65"
"MONITOR DE VIDEO 15"" C/AJUSTE DE IMAGEM MONITORDEVIDEO15_C__AJUSTEDEIMAGEMHP HP HP5500"
"MICROCOMPUTADOR COMPAQ ML350 G4, PROCESSADOR INTEL PENTIUM MICROCOMPUTADORCOMPAQML350G4 PROCESSADORINTELPENTIUMHP HP HP PROLIANT ML350"
MESA P/TV DE FORMATO RETO C/REVESTIMENTO METALICOL PENTIUM MESAP__TVDEFORMATORETOC__REVESTIMENTOMETALICOLPENTIUMGIROFLEX GIROFLEX 
"CADEIRA GIRATORIA EM MADEIRA S/BRACO, POLIESTER AZUL CADEIRAGIRATORIAEMMADEIRAS__BRACO POLIESTERAZULGIROFLEX GIROFLEX "
MESA P/REUNIAO EM MADEIRA C/BASE CENTRALIZADAER AZUL MESAP__REUNIAOEMMADEIRAC__BASECENTRALIZADAERAZULGIROFLEX GIROFLEX 
"POLTRONA FIXA C/ESPALDAR MEDIO E BRACO, POLIESTER AZUL POLTRONAFIXAC__ESPALDARMEDIOEBRACO POLIESTERAZULGIROFLEX GIROFLEX "
"CADEIRA FIXA EM MADEIRA S/BRACO, POLIESTER AZUL CADEIRAFIXAEMMADEIRAS__BRACO POLIESTERAZULGIROFLEX GIROFLEX "
MESA P/MICROCOMPUTADOR DE ESTRUTURA EM ACO ABNT TUBULAR MESAP__MICROCOMPUTADORDEESTRUTURAEMACOABNTTUBULARGIROFLEX GIROFLEX 
ESTACAO DE TRABALHO P/TUTORES EM MADEIRA AGLOMERADA ESTACAODETRABALHOP__TUTORESEMMADEIRAAGLOMERADAGIROFLEX GIROFLEX 
"MESA P/INSTRUTOR FORMATO RETO, MADEIRA AGLOMERADA MESAP__INSTRUTORFORMATORETO MADEIRAAGLOMERADAGIROFLEX GIROFLEX "
TOYOTA COROLLA COROLLAXLI 1_8FLEX 16VALVULAS PRATASUPERNOVATOYOTA TOYOTA COROLLA
TOYOTA COROLLA COROLLAXLI 1_8FLEX 16VALVULAS CINZAGALACTICOTOYOTA TOYOTA COROLLA
TOYOTA COROLLA COROLLAXLI 1_8FLEX 16VALVULAS BEGEAURORATOYOTA TOYOTA COROLLA
PISTOLA GLOCK G17 9MM PISTOLAGLOCKMODELOG17C__MIRATRITIUNGLOCK GLOCK G17
KIT COMPOSTO POR 45 LIVROS KITCOMPOSTOPOR45LIVROSEDITORADIVERSAS EDITORA DIVERSAS AUTORES DIVERSOS
GUIA DO CONJ. DE CONH. EM GER. PRO GUIADOCONJ_DECONH_EMGER_PROPROJECTMANAGEMENTIN PROJECT MANAGEMENT IN 
KIT COMPOSTO POR 19 LIVROS KITCOMPOSTOPOR19LIVROSEDITORADIVERSAS EDITORA DIVERSAS AUTORES DIVERSAS
FORD FOCUS SEDAN FORDFOCUSSEDAN 2_0L 04PORTAS GASOLINAFORD FORD 
FORD FOCUS SEDAN FORDFOCUSSEDAN 2_0L 04PORTAS GASOLINAFORD FORD FOCUS SEDAN
SCANNER CCD KB WEDGE MAGICBAR C/CABO (LEITORA DE CODIGO) SCANNERCCDKBWEDGEMAGICBARC__CABO_LEITORADECODIGO_CCD CCD KB WEDGE
AR CONDICIONADO TIPO SLIT DE 18.000 BTUS ARCONDICIONADOTIPOSLITDE18_000BTUSKOMECO KOMECO KOS18FC-G2C
AR CONDICIONADO TIPO SLIT DE 18.000 BTUS ARCONDICIONADOTIPOSLITDE18_000BTUSELGIN ELGIN 
AR CONDICIONADO TIPO SLIT DE 24.000 BTUS ARCONDICIONADOTIPOSLITDE24_000BTUSKOMECO KOMECO KOS24FC-G2
"VENTILADO STYLO COLUNA,50CM,COR PRETO, 220WV, HELICE 3 PAS VENTILADOSTYLOCOLUNA 50CM CORPRETO 220WV HELICE3PASARGE ARGE STYLO"
EQUIPAMENTO ILUMINACAO INCANDESCENTE POR FIBRA OPTICA EQUIPAMENTOILUMINACAOINCANDESCENTEPORFIBRAOPTICASCHOTT SCHOTT 
MEDIDOR DE CONDUTIVIDADE TERMICA MEDIDORDECONDUTIVIDADETERMICAPRESIDIUM PRESIDIUM 
PAQUIMETRO DIGITAL PAQUIMETRODIGITALPRESIDIUM PRESIDIUM 
MEDIDOR DE CONDUTIVIDADE ELETRICA MEDIDORDECONDUTIVIDADEELETRICAONE ONE 
NOTEBOOK IBM NOTEBOOKIBMLENOVO LENOVO 
TRENA ELETRONICA (NEW) TRENAELETRONICA_NEW_LEICA LEICA 
GPS COM PRECISSAO SUB-METRICA GPSCOMPRECISSAOSUB-METRICATRIMBLE TRIMBLE 
TRENA DE RODA TRENADERODANESTLE NESTLE 
DETECTOR GEIGER MULLER DETECTORGEIGERMULLERTHERMO THERMO 
DETECTOR GEIGER MULLER ACESSORIOS DETECTORGEIGERMULLERACESSORIOS SEM MARCA 
SONDA PORTATIL P/ANALISE DE AGUA SONDAPORTATILP__ANALISEDEAGUAOTT OTT 
KIT DE ESTUDO AVANCADO DO SOLO KITDEESTUDOAVANCADODOSOLOEIJKELKAMP EIJKELKAMP 
CAMARA FOTOGRAFICA DIGITAL CAMARAFOTOGRAFICADIGITALPENTAX PENTAX 
FILMADORA DIGITAL C/ACESSORIOS FILMADORADIGITALC__ACESSORIOSPANASONIC PANASONIC 
PALM TOP C/CAPA DE PROTECAO PALMTOPC__CAPADEPROTECAOHP HP 
HIPSOMETRO HIPSOMETROSUUNTO SUUNTO 
VIDEOCONFERENCIA EXECUTIVE DESKTOP SYSTEM VIDEOCONFERENCIAEXECUTIVEDESKTOPSYSTEMPOLYCOM POLYCOM SYSTEM
VIDEOCONFERENCIA CODEC DE ALTA DEFINICAO HDX8004 VIDEOCONFERENCIACODECDEALTADEFINICAOHDX8004POLYCOM POLYCOM HDX8004
VIDEOCONFERENCIA PEDESTRAL DE CHAO VE800 ELG BLACK VIDEOCONFERENCIAPEDESTRALDECHAOVE800ELGBLACKPOLYCOM POLYCOM ELG BLACK
TELEVISOR COLORIDO LCD 42 POLEGADAS PHILIPS TELEVISORCOLORIDOLCD42POLEGADASPHILIPSPHILIPS PHILIPS LCD42
RADIO HT TPH600 RADIOPORTATILTPH600EADS__TELECOM EADS/TELECOM HT8381 RADIO PORTATIL TPH
RADIO HT TPH700 RADIOTRANSCEPTORPORTATILHT8480TPH700EADS__TELECOM EADS/TELECOM HT8480
BATERIA DE ALTA CAPACIDADE DE IONS DE LITIO DO TPH700 BATERIADEALTACAPACIDADEDEIONSDELITIODOTPH700EADS__TELECOM EADS/TELECOM HR7742AA
ANTENA VERTICAL (KATHREIN) 720880 ANTENAVERTICAL_KATHREIN_720880EADS__TELECOM EADS/TELECOM 720880
REPETIDORA PORTÁTIL TETRAPOL IDR IDRREPETIDORADIGITALINDEPENDENTERB1909GBEADS__TELECOM EADS/TELECOM RB1909GB
"MICROCOMPUTADOR INFOWAY-ST+P4,630,3.0GHZF.DVD/CDRW,ACESS. MICROCOMPUTADORINFOWAY-ST+P4 630 3_0GHZF_DVD__CDRW ACESS_ITAUTECPHILCO ITAUTEC PHILCO INFOWAY"
"MONITOR CRT TELA PLANA 17"" DOT PICH 0,20 MONITORCRTTELAPLANA17_DOTPICH0 20LG LG T730OSH"
NOTEBOOK-2GB-DDR2-FC1.8GHZ-64BITS-HD160GB-BOLSA E ACESSORIOS NOTEBOOK-2GB-DDR2-FC1_8GHZ-64BITS-HD160GB-BOLSAEACESSORIOSLENOVO LENOVO T400
CABO DE CONFIGURACAO TPH600 - S PH600 CABODECONFIGURACAOTPH600-SPH600EADS__TELECOM EADS/TELECOM HG5083
CABO DE CONFIGURACAO DO RADIO TPH600 CABODECONFIGURACAODORADIOTPH600EADS__TELECOM EADS/TELECOM HG5083A
"VENTILADOR DE PAREDE 220V GRANDE  60CM, COR BRANCO VENTILADORDEPAREDE220VGRANDE60CM CORBRANCOARGE ARGE "
AR CONDICIONADO TIPO SLIT DE 30.000BTUS DE PAREDE ARCONDICIONADOTIPOSLITDE30_000BTUSDEPAREDEKOMECO KOMECO K0S30F CELITE
AR CONDICIONADO TIPO SLIT DE 36.000BTUS DE TETO ARCONDICIONADOTIPOSLITDE36_000BTUSDETETOKOMECO KOMECO K0P36FC
AR CONDICIONADO TIPO SLIT DE 60.000BTUS DE TETO ARCONDICIONADOTIPOSLITDE60_000BTUSDETETOKOMECO KOMECO K0P60FC
"ANTENA YAGI UHF 12 DBS, COM CABO COAXIAL RG 213 ANTENAYAGIUHF12DBS COMCABOCOAXIALRG213YAGI YAGI "
AR CONDICIONADO SPLIT RHEEM 30.000BTUS ARCONDICIONADOSPLITRHEEM30_000BTUSRHEEM RHEEM RB1HW30AC2B
AR CONDICIONADO SPLIT RHEEM 18.000BTUS ARCONDICIONADOSPLITRHEEM18_000BTUSRHEEM RHEEM RB1H18AC2B
"ESTANTE DE ACO COM 6 BANDEJAS 200X094X030, COR CINZA ESTANTEDEACOCOM6BANDEJAS200X094X030 CORCINZANOVAO NOVA«O "
EXTINTOR PO 01 KG ABC P/VEICULO FIAT/SIENA EXTINTORPO01KGABCP__VEICULOFIAT__SIENAS__MARCA S/MARCA 
EXTINTOR PO 01 KG ABC P/VEICULO NISSAN/XTERRA EXTINTORPO01KGABCP__VEICULONISSAN__XTERRAS__MARCA S/MARCA 
EXTINTOR PO 01 KG ABC P/VEICULO GM/CORSA EXTINTORPO01KGABCP__VEICULOGM__CORSAS__MARCA S/MARCA 
FIAT DOBLO DOBLO AR KITELETRICO 04CILINDROS BRANCOBANCHISSAFIAT FIAT DOBLO
"PROCESSADOR,INTEL DUALCORE E5500,2.8GHZ MM2GBHD500GB PROCESSADOR INTELDUALCOREE5500 2_8GHZMM2GBHD500GBELCOMA__MONDO ELCOMA/MONDO OBS:MOTITOR LCD 18,5 PHILIPS"
"IMPRESSORA MOVEL HP OFFICEJET,H470WBT IMPRESSORAMOVELHPOFFICEJET H470WBTHP HP H470"
"NOTEBOOK LENOVO Z4600913-HQP,R705GPK,OC P61002,14 LED 2GB NOTEBOOKLENOVOZ4600913-HQP R705GPK OCP61002 14LED2GBLENOVO LENOVO Z460"
IMPRESSORA MULTIFUNCIONAL LASER PRINTCOLOR IMPRESSORAMULTIFUNCIONALLASERPRINTCOLORXEROX XEROX 6121-PN6121MFPNMONO
PISTOLA GLOCK G19 9MM PISTOLACOMMIRATRITIUM 02CARREGADORESEACESSORIOSGLOCK GLOCK G19
PISTOLA GLOCK G17 9MM PISTOLACOMMIRATRITIUM 2CARREGADORESEACESSORIOSGLOCK GLOCK G17
PISTOLA GLOCK G17 9MM PISTOLA 9MM MARCAGLOCK MODELOG17 COM02CARREG_EACESGLOCK GLOCK G17
"SERVIDOR DE REDE, MARCA DELL 2900 SERVIDORDEREDE MARCADELL2900DELL DELL DELL 2900"
PISTOLA GLOCK G26 9MM PISTOLACOMMIRATRITIUM 02CARREGADORESEACESSORIOSGLOCK GLOCK G26
PISTOLA GLOCK G17 9MM PISTOLAGLOCKG179X19MM GLOCK G17
PISTOLA GLOCK G26 9MM PISTOLAGLOCKMODG26 COMMIRADETRITIUN_GLOCK GLOCK G26
PISTOLA GLOCK G19 9MM PISTOLAC__MIRATRITIUM 03CARREGADORESEACESSORIOSGLOCK GLOCK G19
PISTOLA GLOCK G17 9MM PISTOLACOMMIRATRITIUM 04CARREGADORESEACESSORIOSGLOCK GLOCK G17
PISTOLA GLOCK G26 9MM PISTOLAC__MIRATRITIUM 02CARREGADORESEACESSORIOS_GLOCK GLOCK G26
PISTOLA GLOCK G17 9MM PISTOLACOMMIRATRITIUM 03CARREGADORESEACESSORIOSGLOCK GLOCK G17
GRAVADOR PORTATIL GRAVADORPORTATILSONY SONY ICD PX-720
GRAVADOR PORTATIL GRAVADORPORTATIL  
CAMERA FOTOGRAFICA DIGITAL CAMERAFOTOGRAFICADIGITALSONY SONY DSC-W320
SERVIDOR POWEREDGE (DELL 2900) SERVIDORPOWEREDGE_DELL2900_POWEREDGE POWEREDGE DELL
SERVIDOR POWEREDGE (DELL 2900) SERVIDORPOWEREDGE_DELL2900_POWEREDGE POWEREDGE DELL 2900
PISTOLA GLOCK G26 9MM PISTOLAC__MIRATRITIUM 2GARREGADORESEACESSORIOSGLOCK GLOCK G26
PISTOLA GLOCK G17 9MM PISTOLAGLOCKMOD_G17 G19EG26 COMMIRADETRITIUN_GLOCK GLOCK G17
PISTOLA GLOCK G26 9MM PISTOLAGLOCKG269X19MM GLOCK G26
PISTOLA GLOCK G17 9MM PISTOLAC__MIRATRITIUM 04CARREGADORESEACESSORIOSGLOCK GLOCK G17
PISTOLA GLOCK G19 9MM PISTOLAC__MIRATRITIUM 2CARREGADRESEACESSORIOSGLOCK GLOCK G19
PISTOLA GLOCK G17 9MM PISTOLAC__MIRATRITIUM 2CARREGADRESEACESSORIOSGLOCK GLOCK G17
SUBMETRALHADORA HK MP5 9MM SUBMETRALHADORAHKMP5HK HK MP5
SUBMETRALHADORA HK MP5 9MM SUBMETRALHADORAHKMP-5HK HK MP5
SUBMETRALHADORA HK MP5 9MM MP-5_HK HK MP5
PISTOLA GLOCK G17 9MM PISTOLACOMMIRATRITIUM 02CARREGADORESEACESSORIOS_GLOCK GLOCK G17
PISTOLA GLOCK G19 9MM PISTOLACOMMIRATRITIUM 02CARREGADORESEACESSORIOS_GLOCK GLOCK G19
PISTOLA GLOCK G17 9MM PISTOLAC__MIRATRITIUM 2CARREGADORESEACESSORIOSGLOCK GLOCK G17
PISTOLA GLOCK G19 9MM ARMADEFOGOPEQUENOPORTETIPOREVOLVER__PISTOLAGLOCK GLOCK G19
LAPTOP COM ACESSORIOS LAPTOPCOMACESSORIOSDELL DELL LATITUDE D520
COMPUTADOR COM TECLADO E MOUSE (AL) COMPUTADORCOMTECLADOEMOUSE_AL_DELL DELL OPTPLEX 320
SCANNER DE DOCUMENTOS (AL) SCANNERDEDOCUMENTOS_AL_EPSON EPSON 4990
IMPRESSORA DE REDE LASER (AL) IMPRESSORADEREDELASER_AL_HP HP LASERJET 4250DN+Q2439B
"NO BREAK USP 1,5 KVA (AL) NOBREAKUSP1 5KVA_AL_IEC IEC APC"
COMPUTADOR COM GRAVADORA DE DVD COMPUTADORCOMGRAVADORADEDVDLENOVO LENOVO THINKCENTER M57P
TRENA ELETRONICA TRENAELETRONICALEICA LEICA DISTO TM A6
FILMADORA DIGITAL FILMADORADIGITALPANASONIC PANASONIC SDR-SW20
PALMTOP PALMTOPHP HP IPAQ 214
LEITORA DE CODIGO DE BARRAS LEITORADECODIGODEBARRASMETROLOGIC METROLOGIC MS9520
ROUPA DE PROTECAO ANTI-BOMBA ROUPADEPROTECAOANTI-BOMBA SEM MARCA 
KIT DE CORDAS E GANCHOS BASICOS KITDECORDASEGANCHOSBASICOS SEM MARCA 
APARELHO DE RAIO-X PORTATIL APARELHODERAIO-XPORTATIL SEM MARCA 
KIT PARA BUSCAS BASICO KITPARABUSCASBASICO SEM MARCA 
CAPACETE CAPACETE SEM MARCA 
SISTEMA INTEGRADO DE COMUNICACAO SEM FIO SISTEMAINTEGRADODECOMUNICACAOSEMFIO SEM MARCA 
MITSUBISHI L200 L200PICK-UP5PASSAGCORPRATA MITSUBISHI PICK-UP
COMPUTADOR NOTEBOOK COMPUTADORNOTEBOOK HP 
"RASTREADOR PORTATIL COM GPS, GSM, GPRS E BATERIA PARA 10 DIA RASTREADORPORTATILCOMGPS GSM GPRSEBATERIAPARA10DIA GARMIN "
CHAVEIRO C/MICROCAMERA CHAVEIROC__MICROCAMERA OEM 
MICRO CAMERA  MICROCAMERA OEM 
APARELHO DE GPS APARELHODEGPSSATE SATE 
GABINETE BASICO. GABINETEBASICO_ EADS/TELECOM 
DC CONVERTER 4 HOURS POWER SAVING FOR IBS04 DCCONVERTER4HOURSPOWERSAVINGFORIBS04 EADS/TELECOM 
KIT INSTALLATION OF THE TACTICAL & OPERACIONAL TOOLS KITINSTALLATIONOFTHETACTICAL&ampOPERACIONALTOOLS EADS/TELECOM 
TACTICAL & OPERACIONAL TOOLS (1 SADP & ILATC + 1 TWP + 1 TPS08 + TPS1) TACTICAL&ampOPERACIONALTOOLS_1SADP&ampILATC+1TWP+1TPS08+TPS1_ EADS / TELECOM 
KIT INSTALAÇÃO OF THE M9660 IBS 04 : 04 CHANELLELS MICRO RADIO BASE STATION (ANTENA) 5206-APARELHOSEEQUIPAMENTOSDECOMUNICACAO EADS/TELECOM 
NOTEBOOK Estacaoportatilparacoletadepadraaodevoz notebookT400lenovoID2767AJ8THINKPADcom03fonedeouvido placadecapturadeaudio LENOVO/THINKPAD T400
FILMADORA SONY FILMADORASONYMiniDVdealtadefinicao SONY HDR-HC9
PROGRAM SERVER + DHCP + DNS programserver+dhcp+dns EADS / TELECOM 
REDUNDANT CONTROL NODES : 2 MCU+ 2 ACU + CRIPTOGRAFIA . redundantcontrolnodes:2mcu+2acu+criptografia_ EADS/TELECOM 
TMP/MD V35 IP tmp__mdv35ip EADS/TELECOM 
ILAC (STANDLALONE+CARTE+BOX) ilac_standlalone+carte+box_ EADS / TELECOM 
KIT TACT kittact EADS / TELECOM 
RACK ILATC rackilatc EADS/TELECOM 
APARELHO DE TELEFONE COM VISOR APARELHODETELEFONECOMVISORconvencional corberge INTELBRAS ID
APARELHO DE TELEFONE COM VISOR APARELHODETELEFONECOMVISORconvencional corgrafite INTELBRAS ID
LANCADOR DE MUNIÇÃO MENOS LETAL CALIBRE 40MM (40X46) LANCADORESDEMUNICOESNAOLETAIS AM640_ CONDOR AM-640
"CONTROLADORA SCSI. unidadedefitalto-3externakit controladoraHBASCSIlS1203201iemidiaparafitalto3400__8000gb TANDBERG/DATA, TANDBERG DATA BRSLA-0605-AC"
PROJETOR DE IMAGEM MULTIMIDIA (DATA SHOW ) PROJETORDEIMAGEMMULTIMIDIA_DATASHOW_ EPSON H434A
NETBOOK NETBOOKitautecw7020comwindows7professional ITAUTEC W7020
"HD EXTERNO (DISCO RIGIDO) HDEXTERNO_DISCORIGIDO_ SAMSUNG, SANSUNG M2 PORTABLE"
"HD EXTERNO  (DISCO RIGIDO) HDEXTERNO_DISCORIGIDO_ SAMSUNG, SANSUNG M2 PORTABLE"
"HD EXTERNO (DISCO RIGIDO) HDEXTERNO_DISCORIGIDO_ SAMSUNG, SANSUNG M2 PORTBLE"
IMPRESSORA MULTIFUNCIONAL A LASER IMPRESSORAMULTIFUNCIONALALASER SAMSUNG SCX-5835
IMPRESSORA MULTIFUNCIONAL A LASER IMPRESSORAMULTIFUNCIONALALASER SAMSUNG SCX0-5835
IMPRESSORA MULTIFUNCIONAL A LASER IMPRESSORAMULTIFUNCIONALALASER SAMSUNG SXC-5835
IMPRESSORA MULTIFUNCIONAL A LASER IMPRESSORAMULTIFUNCIONALALASER SAMSUNG SC5835
MARTELO DE INERCIA PARA TESTE BALISTICO MARTELODEINERCIAPARATESTEBALISTICOMOD:QUICK-N-EZ FRANKFORD ARSENAL 
SCANNER. SCANNER_ AVISION AV220D2+
"BOROSCOPIO COM DISPLAY WIRELESS BOROSCOPIOCOMASSESSORIOS INSTRUTERM, INSTRUTEMP ITBR450"
MICROCOMPUTADOR CPU DESKTOP MICROCOMPUTADORCPUDESKTOP_ HP COMPAQ 8200 ELITE-XL509AV#137
"MONITOR DE LCD 19"" MONITORDELCD19_ HP L190HB"
"MONITOR DE LCD 19"" MONITORDELCD19_ HP HP"
"MONITOR DE LCD 19"" MONITORDELCD19_ HP "
"MICROCOMPUTADOR CPU DESKTOP MICROCOMPUTADORCPUDESKTOP_ HP COMPAQ, HP 8200 ELITE-XL509AV#168"
"MONITOR DE VIDEO LCD 22"" MONITORDEVIDEOLCD22_ HP LA2205WG"
MONITOR  MONITOR HP LA2205WG
APARELHO GPS GPSGARMINMAP60CSX_ GARMIN 60CSX 
APARELHO GPS GPSSIGAMESMART4_3VISTAPRETO C__SOFTWAREINSTALADOVISTA-IGO8_3   SMART 
FILMADORA FILMADORASONY SONY 
"DISCO RIGIDO,1500GB,7200RPM,PADRAO SERIAL SATA II. DISCORIGIDO 1500GB 7200RPM PADRAOSERIALSATAII_ SATA "
EQUIPAMENTO PARA ESTRAÇÃO DE DADOS DE TELEFONES Equipamentosp__extracaodedadosdetelefonescelularestipo2 SATA 
SUPRIMENTO DE CARTÃO EXPRESSCARD Suprimentodecartaoexpresscarde-sata SATA 
MAQUINA FOTOGRAFICA DIGITAL. MAQUINAFOTOGRAFICADIGITAL_ SAMSUNG ES 75
CANHÃO DISRUPTOR CANHAODISRUPTORPARAACOESANTIBOMBAS SEM MARCA 
"MICROCOMPUTADOR HP TIPO DESKTOP 8200 ELITE, COM ACESSÓRIOS MicrocomputadorHP tipodesktop8200Elite commouseopticousbHP tecladoHPewebcam HP "
MONITOR DE VIDEO COM TELA DE LCD DE 20 POLEGADAS MONITORDEVIDEOCOMTELADELCDDE20POLEGADAS HP 
"MICROCOMPUTADOR PESSOAL - TIPO NOTEBOOK MICROCOMPUTADORPESSOAL-TIPONOTEBOOK DELL INSPIRON N4050, DELL INSPIRON N4050"
PAQUIMETRO DIGITAL PAQUIMETRODIGITAL COSA 
COMPUTADOR C/MOUSE E TECLADO COMPUTADORC__MOUSEETECLADO HP COMPAQ 6005
MONITOR MONITORLCD19POL_ HP L190 HB
"SWITCH, 48 PORTAS 10/100 MBPS SWITCH 48PORTAS10__100MBPS HP "
"MICROCOMPUTADOR PESSOAL NOTEBOOK THINKPAD MICROCOMPUTADORPESSOALNOTEBOOKTHINKPAD LENOVO/THINKPAD, LENOVO/TRINKPAD T420-4180"
PLACA BALÍSTICA _PAR_PLACABALISTICADORSAL__FRONTALNIVELIII_STAND-ALONE__ INBRA-TEXTIL 
COLETE BALISTICO COLETEBALISTICO RONTAN 
COLETE BALISTICO COLETESBALISTICOS:    -30PP;30P;162M;59G;13GG_ RONTAN 
PLACA BALÍSTICA _PAR_PLACABALISTICADORSAL__FRONTALNIVELIII_STAND-ALONE_ INBRA-TEXTIL 
MITSUBISHI L200 L200CABINEDUPLA PRATATECNO_ MITSUBISHI L200
PLACA BALÍSTICA _PARA_PLACABALISTICADORSAL__FRONTALNIVELIII_STAND-ALONE__ INBRA-TEXTIL 
COLETE BALISTICO COLETEBALISTICONIVELII_ RONTAN 
COLETE BALISTICO COLETEBALISTICONIVELII RONTAN 
MONITOR LCD DE 22 POLEGADAS MONITORLCDDE22POLEGADAS HP LA2205WG
MITSUBISHI PAJERO PAJERODAKAROSTENSIVO PRETO_ MITSUBISHI PAJERO
IMPRESSORA HP DESKJET PORTATIL IMPRESSORAHPDESKJETPORTATIL HP L411A
IMPRESSORA HP DESKJET PORTATIL IMPRESSORAHPDESKJETPORTATIL HP 100 - CN551A
PLACA BALÍSTICA _PAR_PLACABALISTICADORSAL__FRONTALNIVELIII_STANDE-ALONE__  Numerodeserie:31500 INBRA-TEXTIL 
ESTANTE DE ACO 06 PRATELEIRAS ESTANTEDEACO06PRATELEIRAS PANDIN 
PLACA BALÍSTICA _PAR_PLACABALISTICADORSAL__FRONTALNIVELIIISTAND-ALONE_ INBRADEFESA 
TAPETE PERSONALIZADO 2X1 TAPETEPERSONALIZADO2X1 3M NOMAD 3M
"COM KIT P/IDENTIFICACAO,COLETA DE VEST.DELIT. COMKITP__IDENTIFICACAO COLETADEVEST_DELIT_ CONECTA "
GERADOR DE LUZ FORENSE PORTÁTIL DE ESPECTROS MÚLTIPLOS Geradordeluzcom10espectros referenciaLumatecmod_Superlite400 combateriaacoplada;-Caboguiadeluz grosso comgatilhomagnetico;-Caboguiadeluz fino semgatilho;-Cabodeenergia FNT padraoABNT;-Caboparacarregadordebateriamacho__femeapadraoDIN08pinos;-Cabodeenergiapadraoveicular;Boroscopiocomcaboguiadeluz;-Carregadordebaterias;-Ponteiras redondas paracaboguiadeluz;-oculosdeprotecaoevisualizacaonascores transparente laranja vermelhoeamarelo;-Ponteiraemformatriangularparaluzrasante;-Conjuntode05lentesretangularesparavisualizacao nascoresvermelhoescuro vermelhoclaro laranja amareloclaroeamareloescuro-Caixadeluzparadocumentoscopia;-Condutordeluzflexivel_hasteflexivel_;-Hastetelescopicaparamontagemnogeradordeluz-Lupaparafotografia padrao77mm;-Jogodelentespadrao77mmparavisualizacaonalupa coresverde vermelho laranja amarelo; LUMATEC 
"MICROCOMPUTADOR NOTEBOOK MICROCOMPUTADORNOTEBOOK ACER ASPERI, ACER ASPIRE 5750-9668"
MESA DE SOM MESADESOM BEHRINGER KENYX X1832USB
AMPLIFICADOR AMPLIFICADOR BEHRINGER EUROPOWER EP400
FILMADORA SONY SR 68 (SF) FILMADORASONYSR68_SF_ SONY DCR SR68
"NOTEBOOK, MARCA ACER NOTEBOOK MARCAACER ACER 4740"
"NOTEBOOK, MARCA ACER NOTEBOOK MARCAACER ACER ASPIRE 5253"
"NOTEBOOK, MARCA ACER NOTEBOOK MARCAACER ACER ASPIRE 5736Z"
"NOTEBOOK, MARCA ACER NETBOOK MARCAACER ACER ASPIRE ONE KAV60"
"NOTEBOOK, MARCA ACER NETBOOK MARCAACER ACER ASPIRE ONE NAV50"
"NOTEBOOK, MARCA ACER NETBOOK MARCAACER ACER ASPIRE 1410"
"NOTEBOOK, MARCA ACER NETBOOK MARCAACER ACER ASPIRE ONE ZA3"
"NOTEBOOK, MARCA SONY, MODELO VAIO NOTEBOOK MARCASONY MODELOVAIO SONY   _____________________,, SONY VAIO PCG-6"
"NOTEBOOK, MARCA SONY, MODELO VAIO NETBOOK MARCASONY MODELOVAIO SONY VAIO, SONY PCG11112L"
"APARELHO DE COMUNICACAO GPS APARELHODECOMUNICACAOGPS FOSTON, POWERPACK TD4320"
"APARELHO DE COMUNICACAO GPS APARELHODECOMUNICACAOGPS MULTILASER, FOSTON TRACKER"
GPS GPS FOSTON FS-460DT
GPS GPS FOSTON FS-441B
"GPS GPS FOSTON, MIDI-JAPAN MD55991SDB-T"
GPS GPS MIDI JAPAN MD-5049 ISDB-T
GPS GPS MIDI JAPAN 
"GPS GPS MIDI JAPAN, MIDI-JAPAN MD55991SDB-T"
"GPS GPS MIDI JAPAN, BAK BK-GPS7005HD"
"GPS GPS FOSTON, POWERPACK FS-707DC"
"GPS GPS POWERPACK, MIDI-JAPAN MD55991SDB-T"
GPS GPS POWERPACK TD4820
GPS GPS POWERPACK TD7010
"GPS GPS FOSTON, BAK BK-GPS4300HD"
GPS GPS FOSTON FS
GPS GPS FOSTON 700DT
GPS GPS BAK BKGPS4305
"GPS GPS BAK, TOMTOM 14644"
GPS GPS ORANGE G777
"GPS GPS TOMTOM, POWERPACK TD4320"
"GPS GPS FOSTOL, TOMTOM FS-441B"
GPS GPS MIO N254/MOOVM300
TABLET TABLETCOMTELATOUCHSCREENPARALEITURADELIVROS MANUAIS EXECUCAODEAPLICATIVOSEACESSOAREDESWIFIE3G COBY KIROS
TABLET TABLETCOMTELATOUCHSCREENPARALEITURADELIVROS MANUAIS EXECUCAODEAPLICATIVOSEACESSOAREDESWIFIE3G COBY KIR
"TABLET TABLETCOMTELATOUCHSCREENPARALEITURADELIVROS MANUAIS EXECUCAODEAPLICATIVOSEACESSOAREDESWIFIE3G KIROS, COBY MID7016-4G"
TABLET TABLETCOMTELATOUCHSCREENPARALEITURADELIVROS MANUAIS EXECUCAODEAPLICATIVOSEACESSOAREDESWIFIE3G COBY KIROS MID7016-4G
TABLET TABLETCOMTELATOUCHSCREENPARALEITURADELIVROS MANUAIS EXECUCAODEAPLICATIVOSEACESSOAREDESWIFIE3G COBY KIROS MID7016-4
TABLET TABLETCOMTELATOUCHSCREENPARALEITURADELIVROS MANUAIS EXECUCAODEAPLICATIVOSEACESSOAREDESWIFIE3G COBY 
TABLET TABLETCOMTELATOUCHSCREENPARALEITURADELIVROS MANUAIS EXECUCAODEAPLICATIVOSEACESSOAREDESWIFIE3G FOSTON FS-M73T
TABLET TABLETCOMTELATOUCHSCREENPARALEITURADELIVROS MANUAIS EXECUCAODEAPLICATIVOSEACESSOAREDESWIFIE3G GENESIS 
"TABLET TABLETCOMTELATOUCHSCREENPARALEITURADELIVROS MANUAIS EXECUCAODEAPLICATIVOSEACESSOAREDESWIFIE3G ORANGE, ORANGE COOL THING TB002"
TABLET TABLETCOMTELATOUCHSCREENPARALEITURADELIVROS MANUAIS EXECUCAODEAPLICATIVOSEACESSOAREDESWIFIE3G ORANGE TB002
"TABLET TABLETCOMTELATOUCHSCREENPARALEITURADELIVROS MANUAIS EXECUCAODEAPLICATIVOSEACESSOAREDESWIFIE3G POWENPACK, POWERPACK NET-1P710"
TABLET TABLETCOMTELATOUCHSCREENPARALEITURADELIVROS MANUAIS EXECUCAODEAPLICATIVOSEACESSOAREDESWIFIE3G POWERPACK NET-1P710
"ROTEADOR SEM FIO ROTEADORSEMFIO ENCORE, ENCORE ELETRONIC ENH908-NWY"
ROTEADOR SEM FIO ROTEADORSEMFIO D-LINK DSL2640B
ROTEADOR SEM FIO ROTEADORSEMFIO TP-LINK 
APARELHO WALK TALKIE APARELHOWALKTALKIE MOTOROLA MJ270 M
APARELHO WALK TALKIE APARELHOWALKTALKIE MOTOROLA 
APARELHO WALK TALKIE APARELHOWALKTALKIE MOTOROLA MR350 MR
"APARELHO WALK TALKIE APARELHOWALKTALKIE MOTOROLA, COBRA CXT125"
"APARELHO WALK TALKIE APARELHOWALKTALKIE MOTOROLA, COBRA MC220 MR"
APARELHO WALK TALKIE APARELHOWALKTALKIE COBRA CXT125
CAMERA DE CIRCUITO FECHADO DE TV. CAMERADECIRCUITOFECHADODETV_ VOYAGE 
MICROFONE MICROFONE SENNHEISER EW100 G3
MICROFONE SHURE MICROFONESHURE SHURE PGXD2 DIGITAL
LEITOR DE CODIGO DE BARRA LEITORDECODIGODEBARRA BEMATECH BR310
"LEITOR DE CODIGO DE BARRA LEITORDECODIGODEBARRA KAIOMY, BEMATECH HBS-310"
LEITOR DE CODIGO DE BARRA LEITORDECODIGODEBARRA BEMATECH HBS-310
"LEITOR DE CODIGO DE BARRA LEITORDECODIGODEBARRA BEM, BEMATECH BR310"
"LEITORA DE CODIGO DE BARRAS LEITORADECODIGODEBARRAS KAIOMY, BEMATECH S-3200"
NOTEBOOK netbook SONY VAIO PCG 31311L
NOTEBOOK NETBOOK SONY VAIO PCG 313111L
NOTEBOOK NETBOOK SONY VAIO PCG 31311L
NOTEBOOK NOTEBOOK HP PROBOOK 45205
NOTEBOOK ACER ASPIRE NETBOOKACERASPIRE ACER ASPIRE ONE 721
NOTEBOOK ACER ASPIRE NETBOOKACERASPIRE ACER ASPIRE ONE 1830
NOTEBOOK ACER ASPIRE NETBOOKACERASPIRE ACER ASPIRE ONE KAV60
NOTEBOOK ACER ASPIRE NETBOOKACERASPIRE ACER ASPIRE ONE KAV70
NOTEBOOK ACER ASPIRE NETBOOKACERASPIRE ACER ASPIRE ONE ZH7
NOTEBOOK ACER ASPIRE NOTEBOOKACERASPIRE ACER ASPIRE 4540
NOTEBOOK ACER ASPIRE NOTEBOOKACERASPIRE ACER ASPIRE 1830T
NOTEBOOK ACER ASPIRE NOTEBOOKACERASPIRE ACER ASPIRE 721
NOTEBOOK ACER ASPIRE NETBOOKACERASPIRE ACER ASPIRE ONE NAV50
NOTEBOOK ACER ASPIRE NOTEBOOKACERASPIRE ACER ASPIRE 5745
NOTEBOOK ACER ASPIRE NOTEBOOKACERASPIRE ACER ASPIRE 5253
NOTEBOOK ACER ASPIRE NOTEBOOKACERASPIRE ACER ASPIRE 5552
NOTEBOOK ACER NETBOOKACER ACER ASPIRE ONE NAV50
NOTEBOOK ACER NETBOOKACER ACER ASPIRE ONE KAV60
NOTEBOOK HP PAVILON NOTEBOOKHPPAVILON HP PROBOOK 4520S
NETBOOK NETBOOK HP MINI 210-1199DX
NOTEBOOK TOSHIBA NETBOOKTOSHIBA TOSHIBA NB305-N440BN
NOTEBOOK NETB00K SAMSUNG NP-N150 PLUS
NOTEBOOK NETB00K SAMSUNG NP-N130
NOTEBOOK NETBOOK MSI U130416USK
"NOTEBOOK SONY VAIO NOTEBOOKSONYVAIO SONY VAIO, SONY PCG-8111"
NOTEBOOK HP PAVILON NOTEBOOKHPPAVILON HP HP PAVILION DV4
CAMERA FOTOFRAFICA DIGITAL CAMERAFOTOFRAFICADIGITAL CANON E0S7D/DS126251
CAMERA FOTOFRAFICA DIGITAL CAMERAFOTOFRAFICADIGITAL NIKON D7000
CAMARA FOTOFRAFICA DIGITAL CAMARAFOTOFRAFICADIGITAL NIKON D5000
CAMERA  FOTOGRAFICA DIGITAL CAMERAFOTOGRAFICADIGITAL CANON REBEL T1/DS126231
CAMERA  FOTOGRAFICA DIGITAL CAMERAFOTOGRAFICADIGITAL NIKON D90
IMPRESSORA HP DESKJET IMPRESSORAHPDESKJET HP 2050
"APARELHO TELEFONE APARELHOTELEFONE JAPAN, ONIDA 0N-1060"
"APARELHO TELEFONE APARELHOTELEFONE JAPAN, ONIDA 0N-3016"
"APARELHO TELEFONE APARELHOTELEFONE JAPAN, ONIDA ON-3016"
APARELHO TELEFONE APARELHOTELEFONE JAPAN KXT-1550 CID
APARELHO TELEFONE APARELHOTELEFONE JAPAN 
APARELHO TELEFONE APARELHOTELEFONE JAPAN KXT-1666 CID
APARELHO DE TELEFONE SEM FIO APARELHODETELEFONESEMFIO MOTOROLA DIGITAL FOX-1500S
"APARELHO TELEFONICO SEM FIO PANASONIC APARELHOTELEFONICOSEMFIOPANASONIC PANACONIC, PANASONIC KX-TG 1311"
"APARELHO TELEFONICO SEM FIO PANASONIC APARELHOTELEFONICOSEMFIOPANASONIC PANACONIC, PANASONIC KXTG-4011"
IMPRESSORA  A LASER IMPRESSORAALASER HP P1102W
MONITOR LCD/AOC MONITORLCD__AOC AOC LCD9925WS
IMPRESSORA HP DESKJET IMPRESSORAHPDESKJET HP DESKJET 3050
IMPRESSORA HP LASER JET IMPRESSORAHPLASERJET HP P1102W
"IMPRESSORA MULTIFUNCIONAL SAMSUNG, SCX4623-FL (SF) IMPRESSORAMULTIFUNCIONALSAMSUNG SCX4623-FL_SF_ SAMSUNG SCX4623F"
IMPRESSORA A JATO DE TINTA DESK JET IMPRESSORAAJATODETINTADESKJET HP 1000
IMPRESSORA A JATO DE TINTA DESK JET IMPRESSORAAJATODETINTADESKJET HP 
FILMADORA SONY DCR-SR68 FILMADORASONYDCR-SR68 SONY DRC-SR68
CAMARA FILMADORA CAMARAFILMADORA FOSTON F1300FHD
CAMARA FILMADORA CAMARAFILMADORA FOSTON F1
FILMADORA PANASONIC FILMADORAPANASONIC PANACONIC AG-HMC40P
FILMADORA SONY FILMADORASONY SONY HDR-XR150
FILMADORA FILMADORA FOSTON FS-1280HD
"MONITOR DE LCD 19"" MONITORDELCD19_ AOC "
MONITOR AOC MONITORAOC AOC E2243WK AIREBLK/LED
FIAT SIENA SIENA1_616V CINZACROMO_ FIAT SIENA
"CAFETEIRA ELETRICA CAFETEIRAELETRICA DOMESTICA__INDUSTRIAL CAPACIDADE08LITROS EMACOINOX CONSERCAF, CONSECAF C8"
CAFETEIRA ELETRICA CAFETEIRAELETRICA DOMESTICA__INDUSTRIAL CAPACIDADE08LITROS EMACOINOX CONSERCAF C8
MITSUBISHI PAJERO PAJERODAKAROSTENSIVAPARATRANSPORTEDECUSTODIADOS MITSUBISHI PAJERO DAKAR
COLETE BALISTICO COLETEBALISTICONIVELII_ RONTAM 
"ESTANTE DE ACO, 06 PRATELEIRAS, COR CINZA ESTANTEDEACO 06PRATELEIRAS CORCINZA SUPREME "
"PLANTAFORMA DE COMUTACAO DIGITAL, GUARDIAO. PLANTAFORMADECOMUTACAODIGITAL GUARDIAO_ DIGITRO "
DUMBELL REVESTIDO 06KG DUMBELLMONTADOCOMBARRA06KG FLEX 
DUMBELL REVESTIDO 08KG DUMBELLMONTADOCOMBARRA08KG FLEX 
DUMBELL REVESTIDO 10KG DUMBELLMONTADOCOMBARRA10KG FLEX 
DUMBELL REVESTIDO 12KG DUMBELLREVESTIDO12KG FLEX 
DUMBELL REVESTIDO 14KG DUMBELLREVESTIDO14KG FLEX 
DUMBELL REVESTIDO 16KG DUMBELLREVESTIDO16KG FLEX 
DUMBELL REVESTIDO 18KG DUMBELLREVESTIDO18KG FLEX 
DUMBELL REVESTIDO 20KG DUMBELLREVESTIDO20KG FLEX 
DUMBELL REVESTIDO 22KG DUMBELLREVESTIDO22KG FLEX 
DUMBELL REVESTIDO 24KG DUMBELLREVESTIDO24KG FLEX 
FORD FOCUS SEDAN FOCUSSEDAN2_0FLEX OSTENSIVO_ FORD FOCUS SEDAN
VW - VOLKSWAGEN GOL GOL1_6 CINZASPECTRUS_ VW - VOLKSWAGEN GOL
VW - VOLKSWAGEN GOL GOL1_6 PRETONINJA_ VW - VOLKSWAGEN GOL
VW - VOLKSWAGEN SAVEIRO SAVEIRO1_6 PRETONINJA_ VW - VOLKSWAGEN SAVEIRO
VW - VOLKSWAGEN SAVEIRO SAVEIRO1_6 PRATASIRIUS_ VW - VOLKSWAGEN SAVEIRO
MITSUBISHI PAJERO PAJERODAKAROSTENSIVA_ MITSUBISHI PAJERO
FIAT PALIO WEEKEND FIATPALIOWEEKEND1_6 CINZASCANDIUM_ FIAT PALIO WEEKEND
FIAT PALIO WEEKEND PALIOWEEKEND1_6 PRATABARI_ FIAT PALIO WEEKEND
PARELHO PARA AGACHAMENTO PARELHOPARAAGACHAMENTO TRG FITNESS 
ESTANTE RACK DE PISO DE 42U DE MARCA GARRA estanterackdepisode42udemarcagarra CWB 
FRAGMENTADORA 220V FRAGMENTADORA220V SECRETA SEC15C
"BEBEDOURO DE COLUNA PARA GARRAFAO,CAP. 20LIT,NATURAL E GELAD BEBEDOURODECOLUNAPARAGARRAFAO CAP_20LIT NATURALEGELAD LIBELL "
"TV LCD TVLCD SEMP TOSHIBA, SEMP TOSHIBA. LC3255WDA"
FRIGOBAR 120LITROS 127VOLTS CORBRANCA FRIGOBAR ELECTROLUX - RE120 
IMPRESSORA PORTATIL OFFICEJET IMPRESSORAPORTATILOFFICEJET HP 100
CAMERA FOT DIGITAL NIKON CAMERAFOTDIGITALNIKON NIKON D5200
CAMERA FOTOGRAFICA DIGITAL NIKON CAMERAFOTOGRAFICADIGITALNIKON NIKON D7100
"LENTE OBJETIVA PARA CAMERA, MARCA NIKON, MODELO 60MM LENTEOBJETIVAPARACAMERA MARCANIKON MODELO60MM NIKON 60MM F/2.8G ED"
IMPRESSORA A LASER MONOCROMATICA IMPRESSORAALASERMONOCROMATICAHPLASERJETPRO4000401DNE_ HP 
"APARELHO DE GINÁSTICA, (BANCO) P/ FLEXÃO DE ATE-BRAÇO APOIADO (ROSCA-SCOTT) APARELHODEGINASTICA _BANCO_P__FLEXAODEATE-BRACOAPOIADO_ROSCA-SCOTT_ FISIOMAQ "
APARELHO DE MUSCULACAO TIPO ADUTORA E ABDUTORA DE PERNA APARELHODEMUSCULACAOTIPOADUTORAEABDUTORADEPERNA FISIOMAQ 
ESTANTE PARA DUMBELLS ESTANTEPARADUMBELLS MAXIMUS 
MICROCOMPUTADOR. MICROCOMPUTADOR_ POSITIVO INFORMATICA TIPO-I
MICROCOMPUTADOR MICROCOMPUTADOR POSITIVO INFORMATICA TIPO-II
MONITOR LCD 21 POL MONITORLCD21POL POSITIVO E2241
"IMPRESSORA MULTIFUNCIONAL - MAQUINA DE XEROX IMPRESSORAMULTIFUNCIONAL-MAQUINADEXEROX XEROX 6605 DN, XEROX 6605 DN"
"IMPRESSORA MULTIFUNCIONAL - MAQUINA DE XEROX IMPRESSORAMULTIFUNCIONAL-MAQUINADEXEROX XEROX 6605 DN, XEROX 6605"
FIAT SIENA FIATSIENAESSENCE1_6 CINZATELLURIUM_ FIAT SIENA
FIAT SIENA FIATSIENAESSENCE1_6 PRATABARI_ FIAT SIENA
IMPRESSORA PORTATIL IMPRESSORAPORTATIL MODELOMOBILE100_ HP 
IMPRESSORA HP COLOR LASERJET IMPRESSORAHPCOLORLASERJETENTERPRISE500M551DN HP 
NO BREAK NOBREAK SMS NET+1400BI
MICROCOMPUTADOR ACESSORIO  COMPONENTE MICROCOMPUTADORACESSORIOCOMPONENTE POSITIVO D570
MONITOR LCD 21 POL MONITORLCD21POL POSITIVO E224PX
"ULTRABOOK T440/i5 COM CABO, MOUSE E BOLSA

 ULTRABOOKT440__i5-4300U__8GB__SS256GB__W8PDG____14HD__3+3CELL__CAM-TRINKPADLENOVO LENOVO T440"
"MINICAMERA, DAY/NIGTH COLOR NTSC MINICAMERA DAY__NIGTHCOLORNTSC DAY NIGHT "
ULTRABOOK ULTRABOOK MARCATHINKPAD MODELOT440 DISCOSATAIII6GB RAM8GB DDR3 TELALED14_ 110__220V COMMOCHILANAILONPRETA WINDOWS7 OFFICEPROFISSIONAL2013 GARANTIA36MESES_ LENOVO 
"MULTIFUNCIONAL LASER SANSUNG SCX - 5835FN multifuncionallasersansungscx-5835fn SAMSUNG SCX-5835NX, SAMSUNG SCX-5835/NX"
"MULTIFUNCIONAL LASER SANSUNG SCX - 5835FN multifuncionallasersansungscx-5835fn SAMSUNG SCX-5835NX, SAMSUNG SCX-5835/N"
"MICROCOMPUTADOR PESSOAL NOTEBOOK Microcomputadorpessoalnotebookultrafino processadorI5 8GBRAMDDR3 HDSSD256GB Windows8Pro MicrosoftOfficePro2013 Mochilaparatransporte mouseUSB_ LENOVO/THINKPAD, THINKPAD T440"
"ULTRABOOK ULTRABOOKLAPTOPULTRAFINO LENOVO/THINKPAD, LENOVO/TRINKPAD T440/I5"
"HARDWARE DE LEITURA AVANÇADA DE DOCUMENTOS HARDWAREDELEITURAAVANCADADEDOCUMENTOS 7024.111, REGULA 7024.111"
"HARDWARE DE LEITURA AVANÇADA DE DOCUMENTOS HARDWAREDELEITURAAVANCADADEDOCUMENTOS 7024.111, REGULA 7024.11"
ULTRABOOK ULTRABOOKLAPTOPULTRAFINO LENOVO THINKPAD T440
IDENTIFICADOR BIOMETRICO DIGITAL IDENTIFICADORBIOMETRICODIGITAL 3M CSD450F
CAMERA DIGITAL CANON CAMERADIGITALCANON CANON EOS REDL-T3
FLASH COM ACESSORIOS FLASHCOMACESSORIOS MAKO GER-ID5 150
KIT CONFECÇÃO PASSAPORTE PAINEL CENÁRIO FOTOGRÁFICO KITCONFECCAOPASSAPORTEPAINELCENARIOFOTOGRAFICO CANON 
IDENTIFICADOR BIOMETRICO IDENTIFICADORBIOMETRICO DERMALOG ZF1
"SCANNER DE DOCUMENTOS (AL) SCANNERDEDOCUMENTOS_AL_ DERMALOG, REGULA 7024.100"
ULTRABOOK LENOVO T440/I5 ULTRABOOKLENOVOT440__I5COMMINIMOUSEOPTICO MOCHILAECABOSACESSORIOS LENOVO 
ULTRABOOK LENOVO T440/I5 ULTRABOOKLENOVOT440__I5acompanhaMINIMOUSEOPTICO MOCHILA CABODECONEXAOP__HDMI FONTE BATERIAEXTERNAeLICENCADOOFFICEPRO2013_   LENOVO TECNOLOGIA BRASIL LTDA 
NOTEBOOK LENOVO NOTEBOOKLENOVOULTRAFINOMODELOT440-TELAHD14POLEGADAS-8GMEMORIARAM-PROCESSADORINTELI5-HD266GIGA LENOVO 
ULTRABOOK LENOVO T440/I5 ULTRABOOKLENOVOT440__I5COMMINIMOUSEOPTICO MOCHILAECABOSACESSORIOS LENOVO/THINKPAD T440/I5
ULTRABOOK LENOVO T440/I5 ULTRABOOKLENOVOT440__I5COMMINIMOUSEOPTICO MOCHILAECABOSACESSORIOS LENOVO/THINKPAD PE00HGPA
ULTRABOOK LENOVO T440/I5 ULTRABOOKLENOVOT440__I5COMMINIMOUSEOPTICO MOCHILAECABOSACESSORIOS LENOVO/THINKPAD 
"ULTRABOOK LENOVO T440/I5 ULTRABOOKLENOVOT440__I5COMMINIMOUSEOPTICO MOCHILAECABOSACESSORIOS LENOVO, LENOVO/THINKPAD T440"
"ULTRABOOK LENOVO T440/I5 ULTRABOOKLENOVOT440__I5COMMINIMOUSEOPTICO MOCHILAECABOSACESSORIOS LENOVO, LENOVO/THINKPAD T440/I5"
ULTRABOOK LENOVO T440/I5 ULTRABOOKLENOVOT440__I5COMMINIMOUSEOPTICO MOCHILAECABOSACESSORIOS UltrabookThinkPadT440 Lenovo Mod_20B7S27400+Mouse+Cabohdmi+Mochila      LENOVO T440/I5
"MICROCOMPUTADOR PESSOAL NOTEBOOK MICROCOMPUTADORPESSOALNOTEBOOK _NOTEBOOKSULTRAFINOS_ COMACESSORIOS TIPOMINI-MOUSE MOCHILAEXECUTIVAECABOS_ LENOVO, LENOVO/THINKPAD T440"
"MICROCOMPUTADOR MICROCOMPUTADORDELLOPTIPLEX9010DESKTOP MOUSEOPTICOMOD_MS111USB TECLADOKB212B MIDIAC__DRIVERSP__REINSTALACAO WINDOWS8PRO64BIT KITCOMMIDIA HP DESKJET, DELL OPTIPLEX 9010"
ULTRABOOK ULTRABOOK LENOVO ULTRABOOK
ESTACAO DE TRABALHO GabineteXigmatekSuperTowerElysium;    PlacamaeAsusZ9PE-D8WS;    02ProcessadoresXeon2630;    Fontedealimentacaode1000W;    04PentesdememoriaDDR3de16GB;    01SSDde128GB;    01HDde02TB;    PlacadevideoAsusGTX650TI-OC-2GD5;    UmagavetaWriteBlockdamarcaTableauparadispositivossata modeloT3IU;    Tresgavetashotswapparadiscossata sendoduassimpleseumacompostadetresbaias;    UnidadeleitoraegravadoradeCD__DVD__Bluray;    MicrosoftWindows8_1Pro;    MicrosoftOffice2013ProPlus_   TECHBIZ HARPIA
COMPUTADOR PESSOAL TIPO NOTEBOOK COMPUTADORPESSOALTIPONOTEBOOK DELL 
MITSUBISHI PAJERO PAJERODAKARP__TRANSPORTEDECUSTODIADOS_ MITSUBISHI PAJERO
ULTRABOOK ULTRABOOKLAPTOPULTRAFINO THINKPAD T440
"ULTRABOOK ULTRABOOKLAPTOPULTRAFINO LENOVO, THINKPAD T440"
MITSUBISHI PAJERO MITSUBISHIPAJEROHPEFULL3_8V6 MITSUBISHI PAJERO
SERVIDOR DE REDE POWEREDGE DELL SERVIDORDEREDEDELLPOWEREDGER620 HP 
IMPRESSORA  A JATO DE TINTA IMPRESSORAAJATODETINTA HP 
LICENCA DE SOFTWARE LICENCADOSOFTWAREDEVIRTUALIZACAOZ__VM 3M 
COMPUTADOR HP Z420 ComputadorHPZ420 HDSATA256GB 16GBDDR3-1600ECC_4x4GB_BR_ HP Z420
COMPUTADOR HP Z420 ComputadorHPZ420 HDSATA256GB 16GBDDR3-1600ECC_4x4GB_BR_ HP 
COMPUTADOR HP Z620 ComputadorHPZ620 HDSATA256 32GBDDR3-18668X4GB_ HP Z620
MONITOR HP 24 POL. MonitorHP24Polegadas E241i__LA2405x HP LA2405X
MONITOR HP 24 POL. MonitorHP24Polegadas E241i__LA2405x HP 
PISTOLA GLOCK G19 9MM PISTOLAGLOCKG19 CAL_9MM MALETAKITDELIMPEZA MANUALEMPORTUGUES 03CARREGADORESG19P__15CARTUCHOS COLDREGLOCKCOMBATE__ESPORTE PORTACARREGADOREGRAVACAO_LOGOBRASAODAREPUBLICA_-DPF_ GLOCK G19
ULTRABOOK ULTRABOOKLAPTOPULTRAFINO LENOVO T 44
APARELHO DE TELEFONE APARELHODETELEFONE MODELOTCF3000 ELGIN TCF3000
COMPUTADOR SERVIDOR DE REDE COMPUTADORSERVIDORDEREDE BasepoweredgeR620intelxeonE26xxv2processors DELL 
ULTRABOOK LENOVO T440/I5 ULTRABOOKLENOVOT440__I5COMMINIMOUSEOPTICO MOCHILAECABOSACESSORIOS-MICROCOMPUTADORPESSOALNOTEBOOK  NotebooksUltrafinos:a_Onotebookultrafinodeveraatingirindicede nominimo 170_centoesetenta_pontosparaodesempenhomedidocomosoftwareBAPCOSYSmark2012ounominimo 2300_doismiletrezentos_nosoftwarePCMark7Overall b_Aconfiguracaopropostadeveatingirumdosindiceslistadosnoitemanterior aescolhadalicitante deacordocomosprocedimentosdescritoslogoabaixo c_OequipamentotestadodeverapossuirtodososComponentes LENOVO ULTRABOOK
MONITOR DE VIDEO MONITORDEVIDEOLED21 5_ AOC 
SERVIDOR DE REDE DELL SERVIDORDEREDEDELL DELL POWEREDGE R815
COLETE BALISTICO COLETEBALISTICOEXCLUSIVAMENTEFEMININO COMBOJO SEMCOSTURA NIVELIII-A CAPASEXTERNASOPERACIONAISECAPASDETRANSPORTEDEARMAZENAMENTO_TAMANHOP INBRATERRESTRE 
COLETE BALISTICO COLETEBALISTICOEXCLUSIVAMENTEFEMININO COMBOJO SEMCOSTURA NIVELIII-A CAPASEXTERNASOPERACIONAISECAPASDETRANSPORTEDEARMAZENAMENTO_TAMANHOM INBRATERRESTRE 
COLETE BALISTICO COLETEBALISTICOEXCLUSIVAMENTEFEMININO COMBOJO SEMCOSTURA NIVELIII-A CAPASEXTERNASOPERACIONAISECAPASDETRANSPORTEDEARMAZENAMENTO_TAMANHOG INBRATERRESTRE 
"MICROCOMPUTADOR PORTATIL NOTEBOOK MICROCOMPUTADORPORTATILNOTEBOOK DEL INSPIRON, DELL 14 7460"
"MESA DE ESCRITORIO,DELTA,PARA ESTACAO DE TRABALHO MESADEESCRITORIO DELTA PARAESTACAODETRABALHOFORTLINE FORTLINE "
POLTRONA GIRATORIA C/BRACOS ESPALDAR MEDIO POLTRONAGIRATORIAC__BRACOSESPALDARMEDIOFLEXFORM FLEXFORM 
POLTRONA GIRATORIA COM BRACOS - ESPALDAR BAIXO POLTRONAGIRATORIACOMBRACOS-ESPALDARBAIXOFLEXFORM FLEXFORM 
ARMARIO BAIXO FECHADO ARMARIOBAIXOFECHADOFORTLINE FORTLINE 
"CADEIRA GIRATORIA, ROD  CADEIRAGIRATORIA ROD  "
"POLTRONA DE CHEFIA C/ ESPALDAR ALTO, BRACOS, GIRATORIA, ROD POLTRONADECHEFIAC__ESPALDARALTO BRACOS GIRATORIA RODFLEXFORM FORTLINE "
CONJ SOFA CONJUNTOSOFA SEM MARCA APARENTE 
CAMA BOX SOLTEIRO CAMABOXSOLTEIRO190X90cm SEM MARCA APARENTE 
LICENCA DE SOFTWARE LICENCADOSOFTWAREDEVIRTUALIZACAOZ__VM VB E-PASS 
LICENCA DE SOFTWARE LICENCADOSOFTWAREDEVIRTUALIZACAOZ__VM VISION-BOX 
ULTRABOOK LENOVO T440/I5 ULTRABOOKLENOVOT440__I5COMMINIMOUSEOPTICO MOCHILAECABOSACESSORIOS LENOVO T440/I5
COLETE BALISTICO COLETEBALISTICOEXCLUSIVAMENTEFEMININO COMBOJO SEMCOSTURA NIVELIII-A CAPASEXTERNASOPERACIONAISECAPASDETRANSPORTEDEARMAZENAMENTO_TAMANHOM_LOTE27562 INBRATERRESTRE 
COLETE BALISTICO COLETEBALISTICOEXCLUSIVAMENTEFEMININO COMBOJO SEMCOSTURA NIVELIII-A CAPASEXTERNASOPERACIONAISECAPASDETRANSPORTEDEARMAZENAMENTO_TAMANHOP_LOTE27564 INBRATERRESTRE 
COLETE BALISTICO COLETEBALISTICOEXCLUSIVAMENTEFEMININO COMBOJO SEMCOSTURA NIVELIII-A CAPASEXTERNASOPERACIONAISECAPASDETRANSPORTEEARMAZENAMENTO_TAMANHO_LOTE27225_ INBRATERRESTRE 
COLETE BALISTICO COLETEBALISTICOEXCLUSIVAMENTEFEMININO COMBOJO SEMCOSTURA NIVELIII-A CAPASEXTERNASOPERACIONAISECAPASDETRANSPORTEDEARMAZENAMENTO_TAMANHOP_LOTE27196 INBRATERRESTRE 
COLETE BALISTICO COLETEBALISTICOEXCLUSIVAMENTEFEMININO COMBOJO SEMCOSTURA NIVELIII-A CAPASEXTERNASOPERACIONAISECAPASDETRANSPORTEDEARMAZENAMENTO_TAMANHOM_LOTE27197 INBRATERRESTRE 
ARIETE ARIETEMEDIO BLACKHAWK 
FORD FOCUS SEDAN VEICULOSEDANFORDFOCUSCORCINZA FORD FOCUS
SCANNER FUJITSU SCANNERFUJITSU FUJITSU F1-6770
SMARTPHONE IPHONE5S16GB APPLE 
EQUIPAMENTO DE COMPUTAÇÃO(FORENSE) COM SOFTWARE PARA EXTRAÇÃO E ANALISE DE DADOS DE TELEFONE CELULAR. EQUIPAMENTODECOMPUTACAO_FORENSE_COMSOFTWAREPARAEXTRACAOEANALISEDEDADOSDETELEFONECELULAR_ UFED 
APARELHO CONDICIONADOR DE AR SPLIT HIWALL 18.000 BTUS APARELHOCONDICIONADORDEARSPLITHIWALL18_000BTUS SPRINGER 
APARELHO CONDICIONADOR DE AR APARELHODEARCONDICIONADOR7000BTU S 220V_ GREE SPLIT EVAPORADOR
APARELHO CONDICIONADOR DE AR APARELHODEARCONDICIONADOR9000BTU S 220V_ GREE SPLIT EVAPORADOR
"MICROREÍFICTA E JOGO C/ACESSÓRIOS. MICRORETIFICAEJOGOC__ACESSORIOS_ AWT, AWT RED "
"RACK FECHADO COM PORTA EM VIDRO C/CHAVES, 24 V´S,19"" RACKFECHADOCOMPORTAEMVIDROC__CHAVES 24VS 19_ FIBRACEM "
INTERFACE ANALOGICA DIGITAL INTERFACEANALOGICADIGITAL KHOMP 
"APARELHO DE TELEFONE VOIP COM VISOR APARELHODETELEFONEVOIPCOMVISOR GRANDSTREAM, GRANDESTREANGPX GXP1625"
NOBREAK 5KVA 220/110V                              *(NTI) NOBREAK5KVA220__110V__NTI_ NHS 
APARELHO TELEFONICO VOIPER. APARELHOTELEFONICOVOIPER_ GRANDESTREANGPX 
MONITOR LG MONITORLG LG 23 POL 
"MONITOR LG MONITORLG LG, LG 23 POL "
CAMERA DE VIDEO PARA CIRCUITO FECHADO DE SEGURANCA CAMERADEVIDEOPARACIRCUITOFECHADODESEGURANCA VIVOTEK 
CAMERA DE VIDEO PARA CIRCUITO FECHADO DE SEGURANCA CAMERADEVIDEOPARACIRCUITOFECHADODESEGURANCA TECVOZ 
SOFTWARE CONTROLE DE ACESSO SOFTWARECONTROLEDEACESSO TECVOZ 
SWITCH. SWITCH_ TP-LINK 
VENTILADOR DE MESA VENTILADORDEMESA VENTISOL 
VENTILADOR DE MESA VENTILADORDEMESA  
IDENTIFICADOR BIOMETRICO DIGITAL IDENTIFICADORBIOMETRICODIGITAL HENRY 
ARMARIO DE ACO P/ARQUIVO C/02 PORTAS ARMARIODEACOP__ARQUIVOC__02PORTAS TECNOLACH 
ARQUIVO DE ACO DESLIZANTE COM ACIONAMENTO MECANICO ARQUIVODEACODESLIZANTECOMACIONAMENTOMECANICO TECNOLACH 
CAMERA FILMADORA CAMERAFILMADORADIGITALPORTATIL GOPRO HERO4
CAMERA FOTOGRAFICA DIGITAL NIKON CAMERAFOTOGRAFICADIGITALNIKON NIKON DSLR D5300
SMARTPHONE APARELHOTELEFONICOCELULARAPPLEIPHONE6_S_COMACESS APPLE 
TABLET TABLETPC_COMPUTADORDEMAO_ZTCGFIVE ZTC 
"CADEIRA C/ BRACO GIRATORIA, C/ RODIZIOS EM CORVIM PRETO CADEIRAC__BRACOGIRATORIA C__RODIZIOSEMCORVIMPRETO CADERODE. "
"CADEIRA S/ BRACO GIRATORIA, C/ RODIZIOS EM CORVIM PRETO CADEIRAS__BRACOGIRATORIA C__RODIZIOSEMCORVIMPRETO CADERODE. "
CADEIRA FIXA S/BRACO EM COURVIN PRETO CADEIRAFIXAS__BRACOEMCOURVINPRETO CADERODE 
"POLTRONA DE CHEFIA C/ ESPALDAR ALTO, BRACOS, GIRATORIA, ROD POLTRONADECHEFIAC__ESPALDARALTO BRACOS GIRATORIA ROD CADERODE. "
POLTRONA GIRATORIA COM BRACOS ESPALDAR MEDIO POLTRONAGIRATORIACOMBRACOSESPALDARMEDIO CADERODE 
"POLTRONA GIRATORIA, COR AZUL ESPALDAR MÉDIO POLTRONAGIRATORIA CORAZULESPALDARMEDIO CADERODE "
SOFA 02 LUGARES SOFA02LUGARES MADELIDER 
SOFA 03 LUGARES SOFA03LUGARES MADELIDER 
EQUIPAMENTO DE DUPLICAÇÃO E BLOQUEIO DE ESCRITA DE MIDIAS DE ARMAZENAMENTO COMPUTACIONAIS EQUIPAMENTODEDUPLICACAOEBLOQUEIODEESCRITADEMIDIASDEARMAZENAMENTOCOMPUTACIONAIS HWeSW_ TABLEAU TD3-B FORENSIC IMAGER
ULTRABOOK LENOVO T440/I5 ULTRABOOKLENOVOT440__I5COMMINIMOUSEOPTICO MOCHILAECABOSACESSORIOS LENOVO TECNOLOGIA BRASIL LTDA 
ESPINGARDA BENELLI CAL. 12 ESPINGARDACALIBRE12__MODELOM3__SEMIAUTO__PUMPACTION_ BENELLI M3
MITSUBISHI L200 CAMIONETESCABINEDUPLA_DESCARACTERIZADAS_MITSUBISHIL-200TRITONGLPRATA MITSUBISHI L200 TRITON GL
MITSUBISHI L200 CAMIONETESCABINEDUPLA_DESCARACTERIZADAS_MITSUBISHIL-200TRITONGLPRETO MITSUBISHI L200 TRITON GL
CAMERA DE VIDEO PARA CIRCUITO FECHADO DE SEGURANCA CAMERADEVIDEOPARACIRCUITOFECHADODESEGURANCA IPBULLET VIVOTEK 
MITSUBISHI PAJERO CAMIONETAS4X4SUV_DESCARACTERIZADAS_MITSUBISHIPAJERODAKARPRETA MITSUBISHI PAJERO DAKAR
CADEIRA FLEXORA CADEIRAFLEXORA FISIOMAQ FISIOMAQ
HACK SQUAT HACKSQUAT FISIOMAQ FISIOMAQ
CAMERA FILMADORA DIGITAL. CAMERAFILMADORADIGITAL_ SONY FDR-X100V
IMPRESSORA MULTIFUNCIONAL IMPRESSORAMULTIFUNCIONAL SAMSUNG 
ARMARIO ALTO 02 PORTAS COM 03 PRATELEIRAS ARMARIOALTO02PORTASCOM03PRATELEIRAS CADERODE 
ARMARIO BAIXO FECHADO C/1 PRATELEIRA MED.78X85 E 70X75 ARMARIOBAIXOFECHADOC__1PRATELEIRAMED_78X85E70X75 CADERODE 
"CADEIRA C/ BRACO GIRATORIA, C/ RODIZIOS EM CORVIM PRETO CADEIRAC__BRACOGIRATORIA C__RODIZIOSEMCORVIMPRETO CADERODE "
ESTACAO DE TRABALHO EM L DE MADEIRA COR MARFIM ESTACAODETRABALHOEMLDEMADEIRACORMARFIM CADERODE 
GAVETEIRO C/3 GAVETAS GAVETEIROC__3GAVETAS CADERODE 
CAMERA DIGITAL (FILMADORA) CAMERADIGITAL_FILMADORA_ GO PRO HWPP1
CAMERA DIGITAL CANON CAMERADIGITALCANON GO PRO SX60HS
"MONITOR LED 23"", LG, E2350V (SF) MONITORLED23_ LG E2350V_SF_ LG "
APARELHO DE TELEFONE VOIP COM VISOR APARELHODETELEFONEVOIPCOMVISOR GRANDSTREAM GXP1625
APARELHO TELEFONICO DIGITAL COM VISOR APARELHOTELEFONICODIGITALCOMVISOR GRANDSTREAM GXP1628
APARELHO TELEFONICO DIGITAL COM VISOR APARELHOTELEFONICODIGITALCOMVISOR GRANDSTREAM GXP1682
"MONITOR LED 23"", LG, E2350V (SF) MONITORLED23_ LG "
SUPORTE PARA NOTEBOOK SUPORTEPARANOTEBOOK ERGOLIFE 
PLACA DE REDE PLACADEREDE DELL 
SERVIDOR DE REDE DELL SERVIDORDEREDEDELL DELL 
"MONITOR LED 23"", LG, E2350V (SF) MONITORLED23_ LG 23MB35VQ-H"
CAMERA FOTOGRAFICA COM ACESSORIOS CAMERAFOTOGRAFICA NIKON AW130
PISTOLA DE DESCARGA ELETRICA TASER M26/X26 PISTOLADEDESCARGAELETRICATASERX26 COMCOLDREEMPOLIMEROEBATERIASOBRESSALENTE TASER X26
SCANNER SCANNERDEMARCAKODAK12820DUPLEX70PPMA4 KODAK 
SUPORTE PARA NOTEBOOK SUPORTEPARANOTEBOOKDEMARCAERGOLIFE ERGOLIFE 
CÂMERA DE AÇAO CAMERADEACAO ATRIO FULLSPORT 
LENTE PARA CAMERA FOTOGRAFICA LENTEPARACAMERAFOTOGRAFICA NIKON 
"FUZIL DE ASSALTO HK G36 5,56MM FUZILDEASSALTOHKG365 56X45MM-COMPLETOCOMPROTETORDEMAOPICATINNY TRILHODEVISAOPICATINY CORONHAESOLEIRARETRATILCOMDESCANSODEBOCHECHAAJUSTAVEL ALCADETRANSPORTE 01CARREGADORDE30MUNICOES_VAZIO_EMANUALDOUSUARIO HK HK G36CV"
IMPRESSORA DE ETIQUETAS DE CODIGOS DE BARRAS (PE) IMPRESSORADEETIQUETASDECODIGOSDEBARRAS_PE_ ZEBRA ZT410
COLETE BALISTICO COLETEBALISTICOMASCULINONIVELIII-ARETEX2884__13_PAINELHPI-500_TAMANHOMCORPRETO INBRATERRESTRE 
COLETE BALISTICO COLETEBALISTICOMASCULINONIVELIII-ARETEX2884__13_PAINELHPI500_TAMANHOM INBRATERRESTRE 
COLETE BALISTICO COLETEBALISTICOMASCULINONIVELIII-ARETEX2884__13_PAINELHPI-500_TAMANHOG INBRATERRESTRE 
COLETE BALISTICO COLETEBALISTICOMASCULINONIVELIII-ARETEX2884__13_PAINELHPI-500_TAMANHOM INBRATERRESTRE 
COLETE BALISTICO COLETEBALISTICOMASCULINONIVELIII-ARETEX2884__13_PAINELHPI-500_TAMANHOGG INBRATERRESTRE 
CITROEN AIRCROSS VEICULOHATCHAIRCROSSCORPRETA CITROEN 2017
COLETE BALISTICO COLETEBALISTICOMASCULINONIVELIII-A RETEX2884__13_PAINELHPI-500_TAMANHOPP INBRATERRESTRE 
COLETE BALISTICO COLETEBALISTICOMASCULINONIVELIII-A RETEX2844__13_PAINELHPI-500_TAMANHOM INBRATERRESTRE 
COLETE BALISTICO COLETEBALISTICOMASCULINONIVELIII-A RETEX2884__13_PAINELHPI__500_TAMANHOP INBRATERRESTRE 
COLETOR DE DADOS/LASER CODIGO DE BARRAS COLETORDEDADOS__LASERCODIGODEBARRAS ZEBRA 
IMPRESSORA DE ETIQUETAS DE CODIGOS DE BARRAS (AL) IMPRESSORADEETIQUETASDECODIGOSDEBARRAS_AL_ ZEBRA ZT410
RENAULT SANDERO VEICULOHATCHMENORDESCARACTERIZADORENAULTSANDEROPRATA RENAULT SANDERO DYNAMIQUE 1.6
RENAULT SANDERO VEICULOHATCHMENORDESCARACTERIZADORENAULTSANDEROCINZA RENAULT SANDERO DYNAMIQUE 1.6
RENAULT SANDERO VEICULOHATCHMENORDESCARACTERIZADORENAULTSANDEROPRETO RENAULT SANDERO DYNAMIQUE 1.6
RENAULT SANDERO VEICULOHATCHMENORDESCARACTERIZADORENAULTSANDEROPRETA RENAULT SANDERO DYNAMIQUE 1.6
DOCK STATION - ESTAÇÃO DE ANCORAGEM ESTACAODEANCORAGEMPARANOTEBOOK__ULTRABOOKCOMCONEXAOUSB3_0 DELL 
DOCK STATION - ESTAÇÃO DE ANCORAGEM ESTACAODEANCORAGEMPARANOTEBOOK__ULTRABOOKCOMCONEXAOUSB3_0 DELL D3100
LEITOR DE CODIGO DE BARRA LEITORDECODIGODEBARRA SYMBOL KITLI4278
"FORNO MICROONDAS FORNOMICROONDAS PANASONIC 30LT, PANASONIC NM-GT684SRUK"
COMPARADOR ESPECTRAL comparadorespectralparaanalisededocumentos cedulas passaporte etc DELL 4307
COMPUTADOR DELL COMPUTADORDELL DELL XPS 8900
MONITOR MONITORdell30pol DELL UP3216Q
DOCK STATION - ESTAÇÃO DE ANCORAGEM ESTACAODEANCORAGEMdemarcadellPARANOTEBOOKCOMCONEXAOUSB3_0comdoisadaptadoresdetomadasefontecarregadora DELL 
LEITOR DE CODICO DE BARRA LEITORDECODICODEBARRASEMFIODEMARCAZEBRA SYMBOL 
LEITOR DE CODICO DE BARRAS  /  GENERICA LEITORDECODICODEBARRACOMFIODEMARCAZEBRA SYMBOL 
APARELHO CELULAR APARELHOCELULAR LENOVO A6020A46
SWITCH 48 PORTAS GIGABIT GERENCIAVEL SWITCH48PORTASGIGABITGERENCIAVEL CISCO SYSTEMS 
COMPUTADOR DESKTOP COMPUTADORDESKTOPPOSITIVOMASTERD810ACOMPANHAWINDOWS10PROEPERIFERICOS POSITIVO 
"MONITOR LED 23"", LG E2350V (SF) MONITORLED23_ POSITIVO "
SWITCH 48 PORTAS 10/100 MBPS  FAST ETHERNET. SWITCHDEBORDATIPO2COMUTADORETHERNET48PORTAS10__100__1000BASETXCOM4PORTASDEUPLINKCONDEMARCABROCADE BROCADE 
MÓDULO MINI-GBIC MODULOMINI-GBICSFP1000BASESX BROCADE 
SWITCH 48 PORTAS SWITCH48PORTAS BROCADE 
DOCK STATION - ESTAÇÃO DE ANCORAGEM DOCKINGSTATIONDELLCOMPOSTAPOR:  -ADAPTADORDELLHDMIPARADVI  -DOCAUNIVERSALUSB3_0  -ADAPTADORTRIPOLARP&ampPADRAOANTIGO HP 
GPS GPSPORTATILDEALTASENSIBILIDADE MODGPSMP64S_ GARMIN 
CADEIRA CADEIRADEESCRITORIO CORPRETA COMRODIZIOSEAPOIODEBRACOSCOMREGULAGEM GUSA 
NOTEBOOK ComputadoresNotebookHPProBook440G3comProcessadorIntelCorei5-6200U Windows10Pro64 Office2013 8GB HD500GB_ HP 
SWITCH. SWITCH_ BROCADE 
"TELEVISOR 32"" TELEVISOR32_ SAMSUMG "
"TABLET TABLETSSAMSUNGT285MZ SAMSUNG_____________________, "
CELULAR SAMSUNG CELULARSAMSUNG SAMSUNG 
BEBEDOURO DE AGUA BEBEDOURODEAGUA BRITANIA 
COMPUTADOR DESKTOP COMPUTADORDESKTOP POSITIVO INFORMÁTICA 
"MONITOR LED 23"", LG, E2350V (SF) MONITORLED23_ LG E2350V_SF_ POSITIVO INFORMÁTICA "
COMPUTADOR DESKTOP COMPUTADORDESKTOP LG 
"SOLUÇÃO PARA COLETA, PROCESSAMENTO E ANÁLISE DE DADOS E INFORMAÇÕES A PARTIR DE PLATAFORMAS ELETRÔNICAS PORTÁTEIS-UFED SOLUCAOPARACOLETA PROCESSAMENTOEANALISEDEDADOSEINFORMACOESAPARTIRDEPLATAFORMASELETRONICASPORTATEIS-UFED UFED "
"IMPRESSORA MULTIFUNCIONAL SAMSUNG IMPRESSORAMULTIFUNCIONALSAMSUNG SAMSUNG, SAMSUMG M4070FR"
SCANNER. SCANNER_ KODAK 11150
SMARTPHONE Iphone7Plus128GBBlack APPLE 
CONTROLADOR DE ACESSO CONTROLADORDEACESSO INTEBRAS SS420
CONTROLADOR DE ACESSO CONTROLADORDEACESSO INTELBRAS SS420
DRIVE GRAVADOR DRIVEGRAVADOR SLIM 
PROJETOR. PROJETOR_ EPSON POWERLITE S27
TELA DE PROGECAO TELADEPROGECAO SUMAY 
FILMADORA FILMADORA CANON VIXIA HF R82
REFRIGERADOR REFRIGERADOR_ ELETROLUX RFE 39
ESTANTE DE ACO ESTANTEDEACO .. 
FRAGMENTADORA DE PAPEIS FRAGMENTADORADEPAPEIS PARAUSOEMESCRITORIO_  
ROTEADOR WIRELESS ROTEADORWIRELESS INTELBRAS 
FRIGOBAR FRIGOBAR120L CORBRANCA 220V ELETROLUX 
FRAGMENTADORA 220V FRAGMENTADORA220V ROYAL 
COFRE ELETONICO COFREELETONICO SENTRY SAFE 
CAFETEIRA CAFETEIRAINDUSTRIALELETRICA COMESPECIFICACOESMINIMASDE:ACOINOX;CAPACIDADEMINIMADORESERVATORIODECAFE:07LITROS;CAPACIDADEMINIMADORESERVATORIODEAGUA:13LITROS;COMTORNEIRADECAFE TORNEIRADEAGUA NIVELDECAFEVISIVEL NIVELDEAGUAVISIVEL TERMOSTATO;VOLTAGEMDE220V_ SAECO 
SUBMETRALHADORA HK MP5 9MM SUBMETRALHADORAHKMP59X19MM_ArmadeFogoAutomatica-Submetralhadora_metralhadora_HKMP5A5 calibre9x19mm um_01_carregadorde30municoes_vazio_emanual_ HK MP5 A5
ARMARIO ALTO C/ 02 PORTAS ARMARIOALTOC__02PORTAS CADERODE. 
ARMARIO BAIXO 02 PORTAS ARMARIOBAIXO02PORTAS CADERODE 
GAVETEIRO VOLANTE C/2 GAVETAS E 1 GAVETAO. GAVETEIROVOLANTEC__2GAVETASE1GAVETAO_ CADERODE 
"MESA 1,40X1,40 MESA1 40X1 40 CADERODE "
"MESA DE REUNIAO 1,20 X1,20 MESADEREUNIAO1 20X1 20 CADERODE "
MESA DE TRABALHO LINEAR EM MADEIRA COR MARFIM MESADETRABALHOLINEAREMMADEIRACORMARFIM CADERODE. 
"SCANNER, COM ACESSORIOS. SCANNER COMACESSORIOS_ KODAK ALARIS ALARIS"
"SCANNER, COM ACESSORIOS. SCANNER COMACESSORIOS_ KODAK ALARIS, ALARIS 63136116"
IMPRESSORA MULTIFUNCIONAL LASER IMPRESSORAMULTIFUNCIONALLASER LEXAMARK MX622
"IMPRESSORA MULTIFUNCIONAL LASER IMPRESSORAMULTIFUNCIONALLASER MX622, LEXAMARK 7018842002Z4M"
IMPRESSORA MULTIFUNCIONAL LASER IMPRESSORAMULTIFUNCIONALLASER LEXAMARK MX62
FORNO MICRONDAS FORNOMICRONDAS LG 
REFRIGERADOR REFRIGERADOR240L LG 
IMPRESSORA DE CARTAO/CRACHA EM PVC COLORIDA IMPRESSORADECARTAO__CRACHAEMPVCCOLORIDA SMART CH 
HD HD SEAGATE 
ESTANTE ALTADE 04 PRATELEIRAS. ESTANTEALTACOMPOSTODE04PRATELEIRAS?MEDIDASLARGURA900MM ALTURA1600MM PROFUNDIDADE500MM_TAMPOEMAGLOMERADOCOMREVESTIMENTOMELAMINIODEBAIXAPRESSAODE25MMDEESPESSURA_LATERAIS BASE FUNDOEMAGLOMERADOCOMREVESTIMENTOMELAMINICODEBAIXAPRESSAOCOM18MMDEESPESSURA_FURACAONASLATERAISCOMVARIACAODE32MM PERMITINDOASSIMMULTIPLASMONTAGENSDASPRATELEIRASQUEPOSSUEMPINOSAUTO-TRAVANTESEMZAMAK_TODOAGLOMERADONACORCRISTALEPARTESMETALICASNACORCINZA_ USE MOVEIS 
MESA DE REUNIAO TAMPO SEMI-OVAL MESAESCRITORIOREUNIAOARQUEADA USE MOVEIS 
SOFA ESTOFADO DE 03 LUGARES SOFAESPERA3LPEDEAPOIOALUMINIOCEC82 USE MOVEIS 
IMPRESSORA A LASER MULTIFUNCIONAL MONOCROMATICA IMPRESSORAALASERMULTIFUNCIONALMONOCROMATICA SAMSUNG SL-M4070F
"IMPRESSORA A LASER MULTIFUNCIONAL MONOCROMATICA IMPRESSORAALASERMULTIFUNCIONALMONOCROMATICA SAMSUNG, SAMSUNG_____________________, SL-M4070F"
"IMPRESSORA A LASER MULTIFUNCIONAL MONOCROMATICA IMPRESSORAALASERMULTIFUNCIONALMONOCROMATICA SAMSUNG_____________________, "
DOCK STATION - ESTAÇÃO DE ANCORAGEM ESTACAODEANCORAGEMPARANOTEBOOKCOMCONEXAOUSB3_0 DELL 
ACESSÓRIOS PARA INFORMÁTICA ServidorparaEscritorioRemotoTipo04 DELL EMC DELLEMC POWEREDGE R740XD
UNIDADE DIGITAL DE ARMAZENAMENTO Discoparaexpansaodacapacidadedearmazenamentodoservidortipo4 DELL EMC DELLEMC 12TB 7.2K RPM NLSAS 12GBPS 512E 3.5LN HOT-PLUG HARD DRIVE
"MONITOR MONITOR LG, LG 23 POL 24BL550J"
MONITOR MONITOR LG 23 POL LG
ULTRABOOK microcomputatorpessoalnotbookdemarcalenovo__thinkpad NOTEBOOKULTRAFINO ACOMPANHADODEMOUSE MOCHILA ETRAVADESEGURANCACOMCABO_ LENOVO/THINKPAD 
IMPRESSORA A LASER - COLORIDA IMPRESSORAALASER-COLORIDA LEXMARK CS725DE
ULTRABOOK NOTEBOOKTHINKPADT480__WINDOWS10PRO_08485_012075__2019-68_ LENOVO 
ULTRABOOK LENOVO THINKPAD MODELO T480 NOTEBOOKULTRAFINOTHINKPADT480WINDOWS10PROACOMPANHA:MOCHILALENOVOACTIVEBACKPACKMEDIUMLENOVOMOUSELASERUSB2000DPICOMPS2CABODESEGURANCAKENSINGTONCABLELOCKADAPTADOR LENOVO THINKPAD T480
APARELHO CELULAR APARELHOCELULAR IPHONE 
APARELHO CELULAR APARELHOCELULAR IPHONE 6S A1688
APARELHO CELULAR APARELHOCELULAR SAMSUNG 
APARELHO RECEPTOR DE SINAIS DE SATELITE APARELHORECEPTORDESINAISDESATELITE .. 
MICROFONE. MICROFONE_ SHURE 
CAMERA DE CIRCUITO FECHADO DE TV. CAMERADECIRCUITOFECHADODETV_ .. 
APARELHO DE TELEVISAO APARELHODETELEVISAO AOC SMART
APARELHO DE TELEVISAO APARELHODETELEVISAO SAMSUNG 5300
APARELHO DE TELEVISAO APARELHODETELEVISAO SONY BRAVIA
APARELHO DE TELEVISAO APARELHODETELEVISAO PHILIPS 5100
APARELHO DE TELEVISAO APARELHODETELEVISAO MTEK SMART
APARELHO DE TELEVISAO APARELHODETELEVISAO LG LH5700-SJ SMART
APARELHO DE TELEVISAO APARELHODETELEVISAO MTEK UHD SMART
APARELHO TELEVISOR APARELHOTELEVISOR PHILIPS LED
CAIXA ACUSTICA CAIXAACUSTICA MOX 
CAMARA FOTOFRAFICA DIGITAL CAMARAFOTOFRAFICADIGITAL NIKON 
CAMARA FOTOFRAFICA DIGITAL CAMARAFOTOFRAFICADIGITAL CANON G9XMARK
CAMARA FOTOGRAFICA DIGITAL CAMARAFOTOGRAFICADIGITAL CANOM 
CAMARA FOTOGRAFICA DIGITAL CAMARAFOTOGRAFICADIGITAL NIKON D5300
CAMERA FOTOGRADICA DIGITAL CAMERAFOTOGRADICADIGITAL NIKON P900
FONE DE OUVIDO FONEDEOUVIDO APPLE 
TABLET TABLETCOMTELATOUCHSCREENPARALEITURADELIVROS MANUAIS EXECUCAODEAPLICATIVOSEACESSOAREDESWIFIE3G YUNDAI 
TABLET TABLETCOMTELATOUCHSCREENPARALEITURADELIVROS MANUAIS EXECUCAODEAPLICATIVOSEACESSOAREDESWIFIE3G APPLE 
ULTRABOOK ULTRABOOKNOTEBOOKULTRAFINO ACOMPANHADODEMOUSE MOCHILAETRAVADESEGURANCACOMCABO_ LENOVO T480
"NOTEBOOK NotebookUltrafino acompanhadodemouse mochilaetravadesegurancacomcabo modeloLENOVOThinkpadT480_ LENOVO, LENOVO/THINKPAD THINKPAD T480"
"ULTRABOOK LENOVO T480/I5 NotebookUltrafino acompanhadodemouse mochilaetravadesegurancacomcabo modeloLENOVOThinkpadT480_ LENOVO, LENOVO/THINKPAD THINKPAD T480"
MÁQUINA DE CAFÉ MAQUINADECAFE SAECO LIRIKA PLUS
NOTEBOOK NOTEBOOKTHINKPADT480__WINDOWS10PRO ULTRAFINO ACOMPANHAMOUSE MOCHILA FONTEETRAVADESEGURANCA_ LENOVO 
ULTRABOOK ULTRABOOKLAPTOPULTRAFINO LENOVO 
ACESSÓRIOS PARA INFORMÁTICA CONJUNTODEACESSORIOSPARACOMPUTADORES RIVERBED STEELHEAD
FECHADURA ELÉTRICA FECHADURAELETRICA INTELBRAS 
FECHADURA ELÉTRICA FECHADURAELETRICA PV 
NOBREAK NOBREAK MCM USP ONE
SOLUÇÃO PARA ARMAZENAMENTO NAS SOLUCAOPARAARMAZENAMENTONAS 08BAIAS COMDISCOSDE10TB_ SYNOLOGY 
ULTRABOOK ULTRABOOKULTRAFINO ACOMPANHADODEMOUSE MOCHILA ETRAVADESEGURANCA  COMCABO_ THINKPAD 
"TABLET PC APPLE IPAD 32 GB WI-FI TABLETPCAPPLEIPAD32GBWI-FI TABLET PC APPLE IPAD 32 GB WI-FI, APPLE "
ULTRABOOK ULTRABOOKLAPTOPULTRAFINO LENOVO NOTEBOOK ULTRAFINO - THINKPAD T480
APARELHO TELEFÔNICO IP APARELHOTELEFONICOVOZSOBIP GRANDSTREAM GXP 1628
APARELHO TELEFÔNICO IP APARELHOTELEFONICOVOZSOBIP GRANDSTREAM 
DOCK STATION - ESTAÇÃO DE ANCORAGEM DOCKSTATION-ESTACAODEANCORAGEM DELL D6000
IPHONE 8 PLUS TelefonecelularAppleIphone8PLUS64GB_ APPLE 
RASTREADOR DE VEICULOS RASTREADORDEVEICULOS EASYBOX 
UNIDADE DIGITAL DE ARMAZENAMENTO SERVIDORDEALTADENSIDADEPARAPROCESSAMENTODEEVIDENCIASELETRONICAS_ SUPERMICRO 
CAFETEIRA CAFETEIRAINDUSTRIALELETRICA COMESPECIFICACOESMINIMASDE:ACOINOX;CAPACIDADEMINIMADORESERVATORIODECAFE:07LITROS;CAPACIDADEMINIMADORESERVATORIODEAGUA:13LITROS;COMTORNEIRADECAFE TORNEIRADEAGUA NIVELDECAFEVISIVEL NIVELDEAGUAVISIVEL TERMOSTATO;VOLTAGEMDE220V_ MARCHESONI 
DRONE AERONAVE NÃO TRIPULADA DRONEAERONAVENAOTRIPULADAOPERADAPORCONTROLEREMOTO DJI 
NOTEBOOK NOTEBOOKTHINKPADT480AcompanhadodeMOCHILA MOUSE CABODESEGURANCA LENOVO T480
FRAGMENTADORA DE PAPEIS FRAGMENTADORADEPAPEIS PARAUSOEMESCRITORIO_ AURORA 
NOTEBOOK NOTEBOOKTHINKPADT480AcompanhadodeMOUSE MOCHILAECABODESEGURANCA LENOVO T480
CONTROLADOR DE ACESSO CONTROLADORDEACESSO INTELBRAS SS 420
SWITCH SWITCH24PORTASS3300-28X__GS728TX RedeEthernetde2x10Gigabits NETGEAR 
RELÓGIO PROTOCOLADOR ELETRONICO RELOGIOPROTOCOLADORELETRONICO-PROTOCOLADORELETRONICOHENRYPROII HENRY 
QUADRO BRANCO LAMINADO MELAMÍNICO QuadroBrancoLaminadoMelaminico MEDEMASTER 
APARELHO TELEFÔNICO IP APARELHOTELEFONICOVOZSOBIP GRANDSTREAM GXP1628
DOCK STATION - ESTAÇÃO DE ANCORAGEM DOCKSTATION-ESTACAODEANCORAGEM DELL UNIVERSAL D6000 
"MONITOR MONITOR LG LG 23,8"""
EXTRA FINO NOTEBOOK (ULTRABOOK) NOTEBOOKEXTRAFINO_ULTRABOOK__ LENOVO/THINKPAD 
EXTRA FINO NOTEBOOK (ULTRABOOK) NOTEBOOKEXTRAFINO_ULTRABOOK__ LENOVO 
ULTRABOOK Notbookultrafinoacompanhamouse mochilaetravadesegurancacomcabo_ LENOVO 
ULTRABOOK ULTRABOOKLAPTOPULTRAFINO LENOVO THINKPAD T480
ULTRABOOK ULTRABOOKLAPTOPULTRAFINO THINKPAD 
REFRIGERADOR REFRIGERADOR MIDEA 
NOTEBOOK NOTEBOOKLENOVOTHINKPADT480__WINDOWS10PRO LENOVO 
EXTRA FINO NOTEBOOK (ULTRABOOK) NOTEBOOKEXTRAFINO_ULTRABOOK_LENOVOTHINKPADT480COMACESSORIOS LENOVO 
DESMONTADORA LATERAL DE PNEU DESMONTADORALATERALDEPNEU V RIBEIRO 
ALINHADOR DIGITAL ALINHADORDIGITAL TECH MAX 
UNIDADE DE IMAGEM DE IMPRESSORA UNIDADEDEIMAGEMDEIMPRESSORA XEROX 
REFRIGERADOR REFRIGERADOR CONSUL CHB53
ALINHADOR DE DIREÇÃO DIGITAL AUTOMOTIVO ALINHADORDEDIRECAODIGITALAUTOMOTIVO MR RIBEIRO 
BALANCEADORA MANUAL DE RODAS BALANCEADORAMANUALDERODAS MR RIBEIRO 
RAMPA DE ALINHAMENTO PNEUMÁTICA RAMPADEALINHAMENTOPNEUMATICA MR RIBEIRO 
BALANCEADORA AUTOMÁTICA BALANCEADORAAUTOMATICA FORTGPRO-FG1100 
ULTRABOOK ULTRABOOKULTRAFINO ACOMPANHADODEMOUSE MOCHILA ETRAVADESEGURANCA  COMCABO_ LENOVO 
IMPRESSORA A LASER - COLORIDA IMPRESSORAALASER-COLORIDA HP OFFICEJET PRO 7740
IMPRESSORA A LASER - COLORIDA IMPRESSORAALASER-COLORIDA HP LASERJET PRO M180
NOTEBOOK NOTEBOOK ACER ES1-572-33P
NOTEBOOK NOTEBOOK ACER ES 15 NXGFTAA
"NOTEBOOK NOTEBOOK DELL H44PMJ2, DELL INSPIRON 3000 13"
NOTEBOOK NOTEBOOK HP 14-AX069ST
NOTEBOOK NOTEBOOK DELL 
NOTEBOOK NOTEBOOK HP 14-CB112
"CAMERA FILMADORADIGITAL ACTION, ACTION SLIM H9R P"
CAMERA CAMERAFOTOGRAFICADIGITAL TIPOCOMPACTA PARACAPTURADEIMAGENSCOMALTARESOLUCAOAMEDIASELONGASDISTANCIAS ZOOMDIGITALMAIOROUIGUALAQUE2X ZOOMOPTICOMAIOROUIGUALA18X RESOLUCAOMINIMADE9MILHOESDEPIXELSEFETIVOS ESTABILIZADORDEIMAGEM DISPLAYLCDMAIOROUIGUALA2 8POLEGADASMOVEL_TILTINGSCREEN_ FUNCAODERECONHECIMENTODEROSTOS_FACEDETECTION_ FLASH_INTEGRADO_&amp 65533;MODOAUTOMATICO MODODEFLASHDESLIGADO SINCRONIZACAOLENTAEREDUCAODOEFEITODEOLHOSVERMELHOS OBTURADORCOMVELOCIDADEENTRE1__4SE1__4000S POSSIBILIDADEDEAJUSTEDEISOATE1600 PESONAOSUPERIORA590GRAMAS DISTANCIAFOCALCOMVARIACAOMINIMADE5_0MMA100MM INTERFACETIPOUSB ALIMENTACAOCOMBATERIADELITIORECARREGAVEL_DEVEMESTARINCLUIDASDENTREOSACESSORIOSQUECOMPOEMACAMERA ABATERIAESEURECARREGADORBIVOLT_ CONTERDENTREOSACESSORIOSOCABODECONEXAOUSB MANUAISEMPORTUGUES CONTERDENTREOSACESSORIOSUMMEMORYSTICKDE8GBCOMPATIVELCOMACAMERA BOLSAPARATRANSPORTEQUECAIBA ALEMDACAMARAFOTOGRAFICA OSACESSORIOSQUENORMALMENTEACOMPOEM_ NIKON D750
CAMERA CAMERAFOTOGRAFICADIGITAL TIPOCOMPACTA PARACAPTURADEIMAGENSCOMALTARESOLUCAOAMEDIASELONGASDISTANCIAS ZOOMDIGITALMAIOROUIGUALAQUE2X ZOOMOPTICOMAIOROUIGUALA18X RESOLUCAOMINIMADE9MILHOESDEPIXELSEFETIVOS ESTABILIZADORDEIMAGEM DISPLAYLCDMAIOROUIGUALA2 8POLEGADASMOVEL_TILTINGSCREEN_ FUNCAODERECONHECIMENTODEROSTOS_FACEDETECTION_ FLASH_INTEGRADO_&amp 65533;MODOAUTOMATICO MODODEFLASHDESLIGADO SINCRONIZACAOLENTAEREDUCAODOEFEITODEOLHOSVERMELHOS OBTURADORCOMVELOCIDADEENTRE1__4SE1__4000S POSSIBILIDADEDEAJUSTEDEISOATE1600 PESONAOSUPERIORA590GRAMAS DISTANCIAFOCALCOMVARIACAOMINIMADE5_0MMA100MM INTERFACETIPOUSB ALIMENTACAOCOMBATERIADELITIORECARREGAVEL_DEVEMESTARINCLUIDASDENTREOSACESSORIOSQUECOMPOEMACAMERA ABATERIAESEURECARREGADORBIVOLT_ CONTERDENTREOSACESSORIOSOCABODECONEXAOUSB MANUAISEMPORTUGUES CONTERDENTREOSACESSORIOSUMMEMORYSTICKDE8GBCOMPATIVELCOMACAMERA BOLSAPARATRANSPORTEQUECAIBA ALEMDACAMARAFOTOGRAFICA OSACESSORIOSQUENORMALMENTEACOMPOEM_ CANON EOS 6D
CAMERA CAMERAFOTOGRAFICADIGITAL TIPOCOMPACTA PARACAPTURADEIMAGENSCOMALTARESOLUCAOAMEDIASELONGASDISTANCIAS ZOOMDIGITALMAIOROUIGUALAQUE2X ZOOMOPTICOMAIOROUIGUALA18X RESOLUCAOMINIMADE9MILHOESDEPIXELSEFETIVOS ESTABILIZADORDEIMAGEM DISPLAYLCDMAIOROUIGUALA2 8POLEGADASMOVEL_TILTINGSCREEN_ FUNCAODERECONHECIMENTODEROSTOS_FACEDETECTION_ FLASH_INTEGRADO_&amp 65533;MODOAUTOMATICO MODODEFLASHDESLIGADO SINCRONIZACAOLENTAEREDUCAODOEFEITODEOLHOSVERMELHOS OBTURADORCOMVELOCIDADEENTRE1__4SE1__4000S POSSIBILIDADEDEAJUSTEDEISOATE1600 PESONAOSUPERIORA590GRAMAS DISTANCIAFOCALCOMVARIACAOMINIMADE5_0MMA100MM INTERFACETIPOUSB ALIMENTACAOCOMBATERIADELITIORECARREGAVEL_DEVEMESTARINCLUIDASDENTREOSACESSORIOSQUECOMPOEMACAMERA ABATERIAESEURECARREGADORBIVOLT_ CONTERDENTREOSACESSORIOSOCABODECONEXAOUSB MANUAISEMPORTUGUES CONTERDENTREOSACESSORIOSUMMEMORYSTICKDE8GBCOMPATIVELCOMACAMERA BOLSAPARATRANSPORTEQUECAIBA ALEMDACAMARAFOTOGRAFICA OSACESSORIOSQUENORMALMENTEACOMPOEM_ CANON EQS 80D
FILMADORA DIGITAL FILMADORADIGITAL QUANTA QTFCC0700
FILMADORA DIGITAL FILMADORADIGITAL SONY HDR-CX440
TV LED SMARTTVLED JVC LT-22KB57
GPS AUTOMOTIVO GPSAUTOMOTIVOPARADESLOCAMENTOSURBANOS_ BAK BK GPS4330
GPS AUTOMOTIVO GPSAUTOMOTIVOPARADESLOCAMENTOSURBANOS_ BAK BK-GPS7009DTBC
GPS AUTOMOTIVO GPSAUTOMOTIVOPARADESLOCAMENTOSURBANOS_ FOSTON 
GPS AUTOMOTIVO GPSAUTOMOTIVOPARADESLOCAMENTOSURBANOS_ GARMIN NUVI 
GPS AUTOMOTIVO GPSAUTOMOTIVOPARADESLOCAMENTOSURBANOS_ FOSTON FS-790GT
GPS AUTOMOTIVO GPSAUTOMOTIVOPARADESLOCAMENTOSURBANOS_ BAK BK GPS7009
LENTE FOTOGRAFICA LENTEFOTOGRAFICA CANON EFS 10-18MM F/4.5-5.6IS
"DRONE AERONAVE NÃO TRIPULADA DRONEAERONAVENAOTRIPULADAOPERADAPORCONTROLEREMOTO PHANTOM, PHANTON SE RADIOCONTR0LADOR, DJI"
"DRONE AERONAVE NÃO TRIPULADA DRONEAERONAVENAOTRIPULADAOPERADAPORCONTROLEREMOTO PHANTOM, PHANTON 4 PRO RADIOCONTR0LADOR, DJI"
APARELHO CELULAR APARELHOCELULAR IPHONE IPHONE 6 32GB
APARELHO CELULAR APARELHOCELULAR IPHONE IPHONE 7 32GB
APARELHO CELULAR APARELHOCELULAR IPHONE IPHONE 7 PLUS 32GB
APARELHO CELULAR APARELHOCELULAR IPHONE IPHONE 7
APARELHO CELULAR APARELHOCELULAR IPHONE IPHONE X 64GB
"RELOGIO DE PULSO SMART RELOGIODEPULSOSMARTCOMLOCALIZACAOPORGPS QUANTA, Q PULSO"
LENTE FOTOGRAFICA LENTEFOTOGRAFICA CANON EFS 55-250MM F/4-5.6 IS
CAPELA DE EXAUSTAO DE GASES CAPELADEEXAUSTAODEGASES AMAZONLAB 
ULTRABOOK ULTRABOOKLAPTOPULTRAFINO LENOVO__THINKPADT480 COMMOCHILA MOUSETRAVADESEGURANCAETRAVA_ LENOVO/THINKPAD 
EQUIPAMENTO PORTÁTIL HUB EQUIPAMENTOPORTATILHUBUSBTIPOC WAVLINK 
DOCK STATION - ESTAÇÃO DE ANCORAGEM ESTACAODEANCORAGEMDOCKSTATIONUSBTIPOC WAVLINK 
CONJUNTO ESTOFADO DE 2 E 3 LUGARES CONJUNTOESTOFADODE2E3LUGARES?COMPOSICAOMARROMOUBEGE FIBRASILICONADA ASSENTO BRACO ENCOSTO PESDEMADEIRA 3LUGARESDIMENSOES_LXAXP_2220MMX900MMX960MM 2LUGARESCOMDIMENSOES_LXAXP_1740MMX900MMX960MM_ GUSA DO BRASIL 
APARELHO CELULAR APARELHOCELULAR APPLE A2111
TABLET TABLETCOMTELATOUCHSCREENPARALEITURADELIVROS MANUAIS EXECUCAODEAPLICATIVOSEACESSOAREDESWIFIE3G APPLE A1893
COMPRESSOR DE AR COMPRESSORDEARPORTATIL CHIAPERINE 
COMPUTADOR COMPUTADORDELLPrecision5820Tower DELL 
MONITOR MONITORDellP2415Q238Polegadas DELL 
"ULTRABOOK LENOVO THINKPAD MODELO T480 NOTEBOOKTHINKPADT480WINDOWS10PROACESSORIOSMochilaLenovoActiveBackpackMediumCabodeSegurancaKensingtonCableLockAdaptadorpTomadaPadraoNovopAntigoSMSNBR14136eThinkpadUSBMouse   LENOVO/THINKPAD, LENOVO THINKPAD T 480"
ULTRABOOK LENOVO THINKPAD MODELO T480 NOTEBOOKULTRAFINOTHINKPADT480WINDOWS10PROACOMPANHAMOCHILALENOVOACTIVEBACKPACKMEDIUMTHINKPADMOUSEUSBCABODESEGURANCAKENSINGTONCABLELOCKADAPTADORTOMADA LENOVO THINKPAD T480
CAPELA DE EXAUSTAO DE GASES CAPELADEEXAUSTAODEGASES AIR SCIENCE 
"ULTRABOOK LENOVO THINKPAD MODELO T480 NOTEBOOKTHINKPADT480WINDOWS10PROACESSORIOSMochilaLenovoActiveBackpackMediumCabodeSegurancaKensingtonCableLockAdaptadorpTomadaPadraoNovopAntigoSMSNBR14136eThinkpadUSBMouse LENOVO/THINKPAD, LENOVO THINKPAD T 480"
"ULTRABOOK LENOVO T480 NOTEBOOKTHINKPADT480WINDOWS10PROACESSORIOSMochilaLenovoActiveBackpackMediumCabodeSegurancaKensingtonCableLockAdaptadorpTomadaPadraoNovopAntigoSMSNBR14136eThinkpadUSBMouse LENOVO, LENOVO/THINKPAD THINKPAD T480"
ULTRABOOK LENOVO THINKPAD MODELO T480 NOTEBOOKULTRAFINOTHINKPADT480WINDOWS10PROACOMPANHAMOCHILALENOVOACTIVEBACKPACKMEDIUMTHINKPADMOUSEUSBCABODESEGURANCAKENSINGTONCABLELOCKADAPTADORPARATOMADAPADRAONOVOPANTIGOSMSNBR1 LENOVO T480
COMPUTADOR COMPUTADORHPZ8G4T HP 
MONITOR MONITORHPZDisplayZ27nG2US27pol HP 
COMPUTADOR COMPUTADORHPZ8G4T HP Z8G4T
MITSUBISHI L200 MITSUBISHIL200TRITONSPORTGLS24D4X4AT MITSUBISHI TRITON SPORT GLS 24 D 4X4 AT
MITSUBISHI L200 MITSUBISHIL200TRITONSPORTGLS24D4X4AT MITSUBISHI L200 TRITON SPORT GLS 2.4 D 4X4 AT
MITSUBISHI L200 MITSUBISHIL200TRITONSPORTGLS24D4X4AT MITSUBISHI TRITON SPORT GLS 2.4 D 4X4 AT
ESPECTRÔMETRO DE INFRAVERMELHO ESPECTROMETRODEINFRAVERMELHOdebancadacomTransformadadeFourierFTIR DELL 
COMPUTADOR COMPUTADORDellOptiplex5070 DELL 
MONITOR MONITORDellP2419H DELL 
PAINEL PARA FORMAR ESTAÇÕES 964M2DEDIVISORIASREVESTIMENTOALTOEBAIXO MADEIRENSE 
PAINEL PARA FORMAR ESTAÇÕES 1066M2DEDIVISORIASREVESTIMENTOALTOEBAIXO MADEIRENSE 
NOBREAK NOBREAK5KV220V  
NOBREAK NOBREAK1500BS1500VA KSB 
SCANNER SCANNERAVISIONAD370 AVISION 
SCANNER AUTOMOTIVO SCANNERAUTOMOTIVOPARADIAGNOSTICO_ PC-SCAN PC700
MITSUBISHI L200 MITSUBISHIL200TRITONSPORTGLS4X4AT MITSUBISHI MMC/TRITON SPORT GLS 2.4 D AT
"LAVADORA A JATO HIDROLAVADORA500LIBRAS CHIAPERINI, CHIAPERINE 1600 LB"
ELEVADOR ELÉTRICO DE VEÍCULO ELEVADORELETRICODEVEICULO GP MOTORS GP 4.1
ARMARIO BAIXO ARMARIOBAIXODEPAREDEPARAFERRAMENTASCOM4GAVETAS FORTG 
MONITOR MONITORHPZDisplayZ27nG2US27pol  HP 
GM - CHEVROLET TRAILBLAZER CHEVTRAILBLAZERLTD4A   GM - CHEVROLET CHEVTRAILBLAZER LT D4A
NOBREAK NOBREAK3KVAS1102020V KEOR 
ELEVADOR ELÉTRICO DE VEÍCULO ELEVADORELETRICODEVEICULO GAHO GH400
MAQUINA DE LIMPEZA E TESTE DE BICOS INJETORES MAQUINADELIMPEZAETESTEDEBICOSINJETORES SACCH ELETROTÉCNICA 
SCANNER SCANNERDEALTOPERFORMANCI AVISION 
EQUIPAMENTO DE DUPLICAÇÃO E BLOQUEIO DE ESCRITA DE MIDIAS DE ARMAZENAMENTO COMPUTACIONAIS EQUIPAMENTODEDUPLICACAOTIPO01 ATOLA 
EQUIPAMENTO DE ENTRADA E SAIDA DE DADOS EQUIPAMENTODEDUPLICACAODEMIDEASTIPO02 ATOLA 
NOBREAK NOBREAK3KVAE220V KEOR 
CARRO PARA FERRAMENTAS CARROPARAFERRAMENTASCOM3GAVETASE1PORTA TRAMONTINA ADVANTAGE
NOBREAK NOBREAKKEORBR3KVATRAFO SMS 
CARREGADOR DE BATERIA CARREGADORDEBATERIA SPORT CAR 
KIT DE REPUXADEIRA ELETRICA KITDEREPUXADEIRAELETRICA SPORT CAR 
GM - CHEVROLET TRAILBLAZER SUVCAMIONETACHEVROLETTRAILBLAZERLTMOTOR28L4X4DIESEL4CIL16V200CV GM - CHEVROLET TRAILBLAZER LT
COMPUTADOR MICROCOMPUTADORDELLOPTIPLEX3080 DELL 
SMARTPHONE APARELHOTELEFONICOCELULARSMARTPHONES20PLUS SANSUNG 
CADEIRA COM RODÍZIOS MODELO A CADEIRACOMRODIZIOSMODELOA FK 
CADEIRA COM RODÍZIOS MODELO B CADEIRACOMRODIZIOSMODELOB FK 
CADEIRA DE INTERLOCUTOR PARA OS AMBIENTES DE TRABALHO CADEIRADEINTERLOCUTORPARAOSAMBIENTESDETRABALHO FK 
CADEIRA DE REUNIÃO CADEIRADEREUNIAO FK 
CADEIRA INDIVIDUAL CADEIRAINDIVIDUAL FK 
CITROEN C4 PALLAS SEDANCitroenC4LoungeLiveTHP173Flex16VAUT CITROEN C4L LIVE AUT
GM - CHEVROLET TRAILBLAZER SUV__CAMIONETA GM - CHEVROLET CHEV/TRAILBLAZER LT D4A
FORD RANGER FORDRANGERXLT FORD RANGER XLT
CAIXA ACUSTICA CAIXAACUSTICA MULTILASER 
FRAGMENTADORA FRAGMENTADORA6315A MENNO 
LANTERNA PARA ARMA LONGA LANTERNAPARAARMALONGAWL50IR NEXTORCH 
MONITOR MONITOR24BL550J238 LG 
ARMARIO BAIXO ARMARIOBAIXOCOM2PORTAS MARELLI 
ARMÁRIO ALTO COM PORTAS E PRATELEIRAS ARMARIOALTOCOM2PORTASEPRATELEIRAS MARELLI 
GAVETEIRO VOLANTE GAVETEIROVOLANTE4GAVETAS MARELLI 
MESA AUTOPORTANTE MESAAUTOPORTANTE MARELLI 
MESA DE REUNIÃO OVALADA MESADEREUNIAOOVALADA MARELLI 
MESA RETANGULAR INDIVIDUAL MESARETANGULARINDIVIDUALRETA MARELLI 
SOFÁ DE 02 LUGARES SOFADE02LUGARESCOUROPRETO MARELLI 
SOFÁ DE 03 LUGARES SOFADE03LUGARES MARELLI 
DESFIBRILADOR EXTERNO AUTOMÁTICO DESFIBRILADOREXTERNOAUTOMATICO CARDIOMAX 
CAFETEIRA ELÉTRICA CAFETEIRAELETRICAINDUSTRIALMARCHESONI MARCHESONI 
FORD RANGER RANGERXLT FORD RANGER XLT
CITROEN C4 PALLAS C4LOUNGELIVETHP173FLEXAUT CITROEN C4 LOUNGE LIVE THP 173 FLEX AUT
PAINEL PARA CENARIO FOTOGRAFICO PAINELPARACENARIOFOTOGRAFICO AKIYAMA 
LEITOR BIOMÉTRICO - IMPRESSÃO DIGITAL LEITORBIOMETRICO-IMPRESSAODIGITAL KOJAK 
LEITOR BIOMÉTRICO - IMPRESSÃO DIGITAL LEITORBIOMETRICO-IMPRESSAODIGITAL AKIAMA 
LEITOR BIOMÉTRICO - IMPRESSÃO DIGITAL LEITORBIOMETRICO-IMPRESSAODIGITAL AKIYAMA 
ESTAÇÃO DE TRABALHO AVANÇADA (WORKSTATION) ESTACAODETRABALHOAVANCADAWORKSTATION DELL 
MONITOR MONITOR DELL 
PURIFICADOR DE AGUA PURIFICADORDEAGUAELETRICOPLATINUMNEWCLASSBRANCO220V TOP LIFE 
"REFRIGERADOR REFRIGERADOR240ltsBrancoRE31220V ELETROLUX, ELECTROLUX RE31"
APARELHO DE AR CONDICIONADO SPLIT APARELHODEARCONDICIONADOSPLIT30000BTUS2020V AGRATTO 
RADIO WALKTALKIEMOTOROLAT200MC   MOTOROLA T200MC
"CELLEBRITE - SOLUÇÃO PARA COLETA, PROCESSAMENTO E APOIO NA ANÁLISE DE DADOS Solucaoparacoleta processamentoeapoionaanalisededadoseinformacoesapartirdeplataformaseletronicasportateis propriapararealizacaodepericiasforensecomafuncionalidadedeleituralogicaefisica_ CELEBRITE "
SOLUÇÃO INTEGRADA DE CAPTAÇÃO MINIATURIZADA DE VÍDEO SOLUCAOINTEGRADADECAPTACAOMINIATURIZADADEVIDEODEALTAPERFORMANCECOMPROTOCOLOSVARIADOSPARAINSTALACOESENTRADASEVIGILANCIASSIGILOSASLentepinholeFoVangularde30graussuportedemontagemcameraM12HDSDIrobustaeestojoESuportedefixacao CLARESYS 
MAGNIFICADOR MAGNIFICADORHM3X HM3X 
NOTEBOOK NOTEBOOKUDPPORTATILDATENDCM3A4AMDRYZEN3PRO4450UWIN10PROMOUSEUSBOPTICOPT1000DPIEMALETAPOLIESTERPT DATEN DCM3A-4
CELLEBRITE - UFED CLOUD ANALYZER SW RENEWAL (LICENÇA) UFEDCLOUDANALYZERSWRENEWAL_LICENCA_ TECHBIZ 
CELEBRITE - UFED 4PC ULTIMATE SW RENEWAL (LICENÇA) UFED4PCULTIMATESWRENEWAL_LICENCA_ TECHBIZ 
CELEBRITE - UFED ANALYTICS DESKTOP BASIC SW RENEWAL (LICENÇA) UFEDANALYTICSDESKTOPBASICSWRENEWAL TECHBIZ 
CELLEBRITE - UFED TOUCH ULTIMATE SW RENEWAL (LICENÇA) UFEDTOUCHULTIMATESWRENEWAL TECHBIZ 
GM - CHEVROLET S10 CAMINHONETE GM - CHEVROLET S10
TOYOTA COROLLA SEDAN TOYOTA COROLLA XEI 20
TOYOTA COROLLA SEDAN TOYOTA COROLLA
"NOTEBOOK, APPLE, MACBOOK-AIR NOTEBOOKAPPLEMACBOOKAIR13128GBA1466 APPLE MACBOOK AIR 13"
LEITOR LeitorcodigodebarraBT901USB CMK 
TOYOTA COROLLA COROLLAXEI20LFFVCVT TOYOTA COROLLA XEI 2 0 L FFV CVT
CADEIRA CADEIRA FK 
ACESSÓRIOS PARA INFORMÁTICA CHIPEIRA CAM TECNOLOGIA 
GATEWAY MODULAR PARA TELEFONIA VOIP GATEWAYMODULARPARATELEFONIAVOIP CAM TECNOLOGIA 
APARELHO TELEFÔNICO IP APARELHOTELEFONICOVOZSOBIP YALINK 
APARELHO DE AR CONDICIONADO SPLIT APARELHODEARCONDICIONADOSPLIT12000BTU AGRATTO 
APARELHO TELEFÔNICO IP APARELHOTELEFONICOVOZSOBIPTIPO3 LIVETECH 
APARELHO TELEFÔNICO IP APARELHOTELEFONICOVOZSOBIPTIPO2 LIVETECH 
DESKTOP ULTRACOMPACTO DESKTOPULTRACOMPACTOEMONITORDELL DELL 
NOTEBOOK NOTEBOOKEMALETAPOLIESTER DATEN 
NOTEBOOK NOTEBOOKDCN3A4 DATEN 
PISTOLA GLOCK G19 9MM PISTOLAGLOCKG19GEN5COMMALETAGLOCK3CARREGADORESVARETADELIMPEZA4BACKSTRAPSCSUPORTEPINOALONGADODOALOJAMENTODOMECANISMODOGATILHOEMUNICIADORRAPIDO GLOCK G19 GEN5
ESTAÇÃO DE TRABALHO AVANÇADA (WORKSTATION) ESTACAODETRABALHOAVANCADAWORKSTAESTACAODETRABALHODELLPRECISION7920TCOMTECLADOSMARTCARDDELLMOUSELASERWIREDMS3220CABODESEGURANCAKENSINGTONMICROSAVERTBARCHAVE DELL PRECISION 7920T
MONITOR MONITORDELLDE27P2720D DELL P2720D
NOBREAK UPSNOBREAK3000VA ATA 3000VA
MITSUBISHI OUTLANDER CAMIONETAMITSUBISHIOUTLANDER30 MITSUBISHI MITSUBISHIOUTLANDER 3 0
SCANNER AUTOMOTIVO SCANNERAUTOMOTIVOPARADIAGNOSTICO  COMKITDECONECTORES TECMOTOR 
CAMERA FOTOGRAFICA DIGITAL CAMERAFOTOGRAFICADIGITAL  EOSRBELT7COMLENTE CANON 
FLASH EXTERNO COM SUPORTE FLASHGERADORIDBIOTLAUTOVOLT CANON 
SCANNER SCANNERTIPOMESA EPSON 
ARMARIO BAIXO ARMARIOBAIXO MARELLI 
ARMÁRIO ALTO COM PORTAS E PRATELEIRAS ARMARIOALTOCOMPORTASEPRATELEIRAS MARELLI 
GAVETEIRO Gaveteiro MARELLI 
MESA Mesa MARELLI 
MESA RETANGULAR INDIVIDUAL MESARETANGULARINDIVIDUAL MARELLI 
SOFÁ DE 02 LUGARES SOFADE02LUGARES MARELLI 
MONITOR MONITORLG23POLEGADAS LG 
CÂMERA WIFI CAMERAWIFIKITDE4CAMERASWIFIPARACV100DOMTK709X4 MEMTEX MTK709X4 WIFI 647
KIT CAPTAÇÃO AMBIENTAL ÁUDIO/VIDEO KITCAPTACAOAMBIENTALAUDIOVIDEOCV100MTX538 MEMTEX MTX538
MONITOR MONITOR238POL24BL550J LG 
FRIGOBAR FrigobarMIDEA124LMRC12B22020V MIDEA MRC12B2
ESTAÇÃO DE TRABALHO AVANÇADA (WORKSTATION) ESTACAODETRABALHOAVANCADAWORKSTATIONPRECISION7920T DELL PRECISION 7920T
MONITOR MONITORP2720D DELL P2720D
CASE PARA LEITOR BIOMÉTRICO - SMARTPHONE CASEPARALEITORBIOMETRICO-SMARTPHONE AKIYAMA 
FIAT DUCATO FURGAODECELA FIAT FIAT DUCATO
NOTEBOOK CADANOTEBOOKVAIACOMPANHADODE01MALETAPOLIESTERE01MOUSEUSBOPTICOPT1000DPI DATEN 
ELEVADOR ELÉTRICO DE VEÍCULO ELEVADORELETRICODEVEICULO GP MOTORS 
MITSUBISHI L200 L200TRITONSPOGLSA   MITSUBISHI L200 TRITON SPO GLSA
ESTAÇÃO DE TRABALHO AVANÇADA (WORKSTATION) ESTACAODETRABALHOAVANCADAWORKSTATIONDellPrecision7920T DELL PRECISION 7920T
MONITOR MONITORDellP2720Dde27 DELL P2720D
ESTAÇÃO DE TRABALHO AVANÇADA (WORKSTATION) ESTACAODETRABALHOAVANCADAWORKSTATIONDELLPRECISION7920TCOMTECLADOSMARTCARDDELLMOUSELASERWIREDMS3220CABODESEGURANCAKENSINGTONMICROSAVERTBARCHAVE DELL PRECISION 7920T
COLETE BALISTICO COLETEBALiSTICOOSTENSIVONIVELIIIACAPAPAINELEBOLSA MKU LIMITED 
GM - CHEVROLET TRAILBLAZER TRAILBLAZERPRED4A   GM - CHEVROLET TRAILBLAZER
DRONE AERONAVE NÃO TRIPULADA DRONEAERONAVENAOTRIPULADADJIMAVIC2ENTERPRISEADVANCEDcompoem27KITFLYMOREDJIMAVIC2ENTERPRISEPART154CARTAODEMEMORIAADATA128GBAUSDX128GUI3V30SA2RA154HELICEPARADJIMAVIC2ENTERPRISECCWTR54HELICEPARADJIMAVIC2ENTERPRISECWTRe27TAPETECIRCULARLANDPAD DJI MAVIC 2 ENTERPRISE ADVANCED
PORTEIRO EXTERNO PORTEIROEXTERNO  
CAMERA IP CAMERAIP .. 
CONTROLADOR DE ACESSO CT CONTROLADORDEACESSOCT .. 
CONTROLE DE ACESSO BIOMÉTRICO ControledeacessoBiometrico .. 
LEITOR CADASTRADOR BIOMÉTRICO LEITORCADASTRADORBIOMETRICO .. 
LEITOR DE CARTÃO RFID LEITORDECARTAORFID .. 
SENSOR ATIVO IVA SENSORATIVOIVA .. 
RENAULT SANDERO VEICULOSRENAULTSANDEROSTEPWAYSRIATRNL7TIPOHATCHMOTOR16LSIC16CVT118CVCAMBIOAUTOMATICO   RENAULT VEÍCULOS RENAULT SANDERO STEPWAY SRIA TRN L7 TIPO HATCH MOTOR 16 L SIC16 CVT118 CV CÂMBIO AUTOMÁTICO
FORD RANGER CAMINHONETEFORDRANGE FORD RANGER
JEEP COMPASS SUVCAMIONETACOMPASS JEEP COMPASS
COLETE BALISTICO COLETEBALISTICOOVERVESTPROTECTIONLEVELLIIIA MKU LIMITED 
EXTRA FINO NOTEBOOK (ULTRABOOK) NOTEBOOKEXTRAFINO VAIO VAIO FE14
DRONE AERONAVE NÃO TRIPULADA compoem01Pistasdepousodobravel55cm;01Carregadorveicular marcaDJI 65W;01SuporteparacolocacaodesmartphoneetabletnosdronesdroneMavic3;02CartoesdememoriaMicroSD SandiskExtremePro64GB_ DJI MAVIC 3 FLY MORE COMBO
ESTAÇÃO FLEXORA DEITADA ESTACAOFLEXORADEITADA ALFA FITNESS 
ESTAÇÃO ESTACAOABDUTORMAQUINA ALFA FITNESS 
ESTAÇÃO ESTACAOADUTORMAQUINA ALFA FITNESS 
ESTAÇÃO ESTACAOADUTOR__ABDUTOR ALFA FITNESS 
ESTAÇÃO ESTACAOBANCODESENVOLVIMENTOARTICULADO ALFA FITNESS 
ESTAÇÃO ESTACAOBANCOEXTENSOR ALFA FITNESS 
ESTAÇÃO ESTACAOBANCOFLEXORA ALFA FITNESS 
ESTAÇÃO ESTACAOEXTENSORAFLEXORA ALFA FITNESS 
ESTAÇÃO ESTACAO ALFA FITNESS 
ESTAÇÃO ESTACAOBICEPS ALFA FITNESS 
BANCO REGULAVEL BANCOREGULAVEL ALFA-DIGITAL 
ESTAÇÃO ESTACAOBANCOPARAPANTURRILHAS ALFA FITNESS 
ESTAÇÃO ESTACAOBANCOSUPINODECLINADO ALFA FITNESS 
ESTAÇÃO ESTACAOBANCOSUPINORETO ALFA FITNESS 
ESTAÇÃO ESTACAOBANCOSUPINOINCLINADO ALFA FITNESS 
BANCO 90º BANCO90 ALFA FITNESS 
ESTAÇÃO ESTACAOABDOLMINALVERTICAL ALFA FITNESS 
ESTAÇÃO CROSS OVER ESTACAOCROSSOVER ALFA FITNESS 
ESTAÇÃO ESTACAOLOLMBAR45 ALFA FITNESS 
ESPALDAR ESPALDAR ALFA FITNESS 
ESTAÇÃO GRAVITON ESTACAOGRAVITON ALFA FITNESS 
ESTAÇÃO ESTACAOLEGPRESS45 ALFA FITNESS 
ESTAÇÃO ESTACAOLEGPRESSREGULAVEL ALFA FITNESS 
ESTACAO PARA GLUTEO ESTACAOPARAGLUTEOVERTICAL ALFA FITNESS 
ESTAÇÃO MULTI EXERCITADOR ESTACAOMULTIEXERCITADOR-SMITHMACHINE ALFA FITNESS 
ESTAÇÃO PEITORAL DORSAL CRUCIFIXO ESTACAOPEITORALDORSALCRUCIFIXO ALFA FITNESS 
ESTAÇÃO POLIA SUPERIOR/INFERIOR ESTACAOPOLIASUPERIOR__INFERIOR-PUXADORCONJUGADO ALFA FITNESS 
ESTAÇÃO ESTACAOPUXADORALTOARTICULADO ALFA FITNESS 
ESTAÇÃO ESTACAOSUPINOVERTICAL ALFA FITNESS 
ESTAÇÃO SUPINO RETO ESTACAOSUPINORETOARTICULADO ALFA FITNESS 
ESTAÇÃO REMADA PESO LIVRE ESTACAOREMADACOMPESOLIVRE ALFA FITNESS 
BANCO SCOTT BANCOSCOTT ALFA FITNESS 
FLASH EXTERNO COM SUPORTE FLASHEXTERNOCOMSUPORTE  
CAMERA FOTOGRAFICA DIGITAL CAMERAFOTOGRAFICADIGITAL CANON 
COLETE BALISTICO COLETEBALISTICOMARCA:PROTECOP-NIVELIIIA-NIJ0101_06-GPBDH75N__PROPB002 PROTECOP 
COLETE BALISTICO COLETEBALISTICOMARCA:PROTECOP-NIVELIIIANIJ0101_06-GPBDH75N__PROPB002 PROTECOP 
EQUIPAMENTO DE ANALISE QUIMICA DE SOLIDOS E LIQUIDO TECNOLOGIA RAMAN EspectrometroRaman portatil identificacaodedrogaseoutros RIGAKU PROGENY RESQ CQL
SOFTWARE DE GEREDEFENCIAMENTO DE VIDEO E MONITORAMENTO (CFTV) softwaredegerenciamentodevideoemonitoramento_CFTV_ DEFENSE 
GM - CHEVROLET TRACKER SUVCAMIONETATRACKERLT10Turbo12VFlexAut GM - CHEVROLET TRACKER
HYUNDAI CRETA CRETATGD HYUNDAI CRETA
PISTOLA GLOCK G19 9MM PISTOLAGLOCKG19GEN5MOS COMMALETAGLOCK 3CARREGADORES VARETADELIMPEZA 2BACKSTRAPS PINOALONGADO MINISACAPINO MUNICIADORRAPIDOE4PLACASADAPTADORASMOSEXTRASCOMCHAVEALLENE4PARAFUSOS GLOCK G19 GEN5 MOS
REFRIGERADOR REFRIGERADOR CONTINENTAL 
APARELHO CELULAR APARELHOCELULARVIASATELITE IRIDIUM 
ARMA DE AIRSOFT/GAS COMPRIMIDO PISTOLADEAIRSOFT BLOWBACK .....
RIFLE ROSSI AR15 RIFLEROSSIAR15 NEPTUNE ....
FONE DE OUVIDO FONEDEOUVIDO EVO 
APARELHO DE AR CONDICIONADO SPLIT APARELHODEARCONDICIONADOSPLIT 18_000BTUS TCL TAC18CSA2INV
MONITOR MONITOR MULTILASER 
SMART TV LED SMARTTVLED PHILIPIS 
TERMINAL DE VIDEOCONFERÊNCIA CAMERAVIDEOCONFERENCIA INTELBAS 
PROJETOR PROJETOREPSON4600 EPSON 
NETBOOK NETBOOKVAIO VAIO 
NOTEBOOK NOTEBOOK VAIO 
LEITOR BIOMÉTRICO - IMPRESSÃO DIGITAL IDENTIFICADORBIOMETRICODIGITAL WATSON MINI-AK 
DESKTOP DESKTOP POSITIVO 
MONITOR MONITOR POSITIVO 
COLETE BALISTICO COLETEBALISTICOVELADO NIVELIIIA_NIJ0101_06_ REFERENCIAGPBDH75N__PROPB002_ PROTECOP 
MESA RETANGULAR INDIVIDUAL MESARETANGULARINDIVIDUAL COLIVETTI 
"BEBEDOURO BEBEDOURO KARINA, KARINA K20 "
MAQUINA DE CAFE EXPRESSO MAQUINADECAFEEXPRESSO PHILIPIS EP1220
FORD RANGER CAMINHONETEFORDRANGERXLSCD3D4A3_2LAT FORD RANGER
ESPECTRÔMETRO EspectrometroRaman tipoportatil paraidentificacaodedrogas incluindoNSP RIGAKU PROGENYRESQ FLX
PERSIANA PERSIANA PERSIANA 
CORTINA PERSIANA CORTINAPERSIANA PERSIANA 
SOFÁ DE 03 LUGARES SOFADE03LUGARES SHOW 3 LUGARES
SOFÁ DE 02 LUGARES SOFADE02LUGARES SHOW 02LUGARES
FRAGMENTADORA DE PAPEIS FRAGMENTADORADEPAPEIS PARAUSOEMESCRITORIO_ RIOTRON AR.300C (220V/60H2)
KIT CONFECÇÃO PASSAPORTE CÂMERA DIGITAL E FLASH KITCONFECCAOPASSAPORTECOMCAMERADIGITALEFLASH IDBIO 
PAINEL PARA CENARIO FOTOGRAFICO PAINELPARACENARIOFOTOGRAFICO IDBIO 
BALANÇA BALANCA LIDER 
ARMARIO BAIXO ARMARIOBAIXO PANDIN 
ARMÁRIO ALTO ARMARIOALTO PANDIM 
GAVETEIRO Gaveteiro PANDIM 
MESA DE REUNIÃO RETANGULAR MESADEREUNIAORETANGULAR PANDIM 
SMARTPHONE APARELHOTELEFONICOCELULARSMARTPHONE_ SANSUNG 
APARELHO DE VIDEOCONFERENCIA APARELHODEVIDEOCONFERENCIA-TERMINALPARAUSOEMSALASDEVIDEOCOFERENCIA COMCANERADEVIDEOMICROFONEPARACAPTURADEAUDIO CAIXADEREPRODUCAODESOMECONEXAODEUSB_ MAHVLA 
"SMART TV LED SMARTTVLEDLG LG, LG-SMART 50UR871C0SA"
MESA Mesa ADATTARE 
ESTAÇÃO DE TRABALHO AVANÇADA (WORKSTATION) ESTACAODETRABALHODELLPRECISION3660 COREI7 DELL PRECISION 3660 TOWER
HONDA HR-V SUV__CAMIONETA HONDA HR-V
LANCHA LANCHABARCOLFF20FTPARTNUMBER:LFF20FTObservacaoSNS022Motorizacao:YAMAHA200HPPOPA F200BETX HELICED13-3__4 P19-N__SMotor:1014405 N__STelaSIMRADCRUISE9:810021389 N__SChassiCarreta:FREEHOBY_CHASSI941A0642PPC000084_ GESPI 
SERVIDOR DE REDE SERVIDORDEREDEDellPowerEdgeR7525TIPOI 2xAMD7313 8xRAM16GB 128GB_8x16GB_RDIMM 6xDiscorigidoNLSASde12TB SSD480GB OpenManageEtpAdvPlus IDRAC9DataCx5_   DELL R7525 TIPO I
NOBREAK NobreakVNS3000VA VLP 
YAMAHA XTZ 150 E CROSSER MOTOCICLETA YAMAHA XTZ 150 E CROSSER
HARDWARE DE LEITURA AVANÇADA DE DOCUMENTOS HARDWAREDELEITURAAVANCADADEDOCUMENTOS_PASSAPORTES_COMRESPECTIVASLICENCASESOFTWARESDEINTEGRACAOCOMOSISTEMADETRAFEGOINTERNACIONAL-STI AKIYAMA 
FRIGOBAR Frigobar124LMIDEACLASSEAMRC12B2BRANCO220VOLTS MIDEA MRC12B2
CÃMERA DE SEGURANÇA CAMERADESEGURANCA BULLET 
APARELHO DE AR CONDICIONADO APARELHODEARCONDICIONADOCAPACIDADEREFRIGERACAO12000BTU TENSAO110__220V TIPOSPLIT MODELOSPLITINVERTER CARACTERISTICASADICIONAIS1CONTROLEREMOTO__DISPLAYDIGITAL__TIMER__SELOPROCEL_ AGRATTO LCST12F-02I
APARELHO DE AR CONDICIONADO ARCONDICIONADO18000BTUSTAC18CSA2-INV_TCL TAC 
CAMERA IP CAMERAIP INTELBRAS 
PISTOLA DE DESCARGA ELETRICA TASER 7 PISTOLADEDESCARGAELETRICATASER7 CONTENDOCOLDRESAFARILANDE1BATERIARECARREGAVEL AXON TASER T7
"BASE DE CARREGAMENTO E SINCRONIZAÇÃO (DOCA), 1 POSIÇÃO BASEDECARREGAMENTOESINCRONIZACAO_DOCA_ 1POSICAO AXON "
DETECTOR DE GASES TÓXICOS DETECTORDEGASESTOXICOSMSAMODALTAIR4XR MSA ALTAIR 4XR
GPS GPS GRAMIN 
RACK PARA SERVIDOR RACKDEPISOCOMFECHADURAESCAMOTEAVELEPORTATRASEIRABIPARTIDA40Ux80_K_ SEM MARCA INFORMADA 
COMPASS SUV__CAMIONETA JEEP COMPASS
ONIX ONIXSEDAN GM - CHEVROLET ONIX
CRONOS FIATCRONOSDRIVE1_3CVT FIAT CRONOS
SUPORTE SUPORTE SIRCHIE 
REFRIGERADOR REFRIGERADOR SEM ESPECIFICAÇÃO 
FORNO MICROONDAS FORNOMICROONDAS SEM ESPECIFICAÇÃO 
ESTUFA ESTUFADESECAGEMEESTERILIZACAO LIMATEC 
"CADEIRA COM RODÍZIOS MODELO A CADEIRACOMRODIZIOSMODELOA FK, FK GRUPO "
"CADEIRA COM RODÍZIOS MODELO B CADEIRACOMRODIZIOSMODELOB FK, FK GRUPO "
"CADEIRA INDIVIDUAL CADEIRAFIXA FK, FK GRUPO "
MIRA HOLOGRÁFICA/REFLEXIVA MIRAHOLOGRAFICAEXPS3-2BLK EOTECH 
