"ESTOFAMENTO COURVIN MARROM, ESTRUTURA EM MADEIRA,C/BRACOS. ESTOFAMENTOCOURVINMARROM ESTRUTURAEMMADEIRA C__BRACOS_MAINLINE MAINLINE M-100/3"
"POLTRONA PARA DIRETOR, CONFEC.EM ESPUMA POLTRONAPARADIRETOR CONFEC_EMESPUMA TALARICOS XXX"
"SOFA COM 03 LUGARES, COM BRAçOS, EM TECIDO AZUL SOFACOM03LUGARES COMBRACOS EMTECIDOAZULCOLLECTION COLLECTION VERONA"
"ARMARIO,C/4 PRAT.MED.150X60X35CM ARMARIO C__4PRAT_MED_150X60X35CMFIAN__TRANSUL FIAN/TRANSUL VITRINE"
GUARDA-ROUPA EM ACO C/ 04 VAOS SOBREPOSTOS GUARDA-ROUPAEMACOC__04VAOSSOBREPOSTOSINCAM INCAM GRF-4
PAINEL DE FOT DE DUPLA FACE MEDINDO 2.20 X 1.80 PAINELDEFOTDEDUPLAFACEMEDINDO2_20X1_80S__MARCA S/MARCA PAINEL
PAINEL DE FOT DE DUPLA FACE MEDINDO 1.10 X 2.40 PAINELDEFOTDEDUPLAFACEMEDINDO1_10X2_40S__MARCA S/MARCA PAINEL
"IDENTIFICADOR DE CHAMADAS, COMPATIVEL C/ LINHA DIGITAL IDENTIFICADORDECHAMADAS COMPATIVELC__LINHADIGITALNUKLEO NUKLEO BINA"
ESTABILISADOR DE TENAO C/LED C/04 TOMADA VOLTAGEM 115/220 ESTABILISADORDETENAOC__LEDC__04TOMADAVOLTAGEM115__220ENERMAX ENERMAX EXXA PERSONAL PLUS
"CADEIRA GIRAT COM BRAO EM TECIDO AZUL, REG ASSENTO/ENCOSTO CADEIRAGIRATCOMBRAOEMTECIDOAZUL REGASSENTO__ENCOSTOTECNO TECNO P0500/21"
"ARMARIO  DE MADEIRA 80X50X163CM COR MARFIM,C PRATILEIRA ARMARIODEMADEIRA80X50X163CMCORMARFIM CPRATILEIRATECNO TECNO ARMARIO ALTO"
"ARMARIO  DE MADEIRA 80X50X74CM COR MARFIM, COM PORTAS DE GIR ARMARIODEMADEIRA80X50X74CMCORMARFIM COMPORTASDEGIRTECNO TECNO ARMARIO BAIXO"
ESTACAO DE TRABALHO PROCESAMENTO DE DADOS LAMINADO MARFIM ESTACAODETRABALHOPROCESAMENTODEDADOSLAMINADOMARFIMTECNO TECNO ESTACAO
"UNIDADE P/COMUNICACAO DE VOZ/DADOS, POR LINHA TELEFONICA UNIDADEP__COMUNICACAODEVOZ__DADOS PORLINHATELEFONICATSG TSG TSG"
IMPRESSORA PORTATIL IMPRESSORAPORTATILHP HP 350 CBI
REFRIGERADOR REFRIGERADORDOMESTICOGELADEIRA320LITROSCONSUL CONSUL 
"ARMARIO DE MAD,C/02 PORTAS FRONTAIS,E 3 GAVETOES,COR MARFIM ARMARIODEMAD C__02PORTASFRONTAIS E3GAVETOES CORMARFIMMARTINUCCI MARTINUCCI ARMARIO ALTO_TIPO GAVETAO"
MESA DE MADEIRA PARA REUNIAO NA COR MARFIM/PRETO FOSCO MESADEMADEIRAPARAREUNIAONACORMARFIM__PRETOFOSCOMARTINUCCI MARTINUCCI MESA DE REUNIAO REDONDA
"ARMARIO DE MADEIRA C/2 PORTAS FRONTAIS,1 PRATILEIRA, MARFIM ARMARIODEMADEIRAC__2PORTASFRONTAIS 1PRATILEIRA MARFIMMARTINUCCI MARTINUCCI ARMARIO SEMI-ABERTO"
MESA PARA REUNIAO EM MADEIRA NA COR MARFIM/PRETO FOSCO MESAPARAREUNIAOEMMADEIRANACORMARFIM__PRETOFOSCOMARTINUCCI MARTINUCCI MESA DE REUNIAO REDONDA
"ARMARIO BAIXO DE MADEIRA C/2 PORTAS FRONTAIS, NA COR MARFIM ARMARIOBAIXODEMADEIRAC__2PORTASFRONTAIS NACORMARFIMMARTINUCCI MARTINUCCI ARMARIO BAIXO"
"GAVETEIRO VOLANTE COM 03 GAVETAS,COR MARFIM. GAVETEIROVOLANTECOM03GAVETAS CORMARFIM_MARTINUCCI MARTINUCCI GAVETAO"
"ESTACAO DE TRABALHO BASICA DE TAMPO UNICO,COR MARFIM. ESTACAODETRABALHOBASICADETAMPOUNICO CORMARFIM_OFFICEBRASIL OFFICE BRASIL ESTACAO DE TRABALHO"
"ESTACAO DE TRABALHO DE TAMPO UNICO, EM L,MADEIRA, MARFIM ESTACAODETRABALHODETAMPOUNICO EML MADEIRA MARFIMOFFICEBRASIL OFFICE BRASIL ESTACAO DE TRABALHO"
"POLTRONA GIRAT C/RODIZIOS, BRACOS,ESPAL ALTO, REVEST COURO POLTRONAGIRATC__RODIZIOS BRACOS ESPALALTO REVESTCOUROMETALLINEA METALLINEA POLTRONA ESPALDAR ALTO"
MESA DE REUNIAO REDONDAM EM MADEIRA NA COR MARFIM MESADEREUNIAOREDONDAMEMMADEIRANACORMARFIMMETALLINEA METALLINEA MESA DE REUNIAO
"ESTACAO DE TRABALHO,COM SUPERFICIE PARA REUNIAO. ESTACAODETRABALHO COMSUPERFICIEPARAREUNIAO_METALLINEA METALLINEA MESA DE CHEFIA"
TERMINAL SEMI-CIRCULAR DUPLO TERMINALSEMI-CIRCULARDUPLOOFFICEBRASIL OFFICE BRASIL TERMINAL SEMI CIRCULAR
CLAVICULARIO EM ALUMINEO COM TAMPO DE VIDRO. CLAVICULARIOEMALUMINEOCOMTAMPODEVIDRO_ SEM MARCA CLAVICULARIO
"MESA REDONDA,COR ARGILA COM 1,20M DE DIAMETRO MESAREDONDA CORARGILACOM1 20MDEDIAMETROFORTILINE FORTILINE MESA COMUM"
"POLTRONA GIRATORIA,COM RODIZIOS,BRACOS POLTRONAGIRATORIA COMRODIZIOS BRACOSMOD-LINE MOD-LINE POLTRONA GIRATORIA"
"SOFA DE ESPERA COM 2 LUGARES,REVESTIMENTO EM TECIDO AZUL. SOFADEESPERACOM2LUGARES REVESTIMENTOEMTECIDOAZUL_FLEXFORM FLEXFORM SOFA DE 02 LUGARES"
"POLTRONA DIALOGO,ESPALDAR MEDIO,COURO NATURAL,PRETA POLTRONADIALOGO ESPALDARMEDIO COURONATURAL PRETAFUTURA FUTURA DIALOGO"
"SOFA DE 02 LUGARES, EM COURO NATURAL, COR PRETA SOFADE02LUGARES EMCOURONATURAL CORPRETAFUTURA FUTURA 02 LUGAR"
"SOFA DE 03 LUGARES, EM COURO NATURAL, COR PRETA SOFADE03LUGARES EMCOURONATURAL CORPRETAFUTURA FUTURA 03 LUGARES"
"MESA AUXILIAR, AGLOMERADO, 1,20X0,80, MARFIM MESAAUXILIAR AGLOMERADO 1 20X0 80 MARFIMITALIAOFFICE ITALIA OFFICE MESA AUXILIAR"
"MESA AUXILIAR, AGLOMERADO, 0,80X0,60, MARFIM MESAAUXILIAR AGLOMERADO 0 80X0 60 MARFIMITALIAOFFICE ITALIA OFFICE MESA AUXILIAR"
"ESTACAO TRABALHO, AGLOMERADO, 1,40X1,60, MARFIM ESTACAOTRABALHO AGLOMERADO 1 40X1 60 MARFIMITALIAOFFICE ITALIA OFFICE ESTACAO TRABALHO"
"ESTACAO TRABALHO, AGLOMERADO, 1,40X1,40, MARFIM ESTACAOTRABALHO AGLOMERADO 1 40X1 40 MARFIMITALIAOFFICE ITALIA OFFICE ESTACAO TRABALHO"
"ARMARIO C/2 PORTAS,ABERT. FRONTAL,3 PRAT. INTERNAS,MARFIM ARMARIOC__2PORTAS ABERT_FRONTAL 3PRAT_INTERNAS MARFIMBELLINEA BELLINEA "
"EST. DE TRAB. BASICA,TAMPO DE MAD.AGLOM.,C/10 PAINEIS DIVIS EST_DETRAB_BASICA TAMPODEMAD_AGLOM_ C__10PAINEISDIVISBELLINEA BELLINEA "
RACK P/TV E VIDEO C/PRAT INT REGULAVEL 80X55X72. RACKP__TVEVIDEOC__PRATINTREGULAVEL80X55X72_FUTURA:RACK-TV-MF-NT FUTURA:RACK-TV-MF-NT MARFIM-NATURAL
"MESA REUNIAO P/12 LUGARES, ESTRUTURA MDF. MESAREUNIAOP__12LUGARES ESTRUTURAMDF_FUTURA:MR-MF-NT FUTURA:MR-MF-NT "
ESTACAO SUPERVISOR ET1 ESTACAOSUPERVISORET1OFFICEBRASIL OFFICE BRASIL 
BANCADA SERVIDORES B2 BANCADASERVIDORESB2OFFICEBRASIL OFFICE BRASIL 
POLTRONA REUNIOES CHEFES P4 POLTRONAREUNIOESCHEFESP4OFFICEBRASIL OFFICE BRASIL 
MESA DE REUNIAO GABINETE CHEFIA MR2 MESADEREUNIAOGABINETECHEFIAMR2OFFICEBRASIL OFFICE BRASIL 
MESA DE REUNIAO 05 LUGARES MR4 MESADEREUNIAO05LUGARESMR4OFFICEBRASIL OFFICE BRASIL 
CADEIRA PEQUENA REUNIAO P6 CADEIRAPEQUENAREUNIAOP6OFFICEBRASIL OFFICE BRASIL 
MESA DE REUNIAO GABINETE CHEFIA MR2 MESADEREUNIAOGABINETECHEFIAMR2OFFICEBRASIL OFFICEBRASIL 
BANCADA PROJETOS B1 BANCADAPROJETOSB1OFFICEBRASIL OFFICEBRASIL 
ESTACAO ENGENHEIROS SEO ET13 ESTACAOENGENHEIROSSEOET13OFFICEBRASIL OFFICEBRASIL 
ESTACAO 01 POSTO PROJETISTAS SEO ET8 ESTACAO01POSTOPROJETISTASSEOET8OFFICEBRASIL OFFICEBRASIL 
CADEIRA PEQUENAS REUNIOES P6 CADEIRAPEQUENASREUNIOESP6OFFICEBRASIL OFFICEBRASIL 
"PENTIUM 4 INSIDE,COR PRETA E CINZA,C/DVD ROM,C/2CAIXAS DE SO PENTIUM4INSIDE CORPRETAECINZA C__DVDROM C__2CAIXASDESODELL DELL OPTIPLEX 745"
"ESTABILIZADOR AUTOMATICO, 4 TOMADAS, POTENCIA 450 VA ESTABILIZADORAUTOMATICO 4TOMADAS POTENCIA450VAAPC APC LINE-R"
"POLTRONA GIRATORIA C/BRACOS,EPAP. ALTO,REVEST COURO PRETO POLTRONAGIRATORIAC__BRACOS EPAP_ALTO REVESTCOUROPRETOFLEXFORM FLEXFORM GIRATORIA"
BANCADA SERVIDORES BANCADASERVIDORESOFFICEBRASIL OFFICE BRASIL 
"ARMARIO ALTO C/2 PORTAS,3 PRATELEIRAS INTERNAS ARMARIOALTOC__2PORTAS 3PRATELEIRASINTERNASTECNO2000 TECNO2000 L.800MM X P.450MM X H.1600MM"
MESA AUXILIAR RETANGULAR EM CHAPA UNICA DE AGLOMERADO MESAAUXILIARRETANGULAREMCHAPAUNICADEAGLOMERADOZETHA ZETHA 
ESTACAO DE TRABALHO BASICA C/TAMPO UNICO ESTACAODETRABALHOBASICAC__TAMPOUNICOBELLINEA BELLINEA 
GAVETEIRO VOLANTE COM GAVETAO GAVETEIROVOLANTECOMGAVETAOITALIAOFFICE ITALIA OFFICE 
GAVETEIRO VOLANTE COM GAVETAS GAVETEIROVOLANTECOMGAVETASITALIAOFFICE ITALIA OFFICE 
MESA DE REUNIAO SEMI-OVAL PARA 6 CADEIRAS MESADEREUNIAOSEMI-OVALPARA6CADEIRASITALIAOFFICE ITALIA OFFICE 
"MESA DE REUNIAO,P/ 4 CADEIRAS, TAMPO CIRCULAR, PES METALICOS MESADEREUNIAO P__4CADEIRAS TAMPOCIRCULAR PESMETALICOSBELLINEA BELLINEA "
"ESTACAO DE TRABALHO BASICA, MED. 1,40X0,60X0,75 ESTACAODETRABALHOBASICA MED_1 40X0 60X0 75BELLINEA BELLINEA "
"MESA DE REUNIAO, TAMPO CIRCULAR, PARA 4 PESSOAS MESADEREUNIAO TAMPOCIRCULAR PARA4PESSOASBELLINEA BELLINEA "
"ESTACAO DE TRABALHO DE CHEFIA, MED. 2,20X0,70X0,75 ESTACAODETRABALHODECHEFIA MED_2 20X0 70X0 75BELLINEA BELLINEA "
"MONITOR LCD 17"" MPRII MONITORLCD17_MPRIIHP HP HP S7502"
"ARQUIVO DE ACO PARA PASTA SUSPENSA, C/ 4 GAVETAS ARQUIVODEACOPARAPASTASUSPENSA C__4GAVETASSCHEFEFER SCHEFEFER "
"ESTACAO DE TRABALHO P/CARTORIO,TAMPO UNICO,COR MARFIM ESTACAODETRABALHOP__CARTORIO TAMPOUNICO CORMARFIMTECNO2000 TECNO2000 "
IMPRESSORA LASER MONOCROMATICA C/128MB DE RAM IMPRESSORALASERMONOCROMATICAC__128MBDERAMSAMSUNG SAMSUNG ML-3561ND
"POLTRONA C/ROD E BRCS,ESPALDAR MED,EM COURO NAT,P/GAB COORD POLTRONAC__RODEBRCS ESPALDARMED EMCOURONAT P__GABCOORDMIRANTI MIRANTI MIRANTI"
"CADEIRA DE ESTACAO DE TRABAL.,ESPALDAR MEDIO,C/APOIA BRACOS CADEIRADEESTACAODETRABAL_ ESPALDARMEDIO C__APOIABRACOSDENALMAX DENAL MAX "
"MESA DE CHEFIA , ESTACAO DE TRABALHO DE TAMPO UNICO,MARFIM MESADECHEFIA ESTACAODETRABALHODETAMPOUNICO MARFIMBELLINEA BELLINEA "
"MESA AUXILIAR, MED. 1200MMX600MMX750MM, COR PAU MARFIM MESAAUXILIAR MED_1200MMX600MMX750MM CORPAUMARFIMITALIAOFFICE ITALIA OFFICE "
ARMARIO ALTO COM 02 PORTAS E 3 PRATELEIRAS ARMARIOALTOCOM02PORTASE3PRATELEIRASTECNO2000 TECNO2000 
"MESA DE REUNIAO REDEONDA C/TAMPO CIRCULAR,PES METALICOS MESADEREUNIAOREDEONDAC__TAMPOCIRCULAR PESMETALICOSULTRACENTRO ULTRACENTRO "
"MESA DE REUNIAO REDONDA C/TAMPO CIRCULAR,PES METALICOS MESADEREUNIAOREDONDAC__TAMPOCIRCULAR PESMETALICOSULTRACENTRO ULTRACENTRO "
3COM SWITCH 4500 50 PORTAS 3COMSWITCH450050PORTAS3COM 3COM 3CR17562-91 SUPERSTAC
PROJETOR DE MULTIMIDIA PROJETORDEMULTIMIDIASONY SONY VPL-CS7
MICROONDAS FORNOMICROONDASEMACOINOXIDAVEL 27L CORBRANCAELETROLUX ELETROLUX ME285
IMPRESSORA LASER(IMPRESSORA/SCANNER/FAX/COPIADORA) IMPRESSORALASER_IMPRESSORA__SCANNER__FAX__COPIADORA_SAMSUNG SAMSUNG SCX-5530FN
NOTEBOOK-2GB-DDR2-FC1.8GHZ-64BITS-HD160GB-BOLSA E ACESSORIOS NOTEBOOK-2GB-DDR2-FC1_8GHZ-64BITS-HD160GB-BOLSAEACESSORIOSLENOVO LENOVO T400
MONITOR LCD 19 POLEGADAS MONITORLCD19POLEGADASAOC AOC 912VWA
MICRO INTELC2D/4GB/HD160GB/ MICROINTELC2D__4GB__HD160GB__LENOVO LENOVO M57P
"ESTACAO DE TRABALHO EM MADEIRA, MARFIM, 1,40X0,70 ESTACAODETRABALHOEMMADEIRA MARFIM 1 40X0 70GRIF GRIF "
"MESA DE REUNIAO REDONDA P/ 04 LUGARES, EM MADEIRA, MARFIM MESADEREUNIAOREDONDAP__04LUGARES EMMADEIRA MARFIMGRIF GRIF "
"CADEIRA INTERLOCUTOR  P/CHEFIA, REVEST. VINIL PRETO CADEIRAINTERLOCUTORP__CHEFIA REVEST_VINILPRETOFLEXFORM FLEXFORM "
"CADEIRA DE ESTACAO DE TRABALHO, REVEST.VINIL PRETO CADEIRADEESTACAODETRABALHO REVEST_VINILPRETOFLEXFORM FLEXFORM "
"CARRO DE TRANSP. EM ACO,RODAS DE BORRACHA,CAP.200KG CARRODETRANSP_EMACO RODASDEBORRACHA CAP_200KGCARRINHOBRASIL CARRINHO BRASIL "
"ARMARIO BAIXO P/ GABINETE DIRETOR, COORDENADOR E SUPERINTEN ARMARIOBAIXOP__GABINETEDIRETOR COORDENADORESUPERINTENFLEXIBASE FLEXIBASE "
"MESA AUXILIAR P/ GABINETE DIRETOR, COORDENADOR E SUPERINTEN MESAAUXILIARP__GABINETEDIRETOR COORDENADORESUPERINTENFLEXIBASE FLEXIBASE "
"GAVETEIRO P/ GABINETE DIRETOR, COORDENADOR E SUPERINT GAVETEIROP__GABINETEDIRETOR COORDENADORESUPERINTFLEXIBASE FLEXIBASE "
CADEIRA PARA COPA CADEIRAPARACOPAFLEXIBASE FLEXIBASE 
SOFA DE 03(TRES) LUGARES SOFADE03_TRES_LUGARESFLEXIBASE FLEXIBASE 
"POLTRONA P/CHEFIA, GIRAT, C/ BRACOS, VINIL PRETO, ESPALALTO POLTRONAP__CHEFIA GIRAT C__BRACOS VINILPRETO ESPALALTOFLEXFORM FLEXFORM "
NOTEBOOK NOTEBOOKACER ACER ASPIRE ONE D250-1151
MICROCOMPUTADOR PESSOAL NOTEBOOK MICROCOMPUTADORPESSOALNOTEBOOKLENOVO LENOVO THINKPAD T400
POLTRONA DE CHEFIA POLTRONADECHEFIAFLEXFORM FLEXFORM 
NOBREAK 9MS 0.8CVA 220/220NET4+BLACK 0027257 NOBREAK9MS0_8CVA220__220NET4+BLACK0027257 SEM MARCA 
PROJETOR DE IMAGEM EPSON H283A PROJETORDEIMAGEMEPSONH283AEPSON EPSON H283A
"NOTEBOOK 2GB, HD 160GB, C/ BOLSA E ACESSORIOS NOTEBOOK2GB HD160GB C__BOLSAEACESSORIOSLENOVO LENOVO T61"
"POLT.CHEFIA,ESPALDAR ALTO,C/BRACOS,RODIZIOS,COURO PRETO POLT_CHEFIA ESPALDARALTO C__BRACOS RODIZIOS COUROPRETOTECNO2000 TECNO2000 "
"POLT.DIALOGO,ESP.MEDIO,C/BRACOS,RODIZIOS,COURO PRETO POLT_DIALOGO ESP_MEDIO C__BRACOS RODIZIOS COUROPRETOTECNO2000 TECNO2000 "
"POLTRONA INTERLOCUTOR,C/BRACOS,FIXA,COURO PRETO POLTRONAINTERLOCUTOR C__BRACOS FIXA COUROPRETOTECNO2000 TECNO2000 "
"IMPRESSORA MULTIFUNCIONAL DESKJET, CAP.80 FOLHAS IMPRESSORAMULTIFUNCIONALDESKJET CAP_80FOLHASHP HP F4480"
REVOLVER ROSSI .357 MAGNUM REVOLVERMAGNUM357076ROSSI ROSSI 
"FUZIL DE ASSALTO COLT M16 E SIMILARES 5,56MM FUZILCOLTM-16-A2 MOD_723COLT COLT M16 A2"
FIAT SIENA MOD_05 ALC__GASOL VERMELHO HLXFLEX 4PORTASFIAT FIAT SIENA HLX FLEX
TOCA CD PARA AUTOMOVEL TOCACDPARAAUTOMOVELJVC JVC KD-S050
PISTOLA GLOCK G19 9MM PISTOLAC__MIRATRITIUM 02CARREGADORESEACESSORIOSGLOCK GLOCK G19
PISTOLA GLOCK G17 9MM PISTOLAC__MIRATRITIUM 02CARREGADORESEACESSORIOSGLOCK GLOCK G17
APARELHO RADIO AMADOR VOYAGER 40 CANAIS APARELHORADIOAMADORVOYAGER40CANAISVOYAGER VOYAGER 148-GTL
PISTOLA GLOCK G26 9MM PISTOLAMIRATRITIUM 02CARREGEACESS-MATRICULA15873GLOCK GLOCK G26
PISTOLA GLOCK G26 9MM PISTOLAC__MIRATRITIUM 02CARREGADORESEACESSORIOSGLOCK GLOCK G26
RENAULT MEGANE RENAULTMEGANESEDANDINAMIQUE PRETOMETAL_OSTENSIVORENAULT RENAULT MEGANE SEDAN
PISTOLA GLOCK G19 9MM PISTOLAC__MIRATRITIUM 03CARREGADORESEACESSORIOSGLOCK GLOCK G19
TRANSMISSOR AUDIO GSM TRANSMISSORAUDIOGSMGTS GTS AGT020
MICRO TRANSM. DIG. CRIPTOGRAFADO E C/ CONTROLE REMOTO MICROTRANSM_DIG_CRIPTOGRAFADOEC__CONTROLEREMOTOGTS GTS AT160
MICRO TRANSMISSOR DIGITAL C/ CONTROLE REMOTO MICROTRANSMISSORDIGITALC__CONTROLEREMOTOGTS GTS AT210
MICRO TRANSMISSOR ANALOGICO AUTONOMO MICROTRANSMISSORANALOGICOAUTONOMOGTS GTS AT280
MICRO TRANSMISSOR ANALOGICO MICROTRANSMISSORANALOGICOGTS GTS AT310
"REPETIDORA VHF, UHF, P/ AT 310 REPETIDORAVHF UHF P__AT310GTS GTS AT310R"
MICRO GRAVADOR ESTEREO DE BOLSO MICROGRAVADORESTEREODEBOLSOGTS GTS DAR040
POCKET DIGITAL GRAVADOR DE VOZ POCKETDIGITALGRAVADORDEVOZGTS GTS DAR050
MICRO GRAVADOR AUDIO VIDEO AUTONOMO MICROGRAVADORAUDIOVIDEOAUTONOMOGTS GTS DAVR010
MICRO GRAVADOR AUDIO VIDEO AUTONOMO ROBUSTECIDO MICROGRAVADORAUDIOVIDEOAUTONOMOROBUSTECIDOGTS GTS DAVR100
MICRO GRAVADOR AUDIO VIDEO TIPO CHAVEIRO MICROGRAVADORAUDIOVIDEOTIPOCHAVEIROGTS GTS DAVR120
MODULO DE RASTREAMENTO GPS MODULODERASTREAMENTOGPSGTS GTS MP010
KIT SISTEMA DE TELEMETRIA VIDEO (PALM OU NTSC) KITSISTEMADETELEMETRIAVIDEO_PALMOUNTSC_GTS GTS MV100
CAMERA COMPACTA C/ OBJETIVA INTERCAMBIAVEL CAMERACOMPACTAC__OBJETIVAINTERCAMBIAVELGTS GTS VC060
CAMERAGRANDE RESOLUCAO P/ INTEGRACAO CAMERAGRANDERESOLUCAOP__INTEGRACAOGTS GTS VC070
MALETA DE TRANSPORTE ROBUSTECIDA MALETADETRANSPORTEROBUSTECIDASTORNCASE STORN CASE IM2750
PISTOLA GLOCK G17 9MM PISTOLAGLOCKG17COMCOLDRE 2CARREGADORESEACESSORIOSGLOCK GLOCK G17
NOTEBOOKS ROBUST.-INTEL-CORE DUO 1.6MHZ-HD80GB-2GB RAM DVDRW NOTEBOOKSROBUST_-INTEL-COREDUO1_6MHZ-HD80GB-2GBRAMDVDRWPANASONIC PANASONIC CF-30
MIRA HOLOGRAFICA P/SUBMET.HK MP5 E FUZIS DE ASSALTO MIRAHOLOGRAFICAP__SUBMET_HKMP5EFUZISDEASSALTOEOTECH EOTECH 552/A65/1 TACTICAL
"FILMADORA SONY,60GB,60XZOOM,LCD 2,7] FILMADORASONY 60GB 60XZOOM LCD2 7]SONY SONY DCR-SR47E"
"CAM.FOT.DIG.,7,2MP,3XZOOM, LCD 2,4] CAM_FOT_DIG_ 7 2MP 3XZOOM LCD2 4]SAMSUNG SAMSUNG DIGIMAX S760"
"CAM.FOT.DIG.,SAMSUNG 8MP CAM_FOT_DIG_ SAMSUNG8MPSAMSUNG SAMSUNG 5860"
"CAM.FOT.DIG.,8MP,5XZOOM,2,7] CAM_FOT_DIG_ 8MP 5XZOOM 2 7]OLYMPUS OLYMPUS FE-330"
GPS MASTER G M-GP350 GPSMASTERGM-GP350 SEM MARCA M-GP350
FICHARIO DE ACO C/ UMA GAVETA. FICHARIODEACOC__UMAGAVETA_ SEM MARCA 
FICHARIO DE MESA MENO S/N. FICHARIODEMESAMENOS__N_ SEM MARCA 
"ARMARIO DE ACO, PORTA DE ABRIR,MARCA EVO. ARMARIODEACO PORTADEABRIR MARCAEVO_ SEM MARCA "
"ARMARIO DE ACO, TIPO GUARDA-ROUPA MOD. 322, MARCA FIEL. ARMARIODEACO TIPOGUARDA-ROUPAMOD_322 MARCAFIEL_ SEM MARCA "
"ARMARIO DE MADEIRA, C/ PLATILEIRAS ARMARIODEMADEIRA C__PLATILEIRAS SEM MARCA "
"ARMARIO DE ACO, C/4 PRATELEIRAS, MOD. 104, MARCA EVO. ARMARIODEACO C__4PRATELEIRAS MOD_104 MARCAEVO_ SEM MARCA "
"MAQUINADE ESCREVER FACIT, MODELO 1730 MAQUINADEESCREVERFACIT MODELO1730 SEM MARCA "
"ARMARIO DE ACO ,C/ 2 PORTA DE ABRIR.MAR. MARTE ARMARIODEACO C__2PORTADEABRIR_MAR_MARTE SEM MARCA "
"ARMARIO DE ACO ,C/ 4 PRATELEIRAS E PORTA DE ABRIR. ARMARIODEACO C__4PRATELEIRASEPORTADEABRIR_ SEM MARCA "
QUADRO DE MADEIRA COM MAPA DO BRASIL. QUADRODEMADEIRACOMMAPADOBRASIL_ SEM MARCA 
"COFRE DE ACO, TIPO INDUSTRIAL, MARCA MOJIANO. COFREDEACO TIPOINDUSTRIAL MARCAMOJIANO_ SEM MARCA "
"PAR DE ALGEMAS,C/ TRAVA DE SEGURANCA PARDEALGEMAS C__TRAVADESEGURANCA SEM MARCA "
EXTINTOR ATLANTIDA COM CAPACIDADE PARA 6 KG EXTINTORATLANTIDACOMCAPACIDADEPARA6KG SEM MARCA 
EXTINTOR DE INCENDIO CAPACIDADE PARA 6 KG EXTINTORDEINCENDIOCAPACIDADEPARA6KG SEM MARCA 
"ARMARIO DE ACO ,C/ 4 PRATELEIRAS,MARCA EVO. ARMARIODEACO C__4PRATELEIRAS MARCAEVO_ SEM MARCA "
"ARQUIVO DE ACO, 05 GAVETAS, MARCA FIEL. ARQUIVODEACO 05GAVETAS MARCAFIEL_ SEM MARCA "
"ESTANTE DE ACO,C/ 6 PRATELEIRAS. ESTANTEDEACO C__6PRATELEIRAS_ SEM MARCA "
"MAQUINA DE ESCREVER FACIT, MODELO 1730 MAQUINADEESCREVERFACIT MODELO1730 SEM MARCA "
EXTINTOR DE INCENDIO VENDEDOR EXTINTORDEINCENDIOVENDEDOR SEM MARCA 
"ESTANTE DE AC,O C/ 06 PRATELEIRAS ESTANTEDEAC OC__06PRATELEIRAS SEM MARCA "
ESTANTE DE ACO COM 06 PRATELEIRAS ESTANTEDEACOCOM06PRATELEIRAS SEM MARCA 
"MESA FORMICA C/ PES DE ACO PARA 06 LUGARES, TIPO ELASTICA. MESAFORMICAC__PESDEACOPARA06LUGARES TIPOELASTICA_ SEM MARCA "
"CADEIRA DE FORMICA C/ PES DE ACO, MOD. 684. CADEIRADEFORMICAC__PESDEACO MOD_684_ SEM MARCA "
"SOFA, MARCA GIROFLEX, MOD. 050.01. SOFA MARCAGIROFLEX MOD_050_01_ SEM MARCA "
SOFA 3 lugares preto SOFA3lugarespreto SEM MARCA 
"COFRE DE ACO, MED. 0,80X0,40 CM, COFREDEACO MED_0 80X0 40CM MARTE MARTE 09"
"ESTANTE DE ACO,C/ 2 PRATELEIRA, MED. 0,99X0,93 M E 3 VAOS. ESTANTEDEACO C__2PRATELEIRA MED_0 99X0 93ME3VAOS_ SEM MARCA "
"ESTANTE DE ACO,C/ 5 PRATELEIRA, MED. 1,98X0,93 M E 4 VAOS. ESTANTEDEACO C__5PRATELEIRA MED_1 98X0 93ME4VAOS_ SEM MARCA "
"ESTANTE DE ACO,C/ 9 PRATELEIRA, MED. 1,98X0,93 M. ESTANTEDEACO C__9PRATELEIRA MED_1 98X0 93M_ SEM MARCA "
"ESTANTE DE ACO,C/ 4 PRATELEIRA, MED. 1,98X0,93 M. ESTANTEDEACO C__4PRATELEIRA MED_1 98X0 93M_ SEM MARCA "
"ESTANTE DE ACO,C/ 6 PRATELEIRA, MED. 1,98X0,93 M. ESTANTEDEACO C__6PRATELEIRA MED_1 98X0 93M_ SEM MARCA "
EXTINTOR DE INCENDIO DE 4KG EXTINTORDEINCENDIODE4KG SEM MARCA 
"ESMERIL MONOFASICO, TIPO MB, MODELO 14582 ESMERILMONOFASICO TIPOMB MODELO14582 SEM MARCA "
"ESTANTE DE ACO,C/ 1 PRATELEIRA E 2 VAOS. ESTANTEDEACO C__1PRATELEIRAE2VAOS_ SEM MARCA "
TRIPE HOLLYWOOD TRIPEHOLLYWOOD SEM MARCA 
"MAQUINA FRAGMENTADORA, MARCA TAIFUM, MODELO DIXI 190 MAQUINAFRAGMENTADORA MARCATAIFUM MODELODIXI190 SEM MARCA "
"ARMARIO DE ACO C/ 1 PRATELEIRA, E PORTA DE ABRIR,MOD.SUPER-7 ARMARIODEACOC__1PRATELEIRA EPORTADEABRIR MOD_SUPER-7 SEM MARCA "
"ARMARIO DE ACO C/ 4 PRATELEIRAS,E PORTA DE ABRIR,MOD.SUPER-7 ARMARIODEACOC__4PRATELEIRAS EPORTADEABRIR MOD_SUPER-7 SEM MARCA "
ESTANTE DE ACO BIBLIOTECA DUPLA DE 5 PRATELEIRA MOD.226 ESTANTEDEACOBIBLIOTECADUPLADE5PRATELEIRAMOD_226 SEM MARCA 
"ESTANTE DE ACO, MARCA FIEL,MOD. 226. ESTANTEDEACO MARCAFIEL MOD_226_ SEM MARCA "
"ESTANTE DE ACO, DUPLA-FACE,C/ 5 PRATELEIRAS,MOD. 226. ESTANTEDEACO DUPLA-FACE C__5PRATELEIRAS MOD_226_ SEM MARCA "
"COFRE DE ACO INTEIRICO, MED. 1250X565X505 MM. COFREDEACOINTEIRICO MED_1250X565X505MM_ SEM MARCA "
"MESA DE CABECEIRA EM IMBUIA, C/ 02 GAVETAS. MESADECABECEIRAEMIMBUIA C__02GAVETAS_ SEM MARCA "
SOFA DE 3 LUGARES EM COUREX C/ ALMOFADAS SOFADE3LUGARESEMCOUREXC__ALMOFADASITAMARATY ITAMARATY 
ESTANTE DE ACO COM 06 PRATELEIRA MARCA MARTE MED.2430X925X44 ESTANTEDEACOCOM06PRATELEIRAMARCAMARTEMED_2430X925X44 SEM MARCA 
"GUARDA ROUPA DE ACO,COM 6  VAO, MARCA INESTAN,MOD. 603. GUARDAROUPADEACO COM6VAO MARCAINESTAN MOD_603_ SEM MARCA "
"GUARDA ROUPA DE ACO, COR CINZA, MARCA MARTE, MOD. GRF 506. GUARDAROUPADEACO CORCINZA MARCAMARTE MOD_GRF506_ SEM MARCA "
"ARMARIO DE ACO C/2 VAOS, MOD. 820-821. ARMARIODEACOC__2VAOS MOD_820-821_ SEM MARCA "
"ESTANTE DE ACO COM   PRATELEIRAS,MARCA FIEL. ESTANTEDEACOCOMPRATELEIRAS MARCAFIEL_ SEM MARCA "
"ESTANTE DE ACO COM 3 PRATELEIRAS,MARCA FIEL. ESTANTEDEACOCOM3PRATELEIRAS MARCAFIEL_ SEM MARCA "
BOTIJAO DE 13KG DE GAS LIQUEFEITO BOTIJAODE13KGDEGASLIQUEFEITO SEM MARCA 
"EXTINTOR CO2, DE 6 KG, COM SUPORTE PAREDE EXTINTORCO2 DE6KG COMSUPORTEPAREDE SEM MARCA "
"EXTINTOR C02, DE 6KG, COM SUPORTE PAREDE EXTINTORC02 DE6KG COMSUPORTEPAREDE SEM MARCA "
"EXTINTOR PO QUIMICO, DE 6KG, COM SUPORTE PAREDE EXTINTORPOQUIMICO DE6KG COMSUPORTEPAREDE SEM MARCA "
"ARQUIVO DE ACO,C/ 04 GAVETAS, MARCA BANDEIRANTE. ARQUIVODEACO C__04GAVETAS MARCABANDEIRANTE_ SEM MARCA "
"PORTA TELEFONE EM PAU-FERRO, MOD. 616, MARCA MARFINITE. PORTATELEFONEEMPAU-FERRO MOD_616 MARCAMARFINITE_ SEM MARCA "
"ARMARIO DE ACO C/4 PRATELEIRAS,MOD. SUPER VI. ARMARIODEACOC__4PRATELEIRAS MOD_SUPERVI_ SEM MARCA "
ARMARIO EM MADEIRA. ARMARIOEMMADEIRA_ SEM MARCA 
"CABIDE EM MADEIRA PAU FERRO, TORNEADO, MEDINDO 1 M DE ALTURA CABIDEEMMADEIRAPAUFERRO TORNEADO MEDINDO1MDEALTURA SEM MARCA "
MAQUINA P/ VULCANIZAR PNEUS MODELO BC MAQUINAP__VULCANIZARPNEUSMODELOBC SEM MARCA 
POLITRIZ PARA POLIMENTO DE PINTURAS DE AUTOR. POLITRIZPARAPOLIMENTODEPINTURASDEAUTOR_ SEM MARCA 
BOTIJAO GAS 13 KG BOTIJAOGAS13KG SEM MARCA 
GELADEIRA ICC-BAR PARA ESCRITORIO GELADEIRAICC-BARPARAESCRITORIOELETROLUX ELETROLUX 125
MESA P/ CABECEIRA EM IMBUIA ESCURECIDA COM 1 GAVETA SAPATARI MESAP__CABECEIRAEMIMBUIAESCURECIDACOM1GAVETASAPATARI SEM MARCA 
NOVO DICIONARIO AURELIO NOVODICIONARIOAURELIOAURELIO AURELIO 
"MESA DE CENTRO EM CEREJEIRA, MED. 1,30X0,80M, MARCA MILLA. MESADECENTROEMCEREJEIRA MED_1 30X0 80M MARCAMILLA_ SEM MARCA "
"RADIO STEREO RECEIVER, AM/FM, SANSUI RADIOSTEREORECEIVER AM__FM SANSUI SEM MARCA "
"APARELHO DE CHA E CAFE EM ACO INOX, COM 7 PECAS APARELHODECHAECAFEEMACOINOX COM7PECASMERIDIONAL MERIDIONAL "
CAMA DE SOLTEIRO EM MOGNO. CAMADESOLTEIROEMMOGNO_ SEM MARCA 
"CESTO CINZEIRO DE PE,C/ABERTURAS LATERAIS E RECI.EM ALUMINIO CESTOCINZEIRODEPE C__ABERTURASLATERAISERECI_EMALUMINIO SEM MARCA "
"RADIO GRAVADOR CASSETE, MOD. CR-3030, SEIKO RADIOGRAVADORCASSETE MOD_CR-3030 SEIKO SEM MARCA "
"CADEIRA GIRATORIA ESTOFADA, MOD. 311-CR. CADEIRAGIRATORIAESTOFADA MOD_311-CR_ SEM MARCA "
"SOFA  2 LUGARES S/BRACOS, COURVIM MARROM, MOD. SL-2G SOFA2LUGARESS__BRACOS COURVIMMARROM MOD_SL-2G SEM MARCA "
POLTRONA SEM BRAÇO POLTRONASEMBRACO SEM MARCA 
"MULTITESTE PORTATIL, HIOKI MOTORADIO, MOD. 3000 MULTITESTEPORTATIL HIOKIMOTORADIO MOD_3000 SEM MARCA "
"TRANSFORMADOR DE VOLTAGEM DE 200V PARA 110V, DE 200W, REB TRANSFORMADORDEVOLTAGEMDE200VPARA110V DE200W REB SEM MARCA "
"MESA DE MADEIRA IMBUIA,C/3 GAVETAS, MARCA ESTIL. MESADEMADEIRAIMBUIA C__3GAVETAS MARCAESTIL_ SEM MARCA "
AURELIO-NOVO DICIONARIO DA LINGUA PORTUGUESA AURELIO-NOVODICIONARIODALINGUAPORTUGUESA SEM MARCA 
"ESTANTE DE ACO C/ 04 PRATELEIRAS,MARCA FIEL. ESTANTEDEACOC__04PRATELEIRAS MARCAFIEL_ SEM MARCA "
"ARQUIVO DE ACO,C/ 04 GAVETAS, MARCA FIEL. ARQUIVODEACO C__04GAVETAS MARCAFIEL_ SEM MARCA "
"ARMARIO DE MADEIRA, C/ 02 PORTA, MARCA CICOPAL. ARMARIODEMADEIRA C__02PORTA MARCACICOPAL_ SEM MARCA "
MESA MADEIRA C/01 GAVET. C/03 GAVETAS MOD. 506 MARCA FLORENS MESAMADEIRAC__01GAVET_C__03GAVETASMOD_506MARCAFLORENS SEM MARCA 
DICIONARIO DA LINGA PORTUGUESA AURELIO BUARQUE DE HOLANDA. DICIONARIODALINGAPORTUGUESAAURELIOBUARQUEDEHOLANDA_ SEM MARCA 
"MESA EM MADEIRA DE LEI CEREJEIRA MED.1.30X0,67X0,77M FLORENS MESAEMMADEIRADELEICEREJEIRAMED_1_30X0 67X0 77MFLORENS SEM MARCA "
"MESA DE MADEIRA LOURO CLARO C/ 03 GAVETAS MED. 1,20X0 MESADEMADEIRALOUROCLAROC__03GAVETASMED_1 20X0 SEM MARCA "
"ARMARIO DE MADEIRA, C/ 02 PORTAS, MOD. 901, MARCA CICOPAL. ARMARIODEMADEIRA C__02PORTAS MOD_901 MARCACICOPAL_ SEM MARCA "
"APARELHO DE AR CONDICIONADO, MARCA CONSUL, MOD. 4712 APARELHODEARCONDICIONADO MARCACONSUL MOD_4712 SEM MARCA "
"ARQUIVO DE ACO, C/ 04 GAVETAS, MOD. 3904. ARQUIVODEACO C__04GAVETAS MOD_3904_ SEM MARCA "
"ARMARIO EM MADEIRA FREJO, MOD. A-1. ARMARIOEMMADEIRAFREJO MOD_A-1_ SEM MARCA "
"ARMARIO DE MADEIRA FREIJO, MOD. A-1. ARMARIODEMADEIRAFREIJO MOD_A-1_ SEM MARCA "
VOCABULARIO JURIDICO DE PLACIDO E SILVA VOCABULARIOJURIDICODEPLACIDOESILVA SEM MARCA 
DIREITO ADMINISTRATIVO BRASILEIRO HELY LOPES DIREITOADMINISTRATIVOBRASILEIROHELYLOPES SEM MARCA 
SOFA DE 01 LUGAR  SOFADE01LUGAR SEM MARCA 
MESA CENTRO CEREJEIRA. MESACENTROCEREJEIRA_ SEM MARCA 
MESA P/ IMPRESSORA C/ COLETOR E ESTEIRA MED. 70X50X72 CM. MESAP__IMPRESSORAC__COLETOREESTEIRAMED_70X50X72CM_ SEM MARCA 
POLTRONA GIRATORIA C/ BRACOS. POLTRONAGIRATORIAC__BRACOS_ SEM MARCA 
"ARMARIO EM FREIJO,C/ 02 PORTAS MOD. TKAAL,MARCA ALBERTFLEX. ARMARIOEMFREIJO C__02PORTASMOD_TKAAL MARCAALBERTFLEX_ SEM MARCA "
"ARQUIVO DE ACO, C/ 04 GAVETAS. ARQUIVODEACO C__04GAVETAS SEM MARCA "
"COFRE DE ACO, MOD. I-12, MARCA INDU-METAL. COFREDEACO MOD_I-12 MARCAINDU-METAL_ SEM MARCA "
CADEIRA EM VINIL PRETO MOD. 613 CADEIRAEMVINILPRETOMOD_613 SEM MARCA 
"CADEIRA EM VINIL PRETO, MODELO 613 CADEIRAEMVINILPRETO MODELO613 SEM MARCA "
"MESA DE MADEIRA CEREJEIRA MED.1,10X0 MESADEMADEIRACEREJEIRAMED_1 10X0 SEM MARCA "
MESA DE MADEIRA MESADEMADEIRA SEM MARCA 
"MAQUINA FRAGMENTADORA, MARCA MAGNETOPLAN MAQUINAFRAGMENTADORA MARCAMAGNETOPLAN SEM MARCA "
FURADEIRA REF. 1106 MARCA BOSCH FURADEIRAREF_1106MARCABOSCH SEM MARCA 
"SINALIZADOR VISUAIS ROTATIVOS MODELO RT/KH, 55W SINALIZADORVISUAISROTATIVOSMODELORT__KH 55W SEM MARCA "
ALGEMA ROSSI MOD. 08. 82 ALGEMAROSSIMOD_08_82 SEM MARCA 
ALGEMA ROSSI MOD. 08.82 ALGEMAROSSIMOD_08_82 SEM MARCA 
"PAR DE ALGEMAS,MARCA ROSSI, MODELO 08.82. PARDEALGEMAS MARCAROSSI MODELO08_82_ SEM MARCA "
"MINI-COMODA EM CEREJEIRA, ESTILO COLONIAL, C/ 03 GAVETAS MINI-COMODAEMCEREJEIRA ESTILOCOLONIAL C__03GAVETAS SEM MARCA "
FRIGOBAR REFRIGERADORCONSULTIPOFRIGOBAR SEM MARCA 
"CARREGADOR DE BATERIA SIMPLES, ALIMENTACAO 11A VCA, 60MHZ CARREGADORDEBATERIASIMPLES ALIMENTACAO11AVCA 60MHZ SEM MARCA NTN 5540"
"CARREGADOR DE BATERIA SIMPLES, ALIMENTACAO 110 VCA, 60MHZ CARREGADORDEBATERIASIMPLES ALIMENTACAO110VCA 60MHZ SEM MARCA NTN 5540"
"CARREGADOR BATERIA SIMPLES, ALIMENTACAO 110 VCA, 60MHZ CARREGADORBATERIASIMPLES ALIMENTACAO110VCA 60MHZ SEM MARCA NTN 5540"
RADIO TRANSCEPTOR PORTATIL VHF/FM RADIOTRANSCEPTORPORTATILVHF__FMMOTOROLA MOTOROLA HT-600
LUPA COM DIAMETRO DE LENTE DE 10CM LUPACOMDIAMETRODELENTEDE10CMINCOORS INCOORS 320
PAQUIMETRO DE MEDICAO INTERNA E EXTERNA E DE PRONFUNDIDADE PAQUIMETRODEMEDICAOINTERNAEEXTERNAEDEPRONFUNDIDADEMITUTOYO MITUTOYO CAPACIDADE 6 POLEGADAS
PK 110 S CAPSULA TELEFONE CONTROLADO A CRISTAL PK110SCAPSULATELEFONECONTROLADOACRISTAL SEM MARCA 
PK 805 SS TRANSMISSOR EM VHF CONTROLADO A CRISTAL(46X33X15MM PK805SSTRANSMISSOREMVHFCONTROLADOACRISTAL_46X33X15MM SEM MARCA 
APARELHO TELEFONICO APARELHOTELEFONICOSIEMENS SIEMENS 
ESTANTE ALTA COM 04 PRATELEIRAS ESTANTEALTACOM04PRATELEIRAS SEM MARCA 
"ESTANTE ALTA COM 04 PRATELEIRAS REGULAVEIS,MED.1,56M ALT. ESTANTEALTACOM04PRATELEIRASREGULAVEIS MED_1 56MALT_ SEM MARCA "
"ESTANTE ALTA COM 04 PRATELEIRAS REGULAVEIS,MED.1,56M ALT. ESTANTEALTACOM04PRATELEIRASREGULAVEIS MED_1 56MALT_CIRMMAL CIRMMAL "
"ESCRIVANINHA EXECUTIVO COM TAMPO DE 45MM. MED.1,84X0,90X0,74 ESCRIVANINHAEXECUTIVOCOMTAMPODE45MM_MED_1 84X0 90X0 74 SEM MARCA "
MESA COMUM C/03 GAV MESACOMUMC__03GAV SEM MARCA 
MESA PARA ESCRITORIO C/GAVETAS MESAPARAESCRITORIOC__GAVETAS SEM MARCA 
MESA MADEIRA MESAMADEIRA SEM MARCA 
"ESCRIVANINHA EXECUTIVO COM TAMPO DE 45MM. MED.1,27X0,90X0,74 ESCRIVANINHAEXECUTIVOCOMTAMPODE45MM_MED_1 27X0 90X0 74 SEM MARCA "
MESA PARA ESCRITORIO COM GAVETAS MESAPARAESCRITORIOCOMGAVETAS SEM MARCA 
ARMARIO EM MADEIRA C/PORTAS BAIXO ARMARIOEMMADEIRAC__PORTASBAIXO SEM MARCA 
MESA EM MADEIRA C/03 GAVETAS MESAEMMADEIRAC__03GAVETAS SEM MARCA 
ESCRIVANINHA EXECUTIVO COM TAMPO GRANDE S/GAVETAS. ESCRIVANINHAEXECUTIVOCOMTAMPOGRANDES__GAVETAS_ SEM MARCA 
"ESCRIVANINHA P/ DATILOGRAFO,COM TAMPO DE 45MM,MED.0,75X0,45 ESCRIVANINHAP__DATILOGRAFO COMTAMPODE45MM MED_0 75X0 45 SEM MARCA "
"ESCRIVANINHA P/ DATILOGRAFO, FOLHEADA EM LOURO CLARO FREJO. ESCRIVANINHAP__DATILOGRAFO FOLHEADAEMLOUROCLAROFREJO_ SEM MARCA "
"ESCRIVANINHA P/ DATILOGRAFO,FOLHEADA EM LOURO CLARO FREIJO ESCRIVANINHAP__DATILOGRAFO FOLHEADAEMLOUROCLAROFREIJO SEM MARCA "
"MESA P/ TELEFONE, EM LOURO CLARO FREIJO,MED. 0,50X0,35X0,55. MESAP__TELEFONE EMLOUROCLAROFREIJO MED_0 50X0 35X0 55_ SEM MARCA "
POLTRONA EXECUTIVO POLTRONAEXECUTIVO SEM MARCA 
POLTRONA EXECUTIVO C/ BRACO EM POLIURETANO INJ. NA COR PRETA POLTRONAEXECUTIVOC__BRACOEMPOLIURETANOINJ_NACORPRETA SEM MARCA 
"POLTRONA INTERLOCUTOR FIXA, C/ BRACO, NA COR HAVANA. POLTRONAINTERLOCUTORFIXA C__BRACO NACORHAVANA_ SEM MARCA "
"POLTRONA INTERLOCUTOR FIXA, S/ BRACO, NA COR HAVANA. POLTRONAINTERLOCUTORFIXA S__BRACO NACORHAVANA_ SEM MARCA "
SOFA COMP. DE 01 LUGAR S/BRACO SOFACOMP_DE01LUGARS__BRACO SEM MARCA 
"POLTRONA INTERLOCUTOR FIXA, S/BRACOS,NA COR HAVANA. POLTRONAINTERLOCUTORFIXA S__BRACOS NACORHAVANA_ SEM MARCA "
"POLTRONA INTERLOCUTOR FIXA, S/BRACOS. POLTRONAINTERLOCUTORFIXA S__BRACOS_ SEM MARCA "
POLTRONA INTERLOCUTOR FIXA S/ BRACOS NA COR HAVANA POLTRONAINTERLOCUTORFIXAS__BRACOSNACORHAVANA SEM MARCA 
POLTRONA INTERLOCUTOR FIXA S/BRACOS REV. COURO HAVANA POLTRONAINTERLOCUTORFIXAS__BRACOSREV_COUROHAVANA SEM MARCA 
POLTRONA GIRATORIA C/BRACO REVESTIDA COR MARRON. POLTRONAGIRATORIAC__BRACOREVESTIDACORMARRON_ SEM MARCA 
POLTRONA INTELOCOTOR FIXA  COR HAVANA. POLTRONAINTELOCOTORFIXACORHAVANA_ SEM MARCA 
POLTRONA GIRATORIA C/BRACO REVESTIDA COR PRETA C/PVC BORDAS. POLTRONAGIRATORIAC__BRACOREVESTIDACORPRETAC__PVCBORDAS_ SEM MARCA 
POLTRONA  S/BRACO. POLTRONAS__BRACO_ SEM MARCA 
POLTRONA GIRATORIA S/BRACO. POLTRONAGIRATORIAS__BRACO_ SEM MARCA 
POLTRONA GIRATORIA C/BRACO POLTRONAGIRATORIAC__BRACO SEM MARCA 
POLTRONA GIRATORIA S/BRACO POLTRONAGIRATORIAS__BRACO SEM MARCA 
POLTRONA S/BRACO  P/DATILOG. POLTRONAS__BRACOP__DATILOG_ SEM MARCA 
POLTRONA GIRATORIA S/BRACO P/DATILOG. POLTRONAGIRATORIAS__BRACOP__DATILOG_ SEM MARCA 
POLTRONA S/BRACO P/DATILOG. POLTRONAS__BRACOP__DATILOG_ SEM MARCA 
POLTRONA S/BRACO . POLTRONAS__BRACO_ SEM MARCA 
POLTRONA C/BRACO MARROM GIRATORIA POLTRONAC__BRACOMARROMGIRATORIA SEM MARCA 
"POLTRONA S/ BRACOS, PARA DATILOGRAFO, NA COR HAVANA. POLTRONAS__BRACOS PARADATILOGRAFO NACORHAVANA_ SEM MARCA "
POLTRONA C/ BRACOS POLTRONAC__BRACOS SEM MARCA 
"POLTRONA FIXA, COM BRACOS, E COURVIM PRETO POLTRONAFIXA COMBRACOS ECOURVIMPRETO SEM MARCA "
"SOFA DE TRES LUGARES, MED. 1,96X0,77X0,70M, EM KORINO. SOFADETRESLUGARES MED_1 96X0 77X0 70M EMKORINO_ SEM MARCA "
SOFA DE TRES LUGARES. SOFADETRESLUGARES_ SEM MARCA 
"SOFA DE DOIS LUGARES, MED. 1,56X0,78X0,80M, EM COURO. SOFADEDOISLUGARES MED_1 56X0 78X0 80M EMCOURO_ SEM MARCA "
"POLTRONA MEDINDO 0,96X0,78X0,80, EM COURO. POLTRONAMEDINDO0 96X0 78X0 80 EMCOURO_ SEM MARCA "
"BASE P/MESA CENTRO MARMORE C/TAMPO VIDRO M 1,30X0,85M 12M BASEP__MESACENTROMARMOREC__TAMPOVIDROM1 30X0 85M12M SEM MARCA "
"BASE P/MESA CENTRO MARMORE C/TAMPO DE VIDRO M 1,30X0 85M 12M BASEP__MESACENTROMARMOREC__TAMPODEVIDROM1 30X085M12M SEM MARCA "
"BASE P/MESA LATERAL MARMORE C/TAMPO VIDRO M 0,60X0,60M 12M BASEP__MESALATERALMARMOREC__TAMPOVIDROM0 60X0 60M12M SEM MARCA "
"BASE P/MESA LATERAL MARMORE C/TAMPO DE VIDRO M 0,60X0 60M BASEP__MESALATERALMARMOREC__TAMPODEVIDROM0 60X060M SEM MARCA "
"MESA EXECUTIVA C/ESTRUTURA DE MAD. FREIJO,MED. 3,00X20X0,75M MESAEXECUTIVAC__ESTRUTURADEMAD_FREIJO MED_3 00X20X0 75M SEM MARCA "
"POLTRONA GIRATORIA REVESTIDA EM COURO, C/05 PATAS C/ RODIZIO POLTRONAGIRATORIAREVESTIDAEMCOURO C__05PATASC__RODIZIO SEM MARCA "
POLTRONA POLTRONA SEM MARCA 
"SOFA DE TRES LUGARES, MEDINDO 2,20X0,82X0,88M. SOFADETRESLUGARES MEDINDO2 20X0 82X0 88M_ SEM MARCA "
"SOFA 01 LUGARES ESTRUTURA EM MADEIRA MACICA

C/ ALMOFADAS SOFA01LUGARESESTRUTURAEMMADEIRAMACICA  C__ALMOFADAS SEM MARCA "
"BASE P/MESA CENTRO EM MARMORE C/TAMPA VIDRO 1,30X0,85M DE 12 BASEP__MESACENTROEMMARMOREC__TAMPAVIDRO1 30X0 85MDE12 SEM MARCA "
"SOFA DE TRES LUGARES, MEDINDO 2,16X0,78X0,80M.EM COURO. SOFADETRESLUGARES MEDINDO2 16X0 78X0 80M_EMCOURO_ SEM MARCA "
"SOFA DE TRES LUGARES MED.2.16X0,78X0,80M,REVESTIDO EM COURO SOFADETRESLUGARESMED_2_16X0 78X0 80M REVESTIDOEMCOURO SEM MARCA "
"GUILHOTINA MARCA SANTANDRE, TIPO C-32, TAMANHO MEDIO. GUILHOTINAMARCASANTANDRE TIPOC-32 TAMANHOMEDIO_ SEM MARCA "
TAPETE DALLAS COR CINZA COM ACABAMENTO DE DEBRUM MED.2.00X3. TAPETEDALLASCORCINZACOMACABAMENTODEDEBRUMMED_2_00X3_BANDEIRANTE BANDEIRANTE 
TAPETE NA COR VERDE AGUAS COM ACABAMENTO DE DEBRUM 3.50X5.00 TAPETENACORVERDEAGUASCOMACABAMENTODEDEBRUM3_50X5_00BEMA BEMA GIORGIA
ABAJOUR REF. 206. ABAJOURREF_206_ SEM MARCA 
TRANSFORMADOR 220V TRANSFORMADOR220V SEM MARCA 
CARRO TIPO PLATAFORMA M/ CAFELANDIA CARROTIPOPLATAFORMAM__CAFELANDIA SEM MARCA 
FRIGOBAR REFRIGERADORFRIGOBARFLAT CAPACIDADE146LITROS PROSDOCIM SEM MARCA 
"SOFA DE TRES LUGARES MED 1,96X77X70 REVESTIDO EM KORINO. SOFADETRESLUGARESMED1 96X77X70REVESTIDOEMKORINO_ SEM MARCA "
"SOFA DE TRES LUGARES, MED. 1,96X0,77X0,70 REVES. KORINO SOFADETRESLUGARES MED_1 96X0 77X0 70REVES_KORINO SEM MARCA "
COMPRESSOR DE MOLA ASPIRAL /PASSAT/GOL/VOYGE/PARATI/SANTANA COMPRESSORDEMOLAASPIRAL__PASSAT__GOL__VOYGE__PARATI__SANTANA SEM MARCA 
ESTANTE MADEIRA CEREJEIRA MARCA BELO MODELO B15 ESTANTEMADEIRACEREJEIRAMARCABELOMODELOB15 SEM MARCA 
PRENSA HIDRAULICA DE 15 TONELADAS MARCA SIWA PRENSAHIDRAULICADE15TONELADASMARCASIWA SEM MARCA 
REFRIGERADOR RED. 3.9 SL 394L 220WHTE REFRIGERADORRED_3_9SL394L220WHTE SEM MARCA 
FOGAO FOGAODAKO DAKO MAGISTER PLUS
"DETETOR DE METAL, PORTATIL DETETORDEMETAL PORTATIL SEM MARCA 410X14MM"
TRANSFORMADOR DE SOLDA MARCA BAMBOZZI 250 A. TRANSFORMADORDESOLDAMARCABAMBOZZI250A_ SEM MARCA 
ESTANTE ACO MARCA INESTAN C/ 07 PRATELEIRAS REGULARES. ESTANTEACOMARCAINESTANC__07PRATELEIRASREGULARES_ SEM MARCA 
"ESTANTE DE ACO MARCA INESTAN, C/07 PRATELEIRAS REGULAVEIS. ESTANTEDEACOMARCAINESTAN C__07PRATELEIRASREGULAVEIS_ SEM MARCA "
TRANSCEPTOR TRANSCEPTORINTRACO INTRACO 
TRANSCEPTOR PORTATIL TRANSCEPTORPORTATILMOTOROLA MOTOROLA 
ESTACAO PORTATIL VHF/FM ESTACAOPORTATILVHF__FMMOTOROLA MOTOROLA MODHT-600
"ESTACAO BASE VHF/FM, 146/174, 16 CANAIS C/TRANSCEPTOR FIXO ESTACAOBASEVHF__FM 146__174 16CANAISC__TRANSCEPTORFIXO SEM MARCA "
REFRIGERADOR REFRIGERADORPROSDOCIMO PROSDOCIMO R 13
REFRIGERADOR REFRIGERADORPROSDOCIMO PROSDOCIMO R 26
"ESTABILIZADOR/TRANSFORMADOR 110/220, MARCA INTTE ESTABILIZADOR__TRANSFORMADOR110__220 MARCAINTTE SEM MARCA "
"CARRO PLATAFORMA 3/01,ABA, ASSOALHO EM CHAPA TUBULAR CARROPLATAFORMA3__01 ABA ASSOALHOEMCHAPATUBULARMIAFE MIAFE MCI 390/2"
"COFRE INTEIRICO,REF. CP-09, MARCA PANDIM,MED.905X400X350MM. COFREINTEIRICO REF_CP-09 MARCAPANDIM MED_905X400X350MM_ SEM MARCA "
"GUARDA ROUPAS DE ACO,REF. GR. 204.C, MARCA ISMA,MED.1950X637 GUARDAROUPASDEACO REF_GR_204_C MARCAISMA MED_1950X637 SEM MARCA "
"GUARDA ROUPAS DE ACO REF GR-204-C, MARCA ISMA, COR CINZA GUARDAROUPASDEACOREFGR-204-C MARCAISMA CORCINZA SEM MARCA "
"MESA EM MADEIRA,REF. PR-03.MARCA MB,MED. 1.25X0.70X0.75CM. MESAEMMADEIRA REF_PR-03_MARCAMB MED_1_25X0_70X0_75CM_ SEM MARCA "
ESTANTE DE ACO  ESTANTEDEACO SEM MARCA 
JOGO DE SOFA DE 03 LUGARES 02 SOFA DE 01 LUGAR TB 7079 E 708 JOGODESOFADE03LUGARES02SOFADE01LUGARTB7079E708 SEM MARCA 
"SOFA DE 03 LUGARES E 2 DE 1 LUGAR, NR 7082 E 7083. SOFADE03LUGARESE2DE1LUGAR NR7082E7083_ SEM MARCA "
MINIBLOQUEADOR BIDIRECIONAL WAC 7801 MINIBLOQUEADORBIDIRECIONALWAC7801 SEM MARCA 
MINIBLOQUEADOR BIDIRECIONAL WQC 7801 MINIBLOQUEADORBIDIRECIONALWQC7801 SEM MARCA 
MESA P/MICROCOMPUTADOR EM MELAMINICO MOD.LJ074 COR OVO MESAP__MICROCOMPUTADOREMMELAMINICOMOD_LJ074COROVO SEM MARCA 
"MESA P/ IMPRESSORA EM MELAMINICO MOD. LJ071,C/OVO,MED.68X54C MESAP__IMPRESSORAEMMELAMINICOMOD_LJ071 C__OVO MED_68X54C SEM MARCA "
MESA P/ IMPRESSORA MELAMINICO MOD.LJ071 COR OVO MED.068X054 MESAP__IMPRESSORAMELAMINICOMOD_LJ071COROVOMED_068X054 SEM MARCA 
MULTIMETRO DIGITAL ICEL IK 2020 MULTIMETRODIGITALICELIK2020 SEM MARCA 
SOLDADOR 35 ENEG NR08 SOLDADOR35ENEGNR08 SEM MARCA 
"MOTO ESMERIL DE BANCADA, MARCA CEL MOTOESMERILDEBANCADA MARCACEL SEM MARCA "
"MOTO COMPRESSOR DE AR DIRETO 2,3 JET-MASTER, MARCA CHULZ MOTOCOMPRESSORDEARDIRETO2 3JET-MASTER MARCACHULZ SEM MARCA "
"FURADEIRA DE IMPACTO SUPER HOBBY, MARCA BOSCH. FURADEIRADEIMPACTOSUPERHOBBY MARCABOSCH_ SEM MARCA "
MESA DE CENTRO MATRIZAN PADRAO MOGNO MESADECENTROMATRIZANPADRAOMOGNO SEM MARCA 
BOTIJAO DE GAS DE 13 KG BOTIJAODEGASDE13KG SEM MARCA 
BOTIJAO DE GAS DE 13 KG. BOTIJAODEGASDE13KG_ SEM MARCA 
REFRIGERADOR REFRIGERADORPROSDOCIMOC_MARROM SEM MARCA 
VIDEO CASSETE JVC S/J401M VIDEOCASSETEJVCS__J401MJVC JVC 
FRIGOBAR GELADEIRA_FRIGOBAR_PROSDOCIMO PROSDOCIMO 130 L
FRIGOBAR GELPROSDOCIMOFRIGOBAR130L SEM MARCA 
FRIGOBAR GELADEIRAPRODOCIMOFRIGOBAR130LITROS SEM MARCA 
TELEVISAO A CORES TELEVISAOACORESTOSHIBA TOSHIBA 
TELEVISAO A CORES TELEVISAOACORES SEM MARCA 
APARELHO DE SOM APARELHODESOM SEM MARCA 
TV DAI ICHI 14 C/ CONTROLE TVDAIICHI14C__CONTROLE SEM MARCA 
"TELEVISAO A CORES TELEVISAOACORES PHILCO 14"""
VIDEO CASSETE PHILIPS VR 354 VIDEOCASSETEPHILIPSVR354 SEM MARCA 
VIDEO CASSETE DAEWOO DVR 286 T VIDEOCASSETEDAEWOODVR286T SEM MARCA 
TELEVISAO A CORES PANASONIC 14 TELEVISAOACORESPANASONIC14 SEM MARCA 
TELEVISAO A CORES 14 TELEVISAOACORES14PANASONIC PANASONIC 
TELEVISAO A CORES PANASONIC 14. TELEVISAOACORESPANASONIC14_ SEM MARCA 
MICROFONE SEM FIO NM-430 MICROFONESEMFIONM-430 SEM MARCA 
ESTABILIZADOR P/ FAC SIMILE C/ PROTETOR DE LINHA ESTABILIZADORP__FACSIMILEC__PROTETORDELINHAFAXCILITE FAXCILITE ESTABILIZADOR
ESTABILIZADOR P/ FAC-SIMILE C/ PROTETOR. ESTABILIZADORP__FAC-SIMILEC__PROTETOR_FAXCILITE FAXCILITE 
"ESTABILIZADOR P/ FAC-SIMILI C/ PROTETOR, MARCA FAXCILITE ESTABILIZADORP__FAC-SIMILIC__PROTETOR MARCAFAXCILITE SEM MARCA "
DETECTOR DE METAIS SECURITY WAND MOD.63.30.10 DETECTORDEMETAISSECURITYWANDMOD_63_30_10SECURITY SECURITY 
DETECTOR DE METAIS SECURITY WAND MOD. 63.30.10 DETECTORDEMETAISSECURITYWANDMOD_63_30_10 SEM MARCA 
DETECTOR DE METAIS SECURITY MOD. 63.30.10. DETECTORDEMETAISSECURITYMOD_63_30_10_ SEM MARCA 
ESTABILIZADOR DE VOLTAGEM MARCA SMS MOD AVR800B1 ESTABILIZADORDEVOLTAGEMMARCASMSMODAVR800B1SMS SMS 
ESTABILIZADORES DE VOLTAGEM 0.8 KVA DE POTENCIA ESTABILIZADORESDEVOLTAGEM0_8KVADEPOTENCIA SEM MARCA 
ESTABILIZADORES DE VOLTAGEM 0.1 KVA DE POTENCIA 1000W ESTABILIZADORESDEVOLTAGEM0_1KVADEPOTENCIA1000W SEM MARCA 
TAPETES BELGA MARCA ARTEZAN TAMANHO 230X230CM TAPETESBELGAMARCAARTEZANTAMANHO230X230CM SEM MARCA 
APARELHO DE SOM AIWA APARELHODESOMAIWA SEM MARCA 
TELEVISAO A CORES SANSUNG 20 TELEVISAOACORESSANSUNG20 SEM MARCA 
CADEIRA COMUM MARCA MARFINITE CADEIRACOMUMMARCAMARFINITE SEM MARCA 
QUADRO N. MARTA QUADRON_MARTA SEM MARCA 
RACK PARA TV PADRAO MOGNO RACKPARATVPADRAOMOGNO SEM MARCA 
FOGAO DAKO MILLE ME/TE COM 04 BOCAS FOGAODAKOMILLEME__TECOM04BOCAS SEM MARCA 
COFRE MARCA ATILA MOD. 12 PESSANDO 400HGS C/ 02 GAVETAS COFREMARCAATILAMOD_12PESSANDO400HGSC__02GAVETAS SEM MARCA 
LIVRO COMENTARIO A LEI DE LICITACOES CONTRATACOES DA ADM LIVROCOMENTARIOALEIDELICITACOESCONTRATACOESDAADM SEM MARCA 
DETECTOR DE METAIS EM FORMA DE PORTAL MARCA BRAPENTA MOD 200 DETECTORDEMETAISEMFORMADEPORTALMARCABRAPENTAMOD200 SEM MARCA 
TRIPE PARA CAMARA FOTOGRAFICA COM TRES ESTAGIO MARCA TROM TRIPEPARACAMARAFOTOGRAFICACOMTRESESTAGIOMARCATROMTROM TROM VPT-20
MESA P/ MICROCOMPUTADOR COM REBAIXAMENTO P/ TECLADO AO CENTR MESAP__MICROCOMPUTADORCOMREBAIXAMENTOP__TECLADOAOCENTR SEM MARCA 
VW - VOLKSWAGEN GOL GOL GAS BRANCA 2PORTAS JFO3922 RENAVAN-667116800VOLKSWAGEN VW - VOLKSWAGEN GOL
ESTABILIZADOR DE 01 KVA MARCA MICROLINE ESTABILIZADORDE01KVAMARCAMICROLINE SEM MARCA 
MESA PARA IMPRESSORA CONFECIONADA EM MADEIRA MARCA NBLAR MESAPARAIMPRESSORACONFECIONADAEMMADEIRAMARCANBLARNBLAR NBLAR 
MESA PARA COMPUTADOR CONFECIONADA EM MADEIRA MARCA NBLAR MESAPARACOMPUTADORCONFECIONADAEMMADEIRAMARCANBLARNBLAR NBLAR 
CESTO PARA PAPEL E CINZEIRO COR PRETA CESTOPARAPAPELECINZEIROCORPRETA SEM MARCA 
SUPORTE PARA GARRAFAO MARCA ESMALTEC SUPORTEPARAGARRAFAOMARCAESMALTEC SEM MARCA 
MAQUINA DE CALCULAR DE MESA COM IMPRESSORA MARCA OLIVETTI MAQUINADECALCULARDEMESACOMIMPRESSORAMARCAOLIVETTI SEM MARCA 
BALANCA PLAT SEMI AUTOMATICA CAP 150 KG /35 BALANCAPLATSEMIAUTOMATICACAP150KG__35 SEM MARCA 
BALANCA PRES TRIP ESC CAPACIDADE 1610GR  JB-007 BALANCAPRESTRIPESCCAPACIDADE1610GRJB-007 SEM MARCA 
"MESA CHEFIA C/ 3 GAVETAS 1,40X65X75CMEM CEREJEIRA MESACHEFIAC__3GAVETAS1 40X65X75CMEMCEREJEIRACICOPAL CICOPAL "
MESA CHEFIA C/ 03 GAVETAS MED. 140X65X75 CM CEREJ. MESACHEFIAC__03GAVETASMED_140X65X75CMCEREJ_CICOPAL CICOPAL 
MESA CHEFIA C/ 03 GAVETAS MED 140X65X75 CM EM CEREJEIRATI MESACHEFIAC__03GAVETASMED140X65X75CMEMCEREJEIRATI SEM MARCA 
MESA C/ 03 GAVETAS  MESAC__03GAVETAS SEM MARCA 
RADIO TOCA FITA GRAVADOR E TOCA DISCO MARCA AIWA MOD CX NV30 RADIOTOCAFITAGRAVADORETOCADISCOMARCAAIWAMODCXNV30 SEM MARCA 
APARELHO RECEPTOR DE TV SANSUNG APARELHORECEPTORDETVSANSUNG SEM MARCA 
APARELHO RECPETORES DE TV SUNKIONG MOD. T14RWC APARELHORECPETORESDETVSUNKIONGMOD_T14RWC SEM MARCA 
FORNO MICRO ONDAS MARCA GOLDSTAR MOD NH 1177M FORNOMICROONDASMARCAGOLDSTARMODNH1177M SEM MARCA 
MICROFONE SEM FIO MICROFONESEMFIOLESON LESON VHF 20/HT
BEBEDOURO TIPO GARRAFAO C/ 02 T0RNEIRAS BEBEDOUROTIPOGARRAFAOC__02T0RNEIRAS SEM MARCA 02 TORNERAS
MESA C/ 08 CANAIS 02 MASTER MARCA STANER MESAC__08CANAIS02MASTERMARCASTANER SEM MARCA 
AMPLIFICADOR C/ DOIS ESTAGIOS DE POTENCIA MOD. 200S STANER AMPLIFICADORC__DOISESTAGIOSDEPOTENCIAMOD_200SSTANER SEM MARCA 
TRANSFORMADOR DE 220P/ 110 V CAPACIDADE 3000W MARCA TRANCIL TRANSFORMADORDE220P__110VCAPACIDADE3000WMARCATRANCIL SEM MARCA 
CABIDEIRO EM MOGNO CABIDEIROEMMOGNO SEM MARCA 
"LIVRO AGRIANUAL 97, ANUARIO DA AGRICUTURA BRASILEIRA LIVROAGRIANUAL97 ANUARIODAAGRICUTURABRASILEIRA SEM MARCA "
FRAGMENTADORA DE PAPEL FRAGMENTADORADEPAPELHANSORDAHLE HANSOR DAHLE 20090
"ESTABILIZADOR DE VOLTAGEM DE 1KVA BMI, SERIE 06971398 ESTABILIZADORDEVOLTAGEMDE1KVABMI SERIE06971398 SEM MARCA "
ESTABILIZADOR DE VOLTAGEM DE 1KVA BMI. ESTABILIZADORDEVOLTAGEMDE1KVABMI_ SEM MARCA 
REFRIGERADOR REFRIGERADORPROSDOCIMOELETROLUX SEM MARCA 
"MESA PARA IMPRESSORA, CONFECCIONADA EM MADEIRA AGLOMERADA MESAPARAIMPRESSORA CONFECCIONADAEMMADEIRAAGLOMERADA SEM MARCA "
MESA PARA IMPRESSORA CONFECCIONADA EM MADEIRA AGLOMERADA MESAPARAIMPRESSORACONFECCIONADAEMMADEIRAAGLOMERADA SEM MARCA 
MESA PARA REUNIAO C/ TAMPO CONFECCIONADO EM MADEIRA AGLOMERA MESAPARAREUNIAOC__TAMPOCONFECCIONADOEMMADEIRAAGLOMERA SEM MARCA 
MESA PARA ESCRITORIO COM 3 GAVETAS MESAPARAESCRITORIOCOM3GAVETAS SEM MARCA 
MESA PARA ESCROTIRIO C/ 3 GAVETAS MESAPARAESCROTIRIOC__3GAVETAS SEM MARCA 
MESA PARA ESCRITORIO C/ 3 GAVETAS MESAPARAESCRITORIOC__3GAVETAS SEM MARCA 
POLTRONA FIXA COM BRACO REVESTIDA EM VINIL COR PRETA POLTRONAFIXACOMBRACOREVESTIDAEMVINILCORPRETA SEM MARCA 
CADEIRA PARA ESCRITORIO GIRATORIA SEM BRACO CADEIRAPARAESCRITORIOGIRATORIASEMBRACO SEM MARCA 
CADEIRA  GIRATORIA COM BRACO CADEIRAGIRATORIACOMBRACO SEM MARCA 
CADEIRA PARA ESCRITORIO GIRATORIOA SEM BRACO CADEIRAPARAESCRITORIOGIRATORIOASEMBRACO SEM MARCA 
CADEIRA PARA ESCRITORIO FIXA SEM BRACO CADEIRAPARAESCRITORIOFIXASEMBRACO SEM MARCA 
MESA P/ MICROCOMPUTADOR C/ TAMPO REBAIXADO MESAP__MICROCOMPUTADORC__TAMPOREBAIXADO SEM MARCA 
MESA PARA MICROCOMPUTADOR C/ TAMPPO REBAIXADO PARA TECLADO MESAPARAMICROCOMPUTADORC__TAMPPOREBAIXADOPARATECLADO SEM MARCA 
"GUARDA ROUPA DE ACO C/ 8 VAOS SOBREPOSTOS 1,98X1,32X0,44CM GUARDAROUPADEACOC__8VAOSSOBREPOSTOS1 98X1 32X0 44CMPANDIN PANDIN GRP 307"
GUARDA ROUPA DE ACO C/ 04 VAOS COR CINZA. GUARDAROUPADEACOC__04VAOSCORCINZA_PANDIN PANDIN GR 307
"SITUACAO JURIDICA DO ESTRANGEIRO NO BRASIL, 5 EDICAO 1997 SITUACAOJURIDICADOESTRANGEIRONOBRASIL 5EDICAO1997 SEM MARCA "
DETECTOR DE CARTA BOMBA DETECTORDECARTABOMBA SEM MARCA 
DETECTOR DE VAPOR   EXPLOSIVO DETECTORDEVAPOREXPLOSIVO SEM MARCA 
"QUADRO BRANCO 0,90X1,4 QUADROBRANCO0 90X1 4 SEM MARCA "
VIDEO CASSETE VIDEOCASSETESANSUNG SANSUNG K 60
TELEVISAO A CORES TELEVISAOACORESSANSUNG SANSUNG ED 5000799
TELEVISAO A CORES TELEVISAOACORESBROHSONIC BROHSONIC 
TELEVISAO A CORES TELEVISAOACORESPANASONIC PANASONIC GT 2000
RADIO COM TOCA FITA E GRAVADOR RADIOCOMTOCAFITAEGRAVADORAIWA AIWA NSX V715
FRAGMENTADORA DE PAPEIS FRAGMENTADORADEPAPEISDAHLE&ampHANSA DAHLE&HANSA 20090
RACK IBOX R 700 RACKIBOXR700 SEM MARCA 
REFRIGERADOR DOMESTICO REFRIGERADORDOMESTICOELECTROLUX ELECTROLUX 281 LTROS
TELEVISAO A CORES  29 TELEVISAOACORES29SONY SONY KV 29XTR10
"COFRE MEDINDO 0,80X0,40X0,35, PESO APROX. 200 KG. COFREMEDINDO0 80X0 40X0 35 PESOAPROX_200KG_SUATE SUATE SA 08.2"
ARQUIVO DE ACO C/ 04 GAVETAS ARQUIVODEACOC__04GAVETASPANDIN PANDIN 
ARMARIO SEMI ABERTO EM CEREJEIRA C/ 02 PORTAS ARMARIOSEMIABERTOEMCEREJEIRAC__02PORTASMARIABELO MARIA BELO B 15
ESTABILIZADOR DE VOLTAGEM DE 1 KVA ESTABILIZADORDEVOLTAGEMDE1KVAIBEKVA IBE KVA 1KVA
BEBEDOURO TIPO GARRAFAO BEBEDOUROTIPOGARRAFAOIBBL IBBL TIO GARRAFAO
PULVERISADOR PULVERISADORJACTO JACTO 20 LITROS
CENTRAL PRIVADA DE COMUNICACAO TELEF (CPCT) TIPO PABX CENTRALPRIVADADECOMUNICACAOTELEF_CPCT_TIPOPABXSIEMENS SIEMENS HICOM 300E
CAMERA DE CIRCUITO INTERNO DE TV. CAMERADECIRCUITOINTERNODETV_CCD CCD AS 209
"LIVRO TECNICO, DIREITOS HUMANOS, DECLARACOES DE DIREITOS E G LIVROTECNICO DIREITOSHUMANOS DECLARACOESDEDIREITOSEGXXXXXXX XXXXXXX XXX"
FRIGOBAR FRIGOBARPROSDOCIMO PROSDOCIMO 130 LITROS
"CADEIRA P/ BALCAO REGULAGEM NA ALTURA, COR CINZA CADEIRAP__BALCAOREGULAGEMNAALTURA CORCINZADANNA DANNA 1290"
SUBMETRALHADORA HK MP5 9MM SUBMETRALHADORAC__CORONHARETRATILMP5A5HK HK MP5 A5
MESA P/ IMPRESSORA C/ ESTRUTURA EM ACO MESAP__IMPRESSORAC__ESTRUTURAEMACOXXXXXX XXXXXX XX
"PRENSA TIPO SELO SECO, EM ALUMINIO PRENSATIPOSELOSECO EMALUMINIOXXXXXXX XXXXXXX XXXX"
MESA P/ COMPUTADOR MESAP__COMPUTADOR SEM MARCA 
GUARDA ROUPA EM ACO C/ 6 VAOS GUARDAROUPAEMACOC__6VAOSSPAC SPAC GRP 6/SPAC
GUARDA ROUPA EM ACO C/ 8 VAOS GUARDAROUPAEMACOC__8VAOSSPAC SPAC GRP 8/SPAC
ARMARIO ALTO FECHADO C/ 02 PORTAS E PUXADORES E CHAVES MOGNO ARMARIOALTOFECHADOC__02PORTASEPUXADORESECHAVESMOGNO SEM MARCA 
REFRIGERADOR REFRIGERADORFLAT130LITROSELETROLUX ELETROLUX 130 LITROS
CABIDEIRO EM MOGNO CABIDEIROEMMOGNOXXXXXX XXXXXX XXXXXXX
GUILHOTINA P/ CORTAR PAPEL TAMANHO 35X45CM. GUILHOTINAP__CORTARPAPELTAMANHO35X45CM_ SEM MARCA 
MESA CRITEX PARA MICRO COR BEGE MESACRITEXPARAMICROCORBEGE SEM MARCA 
MESA CRITEX PARA IMPRESSORA COR BEGE MESACRITEXPARAIMPRESSORACORBEGE SEM MARCA 
ARMARIO DE ACO PORTA ABRIR C/ FECHADURA ARMARIODEACOPORTAABRIRC__FECHADURA SEM MARCA 
SINALIZADOR VISUAL ROTATIVO TIPO KOJAK SINALIZADORVISUALROTATIVOTIPOKOJAKCODE3SAFETYEQUIPQMENTINC CODE 3SAFETY EQUIPQMENTINC RE660K/RT 5 FLH
SINALIZADOR VISUAL ROTATIVO TIPO KOJAK SINALIZADORVISUALROTATIVOTIPOKOJAKCODE3SAFETYEQUIPQMENTINC CODE 3 SAFETY EQUIPQMENTINC RE660K/RT 5 FLH
APARELHO DE AR CONDICIONADOR COM CAPACIDADE DE 12000 BTUS APARELHODEARCONDICIONADORCOMCAPACIDADEDE12000BTUSTEMSTAR TEMSTAR 
APARELHO DE AR CONDICIONADOR COM CAPACIDADE DE 24000 BTUS APARELHODEARCONDICIONADORCOMCAPACIDADEDE24000BTUSTEMPSTAR TEMPSTAR 
IMPRESSORA JATO DE TINTA COLOR IMPRESSORAJATODETINTACOLORHP HP 692C
ARQUIVO DE ACO COM 04 GAVETAS PARA PASTA SUSPENSA ARQUIVODEACOCOM04GAVETASPARAPASTASUSPENSA SEM MARCA 
TELEFONE DE FAX TELEFONEDEFAXPANASONIC PANASONIC KX-F89LA
TOCA FITAS COM CD TOCAFITASCOMCDAIWA AIWA CSD-SR525LH
TOCA FITAS MICROCASSETE TOCAFITASMICROCASSETEPANASONIC PANASONIC RN-302
TOCA FITAS MICROCASSETE TOCAFITASMICROCASSETEPANASONIC PANASONIC RN-202
TOCA FITAS WALKMAM DIGITAL TOCAFITASWALKMAMDIGITALAIWA AIWA HS-TX656
FAC-SIMILE FAC-SIMILEPANASONIC PANASONIC 
CONJUNTO MESA MOZANT C/ 06 CADEIRAS TAMPO EM GRANITO CONJUNTOMESAMOZANTC__06CADEIRASTAMPOEMGRANITOMADECENTE MADECENTE MC 612
TRANSCEPTOR PORTATIL TRANSCEPTORPORTATILMOTOROLA MOTOROLA SABER II
CARREGADOR DE BATERIA CARREGADORDEBATERIAMOTOROLA MOTOROLA NTN-4734A
TRANSCEPTOR PORTATIL EM VHF 16 CANAIS C/ ACESSORIOS TRANSCEPTORPORTATILEMVHF16CANAISC__ACESSORIOSMOTOROLA MOTOROLA GP350
MICROFONE DE OUVIDO C/ INTERFACE VOX INCLUSA MICROFONEDEOUVIDOC__INTERFACEVOXINCLUSAMOTOROLA MOTOROLA BDN6706
FONE DE OUVIDO C/ MICROFONE E PTT FONEDEOUVIDOC__MICROFONEEPTTMOTOROLA MOTOROLA HMN9754
ARQUIVO 04 GAVETAS CHAPA 24 ARQUIVO04GAVETASCHAPA24IDEAL IDEAL 
ARMARIO DUAS PORTAS C/ PUXADOR E CHAVE CHAPA 24 ARMARIODUASPORTASC__PUXADORECHAVECHAPA24IDEAL IDEAL 
FIAT TEMPRA TEMPRA GAS 4PORTAS MOD_SX JFO6692 RENAVAN-669240451FIAT FIAT TEMPRA
MESA PARA COMPUTADOR COM TECLADO REBAIXADO NA COR BEGE MESAPARACOMPUTADORCOMTECLADOREBAIXADONACORBEGEMARTINUCCI MARTINUCCI 
MESA PARA CHEFIA C/03 GAVETAS  MESAPARACHEFIAC__03GAVETAS SEM MARCA 
MESA PARA CHEFIA C/03 GAVETAS MESAPARACHEFIAC__03GAVETAS SEM MARCA 
ESPALDAR ALTO REVESTIDA EM VINIL ESPALDARALTOREVESTIDAEMVINILGGM GGM 
POLTRONA GIRATORIA COM BRACO POLTRONAGIRATORIACOMBRACO SEM MARCA 
MESA DE MADEIRA C/ 01 GAVETEIRO DE 03 GAVETAS MESADEMADEIRAC__01GAVETEIRODE03GAVETASGGM GGM 
MESA PARA TELEFONE EM MADEIRA REVESTIDA EM LAMINADO C/ 04 PE MESAPARATELEFONEEMMADEIRAREVESTIDAEMLAMINADOC__04PEGGM GGM 
INTERLOCULTOR ESPALDAR MEDIIO ESTOFADO INTERLOCULTORESPALDARMEDIIOESTOFADOGGM GGM 
CAIDEIRA DE ESCRITORIO CAIDEIRADEESCRITORIO SEM MARCA 
SOFA 01 LUGARES ESTRUTURA EM MADEIRA MACICA C/ ALMOFADAS SOFA01LUGARESESTRUTURAEMMADEIRAMACICAC__ALMOFADAS SEM MARCA 
SOFA 02 LUGARES ESTRUTURA EM MADEIRA MACICA C/ ALMOFADAS SOFA02LUGARESESTRUTURAEMMADEIRAMACICAC__ALMOFADAS SEM MARCA 
CABIDEIRO EM MADEIRA CEREJEIRA CABIDEIROEMMADEIRACEREJEIRAGGM GGM 
TELEVISOR 20 POLEGADAS COLORIDA C/ CONTROLE REMOTO TELEVISOR20POLEGADASCOLORIDAC__CONTROLEREMOTOPHILIPS PHILIPS 
TELEVISAO 20 POLEGADAS COLORIDA 220 VOLTS COM CONTROLE REMOT TELEVISAO20POLEGADASCOLORIDA220VOLTSCOMCONTROLEREMOTPHILIPS PHILIPS 
REFRIGERADOR REFRIGERADORDOMESTICOC__CAPACIDADE229LITROS220VOLTSCONSUL CONSUL 
REFRIGERADOR DOMESTICO COM CAPACIDADE 229 LITROS 220 VOLTS REFRIGERADORDOMESTICOCOMCAPACIDADE229LITROS220VOLTSCONSUL CONSUL 
ARQUIVO DE ACO P/ PASTA SUSPENSA C/ 04 GAVETAS ARQUIVODEACOP__PASTASUSPENSAC__04GAVETASMOVAP MOVAP 
CADEIRA DE DESENHISTA GIRATORIA C/ RODIZIO CADEIRADEDESENHISTAGIRATORIAC__RODIZIOBRASFLEX BRASFLEX 
ESCRIVANINHA P/ COMP. TAMPO E ESTRUTURA COM PES PAINEL ESCRIVANINHAP__COMP_TAMPOEESTRUTURACOMPESPAINELFORMATUS FORMATUS 
ESCRIVANINHA P/ COMP. C/TRES GAVETAS ESCRIVANINHAP__COMP_C__TRESGAVETAS SEM MARCA 
"TAPETE FELPUDO NA ESPESSURA 10MM MEDINDO 1,91X2,99 TAPETEFELPUDONAESPESSURA10MMMEDINDO1 91X2 99 SEM MARCA "
MESA DE MAQUINA P/ DATILOGRAFO  MESADEMAQUINAP__DATILOGRAFO SEM MARCA 
"MESA DE MAQUINA P/ DATILOGRAFO MED. 0,80X0,50X0,68CM MESADEMAQUINAP__DATILOGRAFOMED_0 80X0 50X0 68CM SEM MARCA "
ARMARIO C/ PORTAS DE VIDRO EM MADEIRA E REVESTIDA LAMINADO ARMARIOC__PORTASDEVIDROEMMADEIRAEREVESTIDALAMINADO SEM MARCA 
AMARIO EM MADEIRA SEMI ABERTO E REVESTIDO EM CEREJEIRA AMARIOEMMADEIRASEMIABERTOEREVESTIDOEMCEREJEIRA SEM MARCA 
"COMPONENTE REVESTIDO EM CEREJEIRA PORTA DE CORRER, FECHADO COMPONENTEREVESTIDOEMCEREJEIRAPORTADECORRER FECHADOMOVEISBELO MOVEIS BELO "
GAVETEIRO EM MADEIRA E REVESTIDO EM LAMINADO C/04 PES GAVETEIROEMMADEIRAEREVESTIDOEMLAMINADOC__04PESMOVEISBELO MOVEIS BELO 
GAVETEIRO DE MADEIRA LAMINADO C/GAVETAS GAVETEIRODEMADEIRALAMINADOC__GAVETAS SEM MARCA 
CESTO DE PAPEL EM MADEIRA COMPENSADO C/ 6MM DE ESPESSURA CESTODEPAPELEMMADEIRACOMPENSADOC__6MMDEESPESSURA SEM MARCA 
COLORIDO 14 POLEGADA ACOPLADO C/ VIDEO CASSETE C/ CONTROLE COLORIDO14POLEGADAACOPLADOC__VIDEOCASSETEC__CONTROLEPHILIPS PHILIPS CANGURU
COLORIDO 14 POLEGADAS ACOPLADO C/ VIDEO CASSETE C/ CONTROLE COLORIDO14POLEGADASACOPLADOC__VIDEOCASSETEC__CONTROLEPHILIPS PHILIPS CANGURU
MESA P/ IMPRESSORA C/ CESTO E SUPORTE NO RODAPE NA COR BEGE MESAP__IMPRESSORAC__CESTOESUPORTENORODAPENACORBEGE SEM MARCA MT-60
COM 02 PORTAS DE ABRIR C/ 04 PRATELEIRAS NA COR BEGE CHAPA 2 COM02PORTASDEABRIRC__04PRATELEIRASNACORBEGECHAPA2 SEM MARCA AC-200/26
CESTO P/ PAPEIS EM FORMICA TIPO CINZEIRO C/ SIGLA SR/DPF/DF CESTOP__PAPEISEMFORMICATIPOCINZEIROC__SIGLASR__DPF__DFPOLICESTO POLICESTO 
APARELHO DE SOM C/ CD C/ CONTROLE REMOTO APARELHODESOMC__CDC__CONTROLEREMOTOAIWA AIWA CSD-ED68
SOFA AMARELO 03 LUGARES SOFAAMARELO03LUGARES SEM MARCA 
CAFETEIRA DOMESTICA PARA 22 CAFE CAFETEIRADOMESTICAPARA22CAFESINGER SINGER SUPREMO
CADEIRA GIRATORIA PARA DATILOGRAFO SEM BRACO CADEIRAGIRATORIAPARADATILOGRAFOSEMBRACOQUALITY QUALITY 
BEBEDOURO DE AGUA REFRIGERADO FIXO TIPO GARRAFAO 20 LITROS BEBEDOURODEAGUAREFRIGERADOFIXOTIPOGARRAFAO20LITROS SEM MARCA 
ESTABILIZADOR DE 1.0 KVA C/ 04 TOMADAS DE SAIDA ESTABILIZADORDE1_0KVAC__04TOMADASDESAIDAREVOLUTION REVOLUTION 
ESTANTE TIPO RACK PARA INSTALACAO PAINEL EQUIPAMENTOS ESTANTETIPORACKPARAINSTALACAOPAINELEQUIPAMENTOSMINOLTA MINOLTA 
ARQUIVO DE ACO C/ 02 PORTAS CHAPA 24 C/ 4 PRATELEIRAS ARQUIVODEACOC__02PORTASCHAPA24C__4PRATELEIRASIDEAL IDEAL 
ARQUIVO DE ACO C/ 2 PORTAS CHAPA 24 C/ 4 PRATELEIRAS ARQUIVODEACOC__2PORTASCHAPA24C__4PRATELEIRASIDEAL IDEAL 
"MAQUINA DE FAZER CHAVE, COM POTENCIA DE 1/4 HP MAQUINADEFAZERCHAVE COMPOTENCIADE1__4HP SEM MARCA "
"CARTEIRA ESCOLAR UNIVERSITARIA C/ PRANCHETA, ASSENTO E ENCOS CARTEIRAESCOLARUNIVERSITARIAC__PRANCHETA ASSENTOEENCOSMOVEISBELO MOVEIS BELO "
POLTRNO SOBRE LONGARINA C/ 3 LUG. ESTOF. C/ BRACOS POLTRNOSOBRELONGARINAC__3LUG_ESTOF_C__BRACOSMOVEISBELO MOVEIS BELO 
NOVO DICIONARIO AURELIO DA LINGUA PORTUGUESA NOVODICIONARIOAURELIODALINGUAPORTUGUESAAURELIOBUARQUEDEHOLANDA AURELIO BUARQUE DE HOLANDA 
"RACK DE 40 U´S PADRAO 19"" RACKDE40USPADRAO19_ SEM MARCA "
APARELHO DE FAC - SIMILE APARELHODEFAC-SIMILESHARP SHARP UX - 108
VIDEO CASSETE VIDEOCASSETEBROKSONIC BROKSONIC VHSA 6741C45
TELEVISAO A CORES TELEVISAOACORESBROKSONIC BROKSONIC 14 POLEGADAS
FRIGOBAR FRIGOBARCOMCAPACIDADEPARA120LITROSCORBRANCA220VCONSUL CONSUL CRT-12B
ESTABILIZADOR COM PROTETOR DE LINHA FAX C POT. 1 KVA DE TENS ESTABILIZADORCOMPROTETORDELINHAFAXCPOT_1KVADETENSREVOLUTION REVOLUTION 
"TAPETE FELPUDO EXCELLON 10MM DE ESPESSURA, COR BEGE TAPETEFELPUDOEXCELLON10MMDEESPESSURA CORBEGE SEM MARCA "
"TAPETE FELPUDO ORIENTAL, COR GRENA 188 MED. 2,00X3,00M TAPETEFELPUDOORIENTAL CORGRENA188MED_2 00X3 00M SEM MARCA "
ARMARIO GUARDA ROUPA C/ 8 VAOS SOBREPOSTOS CHAPA 22 ARMARIOGUARDAROUPAC__8VAOSSOBREPOSTOSCHAPA22 SEM MARCA 
ARMARIO GUARDA ROUPA C/ 4 VAOS SOBREPOSTOS CHAPA 22 ARMARIOGUARDAROUPAC__4VAOSSOBREPOSTOSCHAPA22 SEM MARCA 
MICROSCOPIO ESTERIOSCOPIO MICROSCOPIOESTERIOSCOPIONIKON NIKON 
FIAT ELBA ELBA GAS 95__96 BRANCO JFO-8035 RENAVAN-641416288FIAT FIAT ELBA
TRANSCEPTOR PORTATIL EM VHF/FM 5WATTS C/ ACESSORIOS TRANSCEPTORPORTATILEMVHF__FM5WATTSC__ACESSORIOSMOTOROLA MOTOROLA VISAR
ESTACAO BASE EM VHF/FM 25 WATTS C/ ACESSORIOS ESTACAOBASEEMVHF__FM25WATTSC__ACESSORIOSMOTOROLA MOTOROLA DESK-TRACK
"BALANCA, MARCA KRATOS-CAS, MODELO AP-1 BALANCA MARCAKRATOS-CAS MODELOAP-1KRATOS KRATOS AP-1"
"CAIXA DE SOM PROFISSIONAL DE 12"" C/ TWEETES 300 WATTS. CAIXADESOMPROFISSIONALDE12_C__TWEETES300WATTS_WEST WEST "
CARRINHO DE CARGAS PARA ARMAZEM. CARRINHODECARGASPARAARMAZEM_ SEM MARCA 
UMIDIFICADOR ULTRASSONIC CAP. 4 LITROS UMIDIFICADORULTRASSONICCAP_4LITROSSONICLEAR SONICLEAR WALTERCLEAR
MICROFONE SEM FIO COM 02 MICROFONES SR 628 EM 508 ECEM. MICROFONESEMFIOCOM02MICROFONESSR628EM508ECEM_ SEM MARCA 
"TAPETE ESTAMPADO MEDINDO 2,00X3,00 TAPETEESTAMPADOMEDINDO2 00X3 00TABACOW TABACOW "
REFLEX 35MM FOCO AUT.EXP.AUT.AJU. AUT. DA SEN. DO FILME REFLEX35MMFOCOAUT_EXP_AUT_AJU_AUT_DASEN_DOFILMECANON CANON EOS-3000
FRAGMENTADORA P19-11 FOLHAS FRAGMENTADORAP19-11FOLHASHANZA HANZA 
FREEZER HORIZONTAL 162 LITROS FREEZERHORIZONTAL162LITROSELETROLUX ELETROLUX 
FRIGOBAR FRIGOBAR120LITROSBRANCOCONSUL CONSUL 
AR CONDICIONADO CAP. 12.300 BTUS/H ARCONDICIONADOCAP_12_300BTUS__HSPRINGER SPRINGER BCC125D INNOVARE
MALETA COMUM MALETACOMUMCHENSON CHENSON EXECUTIVA
COM 04 BOCAS ACEN. AUT. TOTAL FORNO AUT. LIMPANTE COM04BOCASACEN_AUT_TOTALFORNOAUT_LIMPANTE SEM MARCA PARIS
CARRINHO DE CARGA CARRINHODECARGA SEM MARCA 
RADIO GRAVADOR AM/FM PORTATIL C/ 2 FAIXAS CD BIVOLT POT. 140 RADIOGRAVADORAM__FMPORTATILC__2FAIXASCDBIVOLTPOT_140AIWA AIWA CSD 510
"VIDEO PORTEIRO PIB, COM 01 CAMERA E 01 MONITOR VIDEOPORTEIROPIB COM01CAMERAE01MONITOR SEM MARCA "
REFRIGERADOR GELADEIRACOMCAPACIDADEPARA130LITROSELETROLUX ELETROLUX R-130
REGULADOR DE TENSAO P/ FAX-SIMILE 220/110V REGULADORDETENSAOP__FAX-SIMILE220__110V SEM MARCA 
POLTRONA FIXA C/ BRACO E COURVIM PRETO POLTRONAFIXAC__BRACOECOURVIMPRETO SEM MARCA 
APARELHO C/ IDENTIFICADOR DE CHAMADA ACOPLADO APARELHOC__IDENTIFICADORDECHAMADAACOPLADOINTELBRAS INTELBRAS 
BEBEDOURO ELETRICO C/ 2 TORNEIRAS P/ GARRAFAO DE 20L. BEBEDOUROELETRICOC__2TORNEIRASP__GARRAFAODE20L_AQUAMASTER AQUAMASTER AMGW3600
FERROSO E NAO FERROSO USO MANUAL CIRCUITO TRANS/RECEP. FERROSOENAOFERROSOUSOMANUALCIRCUITOTRANS__RECEP_ SEM MARCA 
ESTANTE DE ACO C 05 PRATELEIRAS REGULAVEIS ESTANTEDEACOC05PRATELEIRASREGULAVEIS SEM MARCA 
FURADEIRA DE IMPACTO IND. ELETRICA 1/2 POLEGADA FURADEIRADEIMPACTOIND_ELETRICA1__2POLEGADA SEM MARCA 
ARQUIVO DE ACO C 4 GAV. C CHAVES CARRO TELESCOPICO ARQUIVODEACOC4GAV_CCHAVESCARROTELESCOPICO SEM MARCA 
ESTANTE EXEC. LAMINADO EM CEREJEIRA SEMI ABERTA C 2 PORTAS ESTANTEEXEC_LAMINADOEMCEREJEIRASEMIABERTAC2PORTASMOVEISBELO MOVEIS BELO 
ARMARIO DE ACO 2 PORTAS C CHAVES E PUX. CHAPA 20 ARMARIODEACO2PORTASCCHAVESEPUX_CHAPA20 SEM MARCA 
ARMARIO DE ACO C 2 PORTAS C CHAVES E PUX. CHAPA 22 CINZA ARMARIODEACOC2PORTASCCHAVESEPUX_CHAPA22CINZA SEM MARCA 
ARMARIO DE ACO 2 PORTAS C CHAVES E PUX. CHAPA 22 ARMARIODEACO2PORTASCCHAVESEPUX_CHAPA22 SEM MARCA 
ROUPEIRO DE ACO C 6 VAOS C PORTA CADEADO ROUPEIRODEACOC6VAOSCPORTACADEADO SEM MARCA 
ESTANTE DE ACO C 6 PRATELEIRAS REG. CHAPA 20 COLUNA 14 CINZA ESTANTEDEACOC6PRATELEIRASREG_CHAPA20COLUNA14CINZA SEM MARCA 
CLAVICULARIO EM COMP. REVET. EM MOGNO CAP. 150 CHAVES. CLAVICULARIOEMCOMP_REVET_EMMOGNOCAP_150CHAVES_ SEM MARCA 
CLAVICULARIO EM COMP. REV. EM MOGNO CAP. 100 CHAVES CLAVICULARIOEMCOMP_REV_EMMOGNOCAP_100CHAVES SEM MARCA 
DEPURADOR DE AR DEPURADORDEARCONTINETAL CONTINETAL DEPURADOR
FIAT PALIO PALIO GAS 2000 CINZAVINCI JFP3653 RENAVAN-748979646FIAT FIAT PALIO
MAQUINA FOTOGRAFICA COM OBJETIVAS. MAQUINAFOTOGRAFICACOMOBJETIVAS_NIKON NIKON REFLEX 35MM
CONCENTRADOR DE COMUNICACAO 24 PORTAS 10/100 CONCENTRADORDECOMUNICACAO24PORTAS10__100LUCENT LUCENT CAJUN P333R
CONCENTRADOR DE COMUNICACAO 24 PORTAS 10/100 CONCENTRADORDECOMUNICACAO24PORTAS10__100LUCENT LUCENT CAJUN P333T
GM - CHEVROLET BLAZER BLAZER DIESEL 00 AZULDARC_4X4 JFP3793 RENAVAN749749881CHEVROLET GM - CHEVROLET BLAZER
GM - CHEVROLET S10 S-10 DIESEL 00 PRATAESCU 2_8 JFP3783 RENAVAN-749750391CHEVROLET GM - CHEVROLET S-10
GM - CHEVROLET BLAZER BLAZER GAS 00 PRETOLISZT JFP4513 RENAVAN-750998091CHEVROLET GM - CHEVROLET BLAZER
RENAULT MEGANE MEGANE GAS 00 BRANCONORD 2_0L JFP4593 RENAVAN-751019887RENAULT RENAULT MEGANE
RENAULT MEGANE MEGANE GAS 00 PRETO METHYL 2_0L JFP4603 RENAVAN-751020397RENAULT RENAULT MEGANE
RENAULT MEGANE MEGANE GAS 00 CINZAFJOR 2_0L JFP4563 RENAVAN-751017132RENAULT RENAULT MEGANE
RENAULT LAGUNA LAGUNA GAS 00 CINZAHOLOG 2_0 JFP5173 RENAVAN-751727237RENAULT RENAULT LAGUNA
RENAULT LAGUNA LAGUNA GAS 00 AZULCREPUS 2_0 JFP5163 RENAVAN-751726630RENAULT RENAULT LAGUNA
RENAULT LAGUNA LAGUNA GAS 00 AZULCREPUS 2_0 JFP5153 RENAVAN-751725951RENAULT RENAULT LAGUNA
RENAULT LAGUNA LAGUNA GAS 00 CINZAHOLOG 2_0 JFP5123 RENAVAN-751720275RENAULT RENAULT LAGUNA
RENAULT LAGUNA LAGUNA GAS 00 AZULCREPUS 2_0 JFP5183 RENAVAN-751725064RENAULT RENAULT LAGUNA
"MICROCOMP. SERVIDOR DE REDE,MICROPROCESSADO MICROCOMP_SERVIDORDEREDE MICROPROCESSADOACER ACER ALTOS 22000"
GM - CHEVROLET BLAZER BLAZER GAS 00 PRETO 4PORTAS JFP7673 RENAVAN-754055337CHEVROLET GM - CHEVROLET BLAZER
REFIGERADOR COM CAPACIDADE PARA 280L NA COR BRANCA REFIGERADORCOMCAPACIDADEPARA280LNACORBRANCAELECTROLUX ELECTROLUX 280L
"CAMA DE SOLTEIRO TUBULAR, MEDINDO 90X1,90M NA COR BRANCA CAMADESOLTEIROTUBULAR MEDINDO90X1 90MNACORBRANCAARPPAMPA ARP PAMPA TUBULAR"
"NO-BREAK´S INTELIGENTES E MICROP., MOD. SAI 33/32 DE 32, OKV NO-BREAKSINTELIGENTESEMICROP_ MOD_SAI33__32DE32 OKVLACERDA LACERDA NO-BREAK"
"APARELHO DE AR COND., 12.000BTU´S, TIPO SPLIT, CONT. REMOTO APARELHODEARCOND_ 12_000BTUS TIPOSPLIT CONT_REMOTOGREE GREE SPLIT"
"ARMARIO DE PAREDE, EM CHAPA DE COMPENSADO E LAMINADO DE FORM ARMARIODEPAREDE EMCHAPADECOMPENSADOELAMINADODEFORMS&ampA S&A ARMARIO"
"ARMARIO 02 PORTAS EM AGLOMERADO CEREJEIRA, MED. 90X40X156 ARMARIO02PORTASEMAGLOMERADOCEREJEIRA MED_90X40X156MODILAC MODILAC MFC-32"
"ARMARIO ALTO FECHADO DE 02 PORTAS, MED. 90X40X156 ARMARIOALTOFECHADODE02PORTAS MED_90X40X156 S/M "
CAIXA DE PROTECAO PARA CAMERA CAIXADEPROTECAOPARACAMERA SEM MARCA SUPORTE DE FERRO
SENSORES INFRA VERMELHO PASSIVOS SENSORESINFRAVERMELHOPASSIVOS SEM MARCA 
"BANCO FRANCES, PE DE FERRO PRETO COM MADEIRA INVERNIZADA BANCOFRANCES PEDEFERROPRETOCOMMADEIRAINVERNIZADAXXXXXX XXXXXX BANCO"
"QUADRO DE AVISO COM FELTRO AZUL, MOLDURA DE ALUMINIO QUADRODEAVISOCOMFELTROAZUL MOLDURADEALUMINIOVIDROLAR VIDROLAR MED. 1,50X0,90"
"AR CONDICIONADO, 18.000BTU`S, MONOFASICO, 220 VOLTS. ARCONDICIONADO 18_000BTU`S MONOFASICO 220VOLTS_ SEM MARCA SPLIT"
COMPRESSOR ROTATIVO DE 12.000BTU`S PARA SPLIT TECUNSER COMPRESSORROTATIVODE12_000BTU`SPARASPLITTECUNSER SEM MARCA SPLIT
"APARELHO DE SOM CONJUGADO, COM RADIO, TOCA FITA E TOCA CD APARELHODESOMCONJUGADO COMRADIO TOCAFITAETOCACDAIWA AIWA CSD519"
LAMPIAO C/ BOTIJAO A GAS COMPLETO LAMPIAOC__BOTIJAOAGASCOMPLETONEVES NEVES STILUS
"ROUPEIRO CONF. EM ACO CHAPA 20, C/ 08 VAOS E PORTAS C/ FECHA ROUPEIROCONF_EMACOCHAPA20 C__08VAOSEPORTASC__FECHAARTMOVEIS ARTMOVEIS TIPO YALE"
"ROUPEIRO CONF. EM ACO CHAPA 20, C/ 08 VAOS E PORTAS COM FECH ROUPEIROCONF_EMACOCHAPA20 C__08VAOSEPORTASCOMFECHARTMOVEIS ARTMOVEIS TIPO YALE"
"CODIGO PENAL E SUA INTERPRETACAO JURISPRUDENCIAL, 02 VOLUMES CODIGOPENALESUAINTERPRETACAOJURISPRUDENCIAL 02VOLUMESEDITORART EDITORA RT P/ ALBERTO S. FRANCO E OUTROS"
BANCO MADEIRA MACICA BANCOMADEIRAMACICA SEM MARCA TIPO MOGNO ASIATICO
SISTEMA DE RADIONAVEGACAO MODELO GPSIII PLUS SISTEMADERADIONAVEGACAOMODELOGPSIIIPLUSGARMININTERNATIONAL GARMIN INTERNATIONAL GPS
RENAULT LAGUNA LAGUNA GAS 01 AZUL RXE2_016V JFP6533 RENAVAN756773512RENAULT RENAULT LAGUNA
TITULO - O DINEHIRO DO BRASILEIRO TITULO-ODINEHIRODOBRASILEIROEDITORADOSENADO EDITORA DO SENADO 
REFRIGERADOR REFRIGERADORDUPLEX 446LT_ BRANCA_CONSUL CONSUL CRD45A
"FOGAO A GAS DOMESTICO, 06 BOCAS, AUTOMATICO FOGAOAGASDOMESTICO 06BOCAS AUTOMATICOCONSUL CONSUL CFJ76C"
"SWITCHING PADRAO FAST ETHERMET COM 24 PORTAS, 10/100MPB SWITCHINGPADRAOFASTETHERMETCOM24PORTAS 10__100MPBLUCENT LUCENT P-333T"
"ARMARIO DE MADEIRA FECHADO DE 2,52M X 2,97M X 0,50M ARMARIODEMADEIRAFECHADODE2 52MX2 97MX0 50M SEM MARCA ARMARIO FECHADO"
"ARMARIO DE MADEIRA FECHADO DE 2,52M X 1,00M X 0,50M ARMARIODEMADEIRAFECHADODE2 52MX1 00MX0 50M SEM MARCA ARMARIO FECHADO"
"ARMARIO DE MADEIRA ABERTO DE 2,52M X 1,70M X 0,50M ARMARIODEMADEIRAABERTODE2 52MX1 70MX0 50M SEM MARCA ARMARIO ABERTO"
CADEIRA GIRATORIA COM REVESTIMENTO EM COURVIM CADEIRAGIRATORIACOMREVESTIMENTOEMCOURVIMMARTINUCCI MARTINUCCI 
"TELEVISOR DE 20´´, CORES PERSONALIZADAS, CONT. REMOTO TELEVISORDE20 CORESPERSONALIZADAS CONT_REMOTOPANASONIC PANASONIC 20TC"
TELEVISOR 29 POLEGADAS TELEVISOR29POLEGADASSEMPTOSHIBA SEMP TOSHIBA 
"TOLDO DE 36M2, CONFECCIONADO EM TECIDO SINTETICO NA COR CINZ TOLDODE36M2 CONFECCIONADOEMTECIDOSINTETICONACORCINZBSTTOLDOS BST TOLDOS TIPO TENDA PIRAMIDAL"
CAMERA PRETO E BRANCO COM LENTE DE 8MM CAMERAPRETOEBRANCOCOMLENTEDE8MMCCD CCD 
"MINI CAMERA COLORIDA, COM LENTE DE 4MM DENTRO DE UM SPOT MINICAMERACOLORIDA COMLENTEDE4MMDENTRODEUMSPOTCCD CCD "
MONITOR DE 14 POLEGADAS MONITORDE14POLEGADAS SEM MARCA 
MONITOR DE 20 POLEGADAS MONITORDE20POLEGADAS SEM MARCA 
FRIGOBAR REFRIGERADORDEALIMENTOSTIPOFRIGOBARCONSUL CONSUL CRT12
MINI CAMERA COLORIDA COM LENTE 4MM MINICAMERACOLORIDACOMLENTE4MMCCD CCD 
MONITOR COLORIDO PARA SEGURANºA INTERNA MONITORCOLORIDOPARASEGURANAINTERNAGRADIENTE GRADIENTE 14 POLEGADAS
"LENTE DE PROJECAO E ADAPTADOR PARA CAMERA FOTOGRAFICA N-60 LENTEDEPROJECAOEADAPTADORPARACAMERAFOTOGRAFICAN-60NIKON NIKON CF PLI 2,5X"
"CAMERA DE VIDEO, ALTA RESOLUCAO, CABOS E CONECTORES CAMERADEVIDEO ALTARESOLUCAO CABOSECONECTORES SEM MARCA "
"QUADRO BRANCO, MED. 0,90X1,20M, SUPORTE P/ APAGADOR E CANETA QUADROBRANCO MED_0 90X1 20M SUPORTEP__APAGADORECANETAPOLIFLEX POLIFLEX "
"ARMARIO EM ACO, 02 PORTAS COM CHAVE NA COR CINZA ARMARIOEMACO 02PORTASCOMCHAVENACORCINZA SEM MARCA "
"TELEVISOR DE 29 POLEGADAS, CONTROLE REMOTO, SAIDA AUDIO VIDE TELEVISORDE29POLEGADAS CONTROLEREMOTO SAIDAAUDIOVIDEPANASONIC PANASONIC "
"TELEVISOR DE 20 POLEGADAS, CONTOLE REMOTO, SAIDA AUDIO VIDEO TELEVISORDE20POLEGADAS CONTOLEREMOTO SAIDAAUDIOVIDEOPANASONIC PANASONIC "
"TELEVISOR DE 14 POLEGADAS, CONTROLE REMOTO, SAIDA AUDIO VIDE TELEVISORDE14POLEGADAS CONTROLEREMOTO SAIDAAUDIOVIDEPANASONIC PANASONIC "
"MESA DE MADEIRA, COM TAMPO DE 4MM DE ESPESSURA MESADEMADEIRA COMTAMPODE4MMDEESPESSURASEA S E A 2,50MC X 1,00ML X 0,75MA"
MASTRO PARA BANDEIRA EM MOGNO MASTROPARABANDEIRAEMMOGNOSEA S E A MASTRO
ARMARIO DE MADEIRA ARMARIODEMADEIRA SEM MARCA 
"MESA DE CENTRO, PES TORNEADOS E TAMPO REVESTIDO COM LAMINADO MESADECENTRO PESTORNEADOSETAMPOREVESTIDOCOMLAMINADOSEA S E A MESA DE CENTRO"
VENTILADOR DE PAREDE VENTILADORDEPAREDELORENSID LOREN SID TURBO
"MONITOR DE VIDEO DE 17"" MONITORDEVIDEODE17_SIEMENS SIEMENS FUJITSU"
"MICROCOMPUTADOR PENTIUM III, CD MICROCOMPUTADORPENTIUMIII CDSIEMENS SIEMENS FUJITSU"
"MESA MEDINDO 0,90X0,50X0,80 CM MADEIRA FREJO. MESAMEDINDO0 90X0 50X0 80CMMADEIRAFREJO_ SEM MARCA "
ARMARIO P/ ESCRITORIO EM MADEIRA ARMARIOP__ESCRITORIOEMMADEIRA SEM MARCA 1600M
ARMARIO P/ ESCRITORIO EM MADEIRA ARMARIOP__ESCRITORIOEMMADEIRA SEM MARCA 
MULTIPLEXADOR COLOR DUPLEX MULTIPLEXADORCOLORDUPLEX SEM MARCA SISTEMA CFTV
IMPRESSORA (MAT) IMPRESSORA_MAT_OLIVETTI OLIVETTI MAT.
"CLAVICULARIO MED. 0,50X0,40. CLAVICULARIOMED_0 50X0 40_ SEM MARCA "
MINI CAMERA P/B COM LENTE 4 MM MINICAMERAP__BCOMLENTE4MM SEM MARCA 
CAMERA CCD P/B COM LENTE 4 MM CAMERACCDP__BCOMLENTE4MM SEM MARCA 
CENTRAL DE ALARME COM BATERIA CENTRALDEALARMECOMBATERIA SEM MARCA 
"TV 14"" COM CONTROLE REMOTO TV14_COMCONTROLEREMOTOPANASONIC PANASONIC 14"""
APARELHO TELEFONICO APARELHOTELEFONICOSIEMENS SIEMENS 300E
SERVIDOR DE REDE SERVIDORDEREDEHAWLWTTPACKARD HAWLWTT PACKARD SERVIDOR DE REDE
ARCONDICIONADO DOMESTICO ARCONDICIONADODOMESTICOSPRINTCARRIER SPRINT CARRIER SPLIT
"LANTERNA EM CORPO DE ALUMINIO, NA COR PRETA. LANTERNAEMCORPODEALUMINIO NACORPRETA_MAGLITE MAGLITE MEDIO DE 02 PILHAS"
"MAQUINA DE CAFE IND., 5LT, NA COR PRATA MAQUINADECAFEIND_ 5LT NACORPRATAUNIVERSAL UNIVERSAL COFFEE SERVICE"
"IMPRESSORA JATO DE TINTA, ACOMPANHADA DE CABO PARALELO(1,8M) IMPRESSORAJATODETINTA ACOMPANHADADECABOPARALELO_1 8M_HP HP HP1220C"
"ESTANTE EM MADEIRA, MEDINDO 1,80 X 2,30 X 0,50M ESTANTEEMMADEIRA MEDINDO1 80X2 30X0 50MM SEM MARCA "
CASSETETE MED. 58CM CASSETETEMED_58CMGLOBAL GLOBAL TIPO TONFA
CAPACETE DE USO POLICIAL CAPACETEDEUSOPOLICIALGLOBAL GLOBAL COMBATE POLICIAL
ESCUDO ANTI-TUMULTO ESCUDOANTI-TUMULTOGLOBAL GLOBAL COMBATE POLICIAL
APARELHO CELULAR APARELHOCELULARNOKIA NOKIA 8260
"DIREITO ADMINISTRATIVO, AUT: MARIA SYLVIA Z. DI PIETRO DIREITOADMINISTRATIVO AUT:MARIASYLVIAZ_DIPIETROEDITORAATLAS EDITORA ATLAS "
"PROCESSO ADM. DISPL. E DA SIND., AUT: SEBASTIAO JOSE LESSA PROCESSOADM_DISPL_EDASIND_ AUT:SEBASTIAOJOSELESSABRASILIAJURIDICA BRASILIA JURIDICA "
"TEORIA E PRATICA DO PROCESSO ADM., AUT: JOSE A. DA COSTA TEORIAEPRATICADOPROCESSOADM_ AUT:JOSEA_DACOSTABRASILIAJURIDICA BRASILIA JURIDICA "
"RACK DE 4U´S, PROF. DE 800MM, TETO EM ACO C/ 02 VENTILADORES RACKDE4US PROF_DE800MM TETOEMACOC__02VENTILADORES SEM MARCA "
"APARELHO DE TV EM CORES DE 14´´, COM CONTROLE REMOTO APARELHODETVEMCORESDE14 COMCONTROLEREMOTOPHILCO PHILCO 1453S"
"APARELHO DE TELEVISAO EM CORES DE 14´´, COM CONTROLE REMOTO APARELHODETELEVISAOEMCORESDE14 COMCONTROLEREMOTOPHILCO PHILCO 1453S"
"BEBEDOURO DE AGUA ELETRICO, P/ GARRAFAO DE 20LT, 02 TORNEIRA BEBEDOURODEAGUAELETRICO P__GARRAFAODE20LT 02TORNEIRAAQUAMASTER AQUAMASTER AMG3600"
MICROONDAS MICROONDASDE27LITROS NACORBRANCABRASTEMP BRASTEMP BMS27A
"ESTABILIZADOR DE TENSAO, BIVOLT, AUTOMATICO ESTABILIZADORDETENSAO BIVOLT AUTOMATICOSMS SMS AP PROGRESSIVE"
APARELHO DE AR CONDICIONADO DE 12.000 BTUS APARELHODEARCONDICIONADODE12_000BTUSGREE GREE SPLIT
HUB SWICTH 24 PORTAS HUBSWICTH24PORTASENCORE ENCORE 24 PORTAS
"RACK DE 19 "", 360 X 570 MM. RACKDE19_ 360X570MM_CARTHOMS CARTHOMS 19"""
"RACK DE 19 "", 360 X 570 MM, COM DOIS VENTILADORES. RACKDE19_ 360X570MM COMDOISVENTILADORES_CARTHOMS CARTHOMS 19"""
BMW 540I/IA BMW GAS CINZA IMPORTADO LVO3248_RENAVAN-BMW BMW IMP
MERCEDES BENZ C-280 MERCEDES GAS CINZA IMPORTADO LVK1520 RENAVAN-MERCEDES MERCEDES BENZ AUTOMOVEL
MERCEDES BENZ E-430 MERCEDES GAS PRATA IMPORTADO LWJ1418 RENAVAN-MERCEDES MERCEDES BENZ AUTOMOVEL
"EXAUSTOR DE AR, MED. 50CM DE DIAMETRO, REVERSIVEL EXAUSTORDEAR MED_50CMDEDIAMETRO REVERSIVELLOREN-SID LOREN-SID "
"TELEVISAO DE 14´´, CONTROLE REMOTO, 181 CANAIS. TELEVISAODE14 CONTROLEREMOTO 181CANAIS_PHILCO PHILCO "
"QUADRO DE AVISOS, MEDINDO 60 X 90CM QUADRODEAVISOS MEDINDO60X90CM SEM MARCA "
PEDESTAL PARA MICROFONE PEDESTALPARAMICROFONESM SM GIRAFA
"CAIXA ACUSTICA 60WATTS, ALTO FALANTE DE 6´´, COR BRANCA CAIXAACUSTICA60WATTS ALTOFALANTEDE6 CORBRANCASM SM "
"SUPORTE DE FERRO, SUPORTE TRAPEZIO, COM REGULAGEM DE ALTURA. SUPORTEDEFERRO SUPORTETRAPEZIO COMREGULAGEMDEALTURA_ SEM MARCA "
"AMPLIFICADOR TURBO, POTENCIA 700WRMS. AMPLIFICADORTURBO POTENCIA700WRMS_SM SM "
"MICROFONE SEM FIO, ALIMENTACAO 12V, 300MA, C/  ADAPTADOR. MICROFONESEMFIO ALIMENTACAO12V 300MA C__ADAPTADOR_SM SM "
"TOCA DISCOS LASER, PARA 01 CD. TOCADISCOSLASER PARA01CD_SM SM PROFISSIONAL"
TV 14 colorida MONITORDE14POLEGADAS_PHILCO PHILCO 
MONITOR DE 14 POLEGADAS. MONITORDE14POLEGADAS_PHILCO PHILCO 
"ARMARIO ALTO FECHADO, 01 PORTA, 03 PRATELEIRAS, COR CINZA. ARMARIOALTOFECHADO 01PORTA 03PRATELEIRAS CORCINZA_MARELLI MARELLI "
"ESTABILIZADOR DE TENSAO ESTABILIZADORDETENSAOSMS SMS UAP4,OBIFX 115"
MONITOR DE VIDEO DE 17´ MONITORDEVIDEODE17SANSUNG SANSUNG SYNKMASTER
IMPRESSORA MONOCROMATICA IMPRESSORAMONOCROMATICAHP HP LASERJET 1200N
IMPRESSORA COLORIDA IMPRESSORACOLORIDAHP HP LASERJET 4550N
LAPTOP COM MALETA LAPTOPCOMMALETASIEMENS SIEMENS LIFEBOOK C-6637
SERVIDOR PENTIUM III SERVIDORPENTIUMIIISIEMENS SIEMENS SERVIDOR DE REDE LOCAL
MICROONDAS FORNOMICROONDAS 27L 220V POTENCIADE1400WATTS_BRASTEMP BRASTEMP 
"TELEVISOR DE 14´´, COLORIDO, BIVOLT, CONTROLE REMOTO. TELEVISORDE14 COLORIDO BIVOLT CONTROLEREMOTO_BLUESKY BLUESKY "
"TELEVISOR DE 14´´, COLORIDO, BIVOLT, COM CONTROLE REMOTO. TELEVISORDE14 COLORIDO BIVOLT COMCONTROLEREMOTO_BLUESKY BLUESKY "
"FRAGMENTADORA DE PAPEIS, CAP. 05 FOLHAS, 220V. FRAGMENTADORADEPAPEIS CAP_05FOLHAS 220V_HANSADAHLE HANSA DAHLE "
FRIGOBAR FRIGOBAR CAP_80L 220V CORBRANCA_CONSUL CONSUL 
"APARELHO FAC-SIMILE, PAPEL IMPRESSAO TERMICA, BIVOLT. APARELHOFAC-SIMILE PAPELIMPRESSAOTERMICA BIVOLT_PANASONIC PANASONIC "
ARMARIO REVESTIDO EM FORMICA TIPO GUARDA ROUPA. ARMARIOREVESTIDOEMFORMICATIPOGUARDAROUPA_ SEM MARCA 
MESA ESTAÇÃO DE TRABALHO EM L MESAESTACAODETRABALHOEML SEM MARCA 
ESCRIVANINHA CONJUGADA PADRAO CEREJEIRA C/ TAMPO EM FORMICA ESCRIVANINHACONJUGADAPADRAOCEREJEIRAC__TAMPOEMFORMICA SEM MARCA 
ESTANTE FORMATO DE L PADRAO MOGNO COM BANCADA P/ COMPUTADOR. ESTANTEFORMATODELPADRAOMOGNOCOMBANCADAP__COMPUTADOR_ SEM MARCA 
APARELHO TELEFONICO/FAX APARELHOTELEFONICO__FAXPANASONIC PANASONIC KX-FP152
APARELHO TELEFONICO/FAX APARELHOTELEFONICO__FAXPANASONIC PANASONIC KX-FT21LA
TELEFONE TELEFONEGE GE 900MHZ
PARELHO DVD P/REPRODUCAO DE VIDEO  PARELHODVDP__REPRODUCAODEVIDEONIKON NIKON COOLPIX-5000
nan SONY SONY DSC-F707
MAQ. DIGITAL MAQ_DIGITAL SONY DSC-F707
CAMERA DIGITAL SONY SONY DSC-P5
MAQUINA DIGITAL MAQUINADIGITAL SONY DSC-P50
Maquina fotográfica  CANON CANON EOS5
nan OLYMPUS OLYMPUS STYLUS 140
MAQUINA FOTOGRAFICA MAQUINAFOTOGRAFICA SONY MVC-FD100
MAQUINA FOTOGRAFICA MAQUINAFOTOGRAFICA SONY MVC-FD75
MAQUINA FOTOGRAFICA CANON CANON ELPH-260
VIDEO CAMERA DIGITAL VIDEOCAMERADIGITALSONY SONY DCR-PC 115
VIDEO CAMERA DIGITAL VIDEOCAMERADIGITALSONY SONY DCR-PC 9
VIDEO CAMERA DIGITAL VIDEOCAMERADIGITALSONY SONY TRV 108
RADIO E CD PLAYER AUTOMOTIVO RADIOECDPLAYERAUTOMOTIVOPIONNER PIONNER DEH-1450
RADIO E CD PLAYER AUTOMOTIVO RADIOECDPLAYERAUTOMOTIVOAIWA AIWA CDC-X2170
TRIPE P/ CAMERA TRIPEP__CAMERASONY SONY VCT-D68RM
"APARELHO DE SOM, MICRO-SISTEM APARELHODESOM MICRO-SISTEMAIWA AIWA NSX-SZ500"
DISKMAN-CD PLAYER DISKMAN-CDPLAYERSONY SONY D-E221
"APARELHO DE SOM, MICRO-SISTEM APARELHODESOM MICRO-SISTEMAIWA AIWA NSX-SZ900"
"CAPACIDADE P/ GARRAFAO DE 20L, 02 TORNEIRAS GELADA E NATURAL CAPACIDADEP__GARRAFAODE20L 02TORNEIRASGELADAENATURALBEGEL BEGEL VERTICAL EL}TRICO"
"TV DE 20"", COM CONTROLE REMOTO TVDE20_ COMCONTROLEREMOTOSEMPTOSHIBA SEMP TOSHIBA "
NUMERADOR CROMADO NUMERADORCROMADOCARBEX CARBEX 120 PLUS
"PURIFICADOR DE AGUA, GELADA E NATURAL, BRANCO, TIPO BEBEDOUR PURIFICADORDEAGUA GELADAENATURAL BRANCO TIPOBEBEDOURBYSOFT BY SOFT "
APARELHO TELFONICO NA COR PEROLA APARELHOTELFONICONACORPEROLAINTELBRAS INTELBRAS PREMIUM
"TV DE 14"", COM CONTROLE REMOTO, 220V TVDE14_ COMCONTROLEREMOTO 220VPHILCO PHILCO "
"ARMARIO DUAS PORTAS, EM CEREJEIRA, 1,10X0,43X1,56 ARMARIODUASPORTAS EMCEREJEIRA 1 10X0 43X1 56MOVEISBELO MOVEIS BELO SEMI-ABERTO"
"PAINEL ELETRONICO, 6 COMANDOS E JORNAL ELET. DE MENSAGENS PAINELELETRONICO 6COMANDOSEJORNALELET_DEMENSAGENSMOD_EC MOD. EC V-40 5"
FRIGOBAR FRIGOBAR 80L 220V CORBRANCA_CONSUL CONSUL 
"QUADRO BRANCO, MED. 90X120 COM SUPORTE PARA APAGADOR. QUADROBRANCO MED_90X120COMSUPORTEPARAAPAGADOR_ SEM MARCA "
"QUADRO BRANCO, MED. 90X120, COM SUPORTE PARA APAGADOR. QUADROBRANCO MED_90X120 COMSUPORTEPARAAPAGADOR_ SEM MARCA "
"ARMARIO DE ACO, 2 PORTAS, MED. 198X110, NA COR CINZA. ARMARIODEACO 2PORTAS MED_198X110 NACORCINZA_PANDIN PANDIN "
ARMARIO EM COMPENSADO FREIJO COM PORTAS DE CORRER ARMARIOEMCOMPENSADOFREIJOCOMPORTASDECORRERMARCENARIASKALA MARCENARIA SKALA 
CAMERA DE VIDEO DE SEGURANºA. CAMERADEVIDEODESEGURANA_GRADIENTE GRADIENTE CCD 1/3
CAMERA DE VIDEO DE SEGURANºA. CAMERADEVIDEODESEGURANA_GRADIENTE GRADIENTE 500 PX
"CLAVICULARIO DE CHAPA DE AºO ZINCADO, MED. 235X330X62MM. CLAVICULARIODECHAPADEAOZINCADO MED_235X330X62MM_ SEM MARCA "
CADEIRA DE ESCRITORIO CADEIRADEESCRITORIOFLEXFROM FLEXFROM ESPALDAR MEDIO
CADEIRA DE ESCRITORIO CADEIRADEESCRITORIO COMBRACOEGIRATORIA S/M. GIRATORIA
GAVETEIRO C/ 4 GAVETAS GAVETEIROC__4GAVETASMARTINUCCI MARTINUCCI 4 GAVETAS
CAFETEIRA ELETRICA EM AºO INOXIDAVEL. CAFETEIRAELETRICAEMAOINOXIDAVEL_ARNO ARNO 3 LITROS
LIQUIDIFICADOR.                     . LIQUIDIFICADOR__ARNO ARNO 2 LITROS
EXPREMEDOR DE FRUTAS                . EXPREMEDORDEFRUTAS_LORENSID LORENSID 1/2 LITROS
MAQUINA DEW LAVAR VEICULOS DE ALTA PRESS`O NR 0001. MAQUINADEWLAVARVEICULOSDEALTAPRESS`ONR0001_KARCHER KARCHER HD 690
CAMERA DE CIRCUITO FECHADO DE TV. CAMERADECIRCUITOFECHADODETV_ SEM MARCA SENSOR LCD
APARELHO DE TV EM CORES APARELHODETVEMCORESPHILCO PHILCO 14 POLEGADAS
"TELEVISOR COLORIDO DE 14"", 110/220V. TELEVISORCOLORIDODE14_ 110__220V_GRADIENTE GRADIENTE MONITOR DE SEGURANCA (CFTV)"
MICROONDAS FORNOMICROONDAS CAP_27LITROS 220V NACORBRANCA_ELETROLUX ELETROLUX 
MAQUINA MONTADORA E DESMONTADORA DE PNEUS MAQUINAMONTADORAEDESMONTADORADEPNEUSVILUZ VILUZ MV 500
"COPIADORA, TIPO MESA, CAP. PAPEL A4. COPIADORA TIPOMESA CAP_PAPELA4_GESTETNER GESTETNER 2913Z"
APARELHO TELEFONICO DIGITAL APARELHOTELEFONICODIGITALSIEMENS SIEMENS OPTISET 300-E STANDARD
"FREEZER HORIZONTAL, 550L, 220V, COR BRANCA, 02 TAMPAS. FREEZERHORIZONTAL 550L 220V CORBRANCA 02TAMPAS_SPRINGER SPRINGER SPD-550-B4470"
"TELEVISAO DE 20"", BIVOLT, CONT. REMOTO, ENT. FRONT. AUD/VIDE TELEVISAODE20_ BIVOLT CONT_REMOTO ENT_FRONT_AUD__VIDEPHILCO PHILCO 20TP-2054"
"SOFA PARA SALA DE ESPERA, 02 LUGARES, EM COURO, COR PRETA. SOFAPARASALADEESPERA 02LUGARES EMCOURO CORPRETA_ SEM MARCA "
"SOFA PARA SALA DE ESPERA, 03 LUGARES, EM COURO, COR PRETA. SOFAPARASALADEESPERA 03LUGARES EMCOURO CORPRETA_ SEM MARCA "
"GAVETEIRO MOVEL, COM 03 GAVETAS, NA COR MARFIM. GAVETEIROMOVEL COM03GAVETAS NACORMARFIM_ SEM MARCA "
"GAVETEIRO MOVEL, COM 04 GAVETAS, NA COR MARFIM. GAVETEIROMOVEL COM04GAVETAS NACORMARFIM_ SEM MARCA "
"MESA DE APOIO, TIPO DE CANTO, NA COR MARFIM E PES CROMADOS. MESADEAPOIO TIPODECANTO NACORMARFIMEPESCROMADOS_ SEM MARCA "
"MESA DE APOIO, TIPO LATERAL, NA COR MARFIM E PES CROMADOS. MESADEAPOIO TIPOLATERAL NACORMARFIMEPESCROMADOS_ SEM MARCA "
ESTACAO DE TRABALHO DE TAMPO UNICO COM GAVETEIRO PEDESTAL. ESTACAODETRABALHODETAMPOUNICOCOMGAVETEIROPEDESTAL_ SEM MARCA 
"MESA AUXILIAR RETANGULAR, NA COR MARFIM, MED.150X80CM. MESAAUXILIARRETANGULAR NACORMARFIM MED_150X80CM_ SEM MARCA "
"MESA AUXILIAR RETANGULAR, NA COR MARFIM, MED.100X40CM. MESAAUXILIARRETANGULAR NACORMARFIM MED_100X40CM_ SEM MARCA "
"MESA DE REUNIAO, TIPO OVAL, NA COR MARFIM. MESADEREUNIAO TIPOOVAL NACORMARFIM_ SEM MARCA "
PENINSULA TIPO RACK ARMARIO BAIXO.  PENINSULATIPORACKARMARIOBAIXO_ SEM MARCA 
DESCANSO PARA PES. DESCANSOPARAPES_ SEM MARCA 
FRIGOBAR FRIGOBAR CAP_120L MED_86X4X47 6_AXLXP_ 220V_CONSUL CONSUL 
"TRENA ELETRONICO, TIPO DIGITAL, MED. LASER, ALCANCE 18M. TRENAELETRONICO TIPODIGITAL MED_LASER ALCANCE18M_SONICTAPE SONIC TAPE "
"APARELHO DE AR CONDICIONADO, 10.000 BTUS, 110/220V APARELHODEARCONDICIONADO 10_000BTUS 110__220VELETROLUX ELETROLUX "
"CAMA BELICHE, MADEIRA, ENVERNIZADO, ESCADA LATERAL, 188X78CM CAMABELICHE MADEIRA ENVERNIZADO ESCADALATERAL 188X78CMGRAUS GRAUS "
"ARMA. ALTO ACO, 3 PORT., BEGE, ABER. VENT., MED. 185X45X30CM ARMA_ALTOACO 3PORT_ BEGE ABER_VENT_ MED_185X45X30CMPANDIN PANDIN "
"ARMARIO COPA COZINHA, TIPO PAREDE, MADEIRA, MED. 60X33X43CM ARMARIOCOPACOZINHA TIPOPAREDE MADEIRA MED_60X33X43CMPROJETO PROJETO "
"ARMARIO ALTO, S/ PORT., REV. LAM. MELAMI., MED. 80X50X160CM ARMARIOALTO S__PORT_ REV_LAM_MELAMI_ MED_80X50X160CMPROJETO PROJETO "
"ARMARIO ALTO 2 PORT., REV. LAM. MELAMINICO, MED. 80X50X160CM ARMARIOALTO2PORT_ REV_LAM_MELAMINICO MED_80X50X160CMPROJETO PROJETO "
"ARMARIO 2 PORTAS, REV. LAMINADO MELAMINICO, MED. 80X50X74CM ARMARIO2PORTAS REV_LAMINADOMELAMINICO MED_80X50X74CMPROJETO PROJETO "
"FOGAO SEMI-INDUSTRIAL, ACO INOX, 4 BOCAS. FOGAOSEMI-INDUSTRIAL ACOINOX 4BOCAS_TRON TRON "
"CONJ. DE MESA COM 04 (QUATRO) CADEIRAS, EM PVC, COR BRANCA. CONJ_DEMESACOM04_QUATRO_CADEIRAS EMPVC CORBRANCA_TRAMONTINA TRAMONTINA MESA PARA JARDIM"
"EST. TRAB.,TAMPO UNICO,COR MARFIM,L1-1400/L2-1600, P1-P2 600 EST_TRAB_ TAMPOUNICO CORMARFIM L1-1400__L2-1600 P1-P2600 SEM MARCA "
"EST. TRAB. CHEFIA,TAMPO UNICO,COR MARFIM,L1L2 1600, P1P2 600 EST_TRAB_CHEFIA TAMPOUNICO CORMARFIM L1L21600 P1P2600 SEM MARCA "
"CADEIRA EST. TRABALHO, ESPALD. MEDIO, C/ BRACOS, GIRA., AZUL CADEIRAEST_TRABALHO ESPALD_MEDIO C__BRACOS GIRA_ AZUL SEM MARCA "
"CADEIRA REUNIAO, GIRATORIA C/ BRACOSS, ESPALD. MEDIO, AZUL. CADEIRAREUNIAO GIRATORIAC__BRACOSS ESPALD_MEDIO AZUL_ SEM MARCA "
"CADEIRA DIALOGO, S/ RODIZIOS, S/ BRACOS, ESPALD. MEDIO, AZUL CADEIRADIALOGO S__RODIZIOS S__BRACOS ESPALD_MEDIO AZUL SEM MARCA "
"POLTRONA ESPADAR ALTO, C/ BRACOS, EM COURO, COR PRETA, GIRAT POLTRONAESPADARALTO C__BRACOS EMCOURO CORPRETA GIRAT SEM MARCA "
MACACO TIPO JACARE COM CAPACIDADE PARA 4 TONELADAS MACACOTIPOJACARECOMCAPACIDADEPARA4TONELADASBRASILPOTENTE BRASIL POTENTE 
MACACO TIPO JACARE COM CAPACIDADE PARA 6 TONELADAS MACACOTIPOJACARECOMCAPACIDADEPARA6TONELADASBRASILPOTENTE BRASIL POTENTE 
"TV 20"", 110/220V, CONTROLE REMOTO, ENT. AUDIO E VIDEO. TV20_ 110__220V CONTROLEREMOTO ENT_AUDIOEVIDEO_CCE CCE "
"TV 29"", 110/220V, CONTROLE REMOTO, ENT. AUDIO E VIDEO. TV29_ 110__220V CONTROLEREMOTO ENT_AUDIOEVIDEO_GRADIENTE GRADIENTE "
"AP. TELEFONICO C/ FIO, REDIAL/FLASH/PAUSE, ID. CHAMA., V. VO AP_TELEFONICOC__FIO REDIAL__FLASH__PAUSE ID_CHAMA_ V_VOITELBRAS ITELBRAS "
"CAP. FRAGMENTACAO ATE 5FLS, 110/220V, ACOMPANHADA DE CESTO. CAP_FRAGMENTACAOATE5FLS 110__220V ACOMPANHADADECESTO_AURORA AURORA AS55S"
"CAP. FRAGMENTACAO ATE 5FLS, 110/220V, ACOMPANHADA DE CESTO. CAP_FRAGMENTACAOATE5FLS 110__220V ACOMPANHADADECESTO_PROCALC PROCALC "
"GRAVADOR DIGITAL PORTATIL, CAP. ARMAZENAMENTO ATE 06 HORAS GRAVADORDIGITALPORTATIL CAP_ARMAZENAMENTOATE06HORAS SEM MARCA "
LUMINARIA ULTRA-VIOLETA PARA PERICIA EM CAMPO LUMINARIAULTRA-VIOLETAPARAPERICIAEMCAMPOS__M S/M 
"MALETA COM ACABAMENTO ALUMINIO, MED. 46X15,2X2,5 MALETACOMACABAMENTOALUMINIO MED_46X15 2X2 5S__M S/M "
"DETECTOR METALICO DE PRENCHEZ, PORTATIL, 110/220, SENSOR ULT DETECTORMETALICODEPRENCHEZ PORTATIL 110__220 SENSORULTS__M S/M "
"CAMERA DE VIDEO, 12V, RES. HORIZONTAL 380 LINHAS E CX. PROT. CAMERADEVIDEO 12V RES_HORIZONTAL380LINHASECX_PROT_GRADIENTE GRADIENTE "
MAQUINA FOTOGRAFICA COM ABERTURA DE FOCO P/ LENTE 50MM MAQUINAFOTOGRAFICACOMABERTURADEFOCOP__LENTE50MMCANON CANON EOS 300D
"POLTRONA PRESIDENTE MONOBLOCO, EM COURO, RODIZIOS, REGU. GAS POLTRONAPRESIDENTEMONOBLOCO EMCOURO RODIZIOS REGU_GASFLEXFORM FLEXFORM "
"POLTRONA DIRETOR MONOBLOCO, EM COURO, RODIZIOS, COLUNA FIXA POLTRONADIRETORMONOBLOCO EMCOURO RODIZIOS COLUNAFIXAFLEXFORM FLEXFORM "
"POLTRONA DIRETOR MONOBLOCO, EM COURO, RODIZIOS, COLUNA FIXA, PRETA, C/ BRAÇO POLTRONADIRETORMONOBLOCO EMCOURO RODIZIOS COLUNAFIXAFLEXFORM FLEXFORM "
"RACK P/ TV 20"", MED. 060X060X074CM, MADEIRA, ACABAM. MARFIM RACKP__TV20_ MED_060X060X074CM MADEIRA ACABAM_MARFIMPROJETO PROJETO "
"TAPETE TIPO PERSA, MED. 298X203CM TAPETETIPOPERSA MED_298X203CM SEM MARCA "
"ESTANTE MADEIRA ABERTA, COM PRATELEIRAS, COR PAU MARFIM ESTANTEMADEIRAABERTA COMPRATELEIRAS CORPAUMARFIMPROJETO PROJETO "
"APARELHO DVD, RESOLUCAO 720 LINHAS, ZOOM DIGITAL. APARELHODVD RESOLUCAO720LINHAS ZOOMDIGITAL_SVA SVA D-1018"
APARELHO DE SOM MICRO-SISTEM 3 EM 1. APARELHODESOMMICRO-SISTEM3EM1_CCE CCE MS 505
IMPRESSORA HP  IMPRESSORAHP HP LASERJET 1300
IMPRESSORA HP IMPRESSORAHP HP LASERJET 1300
IMPRESSORA HP 1300 HP HP LASERJET 1300
"CAMERA COLOR DIGITAL CCD 1/3, ACOMP. DE LENTE 2,5MM E FONTE. CAMERACOLORDIGITALCCD1__3 ACOMP_DELENTE2 5MMEFONTE_ SEM MARCA "
"PROJETOR MULTIMIDIA, TIPO DATA-SHOW. PROJETORMULTIMIDIA TIPODATA-SHOW_HITACHI HITACHI CP-S210"
FRIGOBAR FRIGOBARDE120LITROS 220V SEM MARCA 
VIDEO CASSETE VCX 693 VIDEOCASSETEVCX693 SEM MARCA 
LENTE TELEOBJETIVA 170/500. LENTETELEOBJETIVA170__500_ SEM MARCA 
"PLAT. DE COMUTACAO DIGITAL C/ 13 HEADSET, 30 MODEMS, 12 INTE PLAT_DECOMUTACAODIGITALC__13HEADSET 30MODEMS 12INTEEVOLUTIONNS262981 EVOLUTION NS 262981 BXS/20"
"CADEIRA GIRATORIA, ESPALDAR MEDIO, COR PRETA. CADEIRAGIRATORIA ESPALDARMEDIO CORPRETA_O_M_A O.M.A "
RELOGIO DATADOR-NUMERADOR C/ CARIMBO ELETRICO E AUTOMATICO. RELOGIODATADOR-NUMERADORC__CARIMBOELETRICOEAUTOMATICO_IRCE IRCE DRN-06
"FONTE DE ALIMENTACAO DIGITAL, 127/220V, CORRENTE 5A. FONTEDEALIMENTACAODIGITAL 127__220V CORRENTE5A_RAYONIC RAYONIC "
"CAMARA FOTOGRAFICA DIGITAL, 1.3 MEGA PIXELS. CAMARAFOTOGRAFICADIGITAL 1_3MEGAPIXELS_GENIUS GENIUS DSC"
CAIXA DE SOM SPEAKER HOME THEATER AUDIO. CAIXADESOMSPEAKERHOMETHEATERAUDIO_GENIUS GENIUS SW - 5.1
"SWITCH, 16 PORTAS, 110V. SWITCH 16PORTAS 110V_GENIUS GENIUS FGIGS4160R"
"SWITCH,16 PORTAS, 110V. SWITCH 16PORTAS 110V_GENIUS GENIUS FGIGS4160R"
"CAPACIDADE DE 10.000BTU´S, VAZAO DE AR DE 380M3/H. CAPACIDADEDE10_000BTUS VAZAODEARDE380M3__H_ELETROLUX ELETROLUX AG10F"
APARELHO DE FAX APARELHODEFAXPANASONIC PANASONIC KX-FT907LA
"CORTADOR DE GRAMA, MOTOR GASOLINA, POT. 5HP/2 TEMPOS. CORTADORDEGRAMA MOTORGASOLINA POT_5HP__2TEMPOS_STIHL STIHL "
"CAPACIDADE DE REFRIGERACAO 10.000BTU/H, 220V. CAPACIDADEDEREFRIGERACAO10_000BTU__H 220V_ELGIN ELGIN EJF 10000"
"BEBEDOURO, TIPO PRESSAO, SAIDA DE AGUA JATO E COPO. BEBEDOURO TIPOPRESSAO SAIDADEAGUAJATOECOPO_MASTERFRIO MASTERFRIO MF40"
"CAMERA DIGITAL, 4.1 MEGA PIXELS. CAMERADIGITAL 4_1MEGAPIXELS_SONY SONY DSC-P41"
IMPRESSORA LASER IMPRESSORALASERHP HP 1300
MAQUINA DE CALCULAR ELETRICA DE 12 DIGITOS. MAQUINADECALCULARELETRICADE12DIGITOS_SHARP SHARP EL-1801 P III
"MAQUINA COPIADORA PADRAO COR PRETO E BRANCO, IMPRESSAO LASER MAQUINACOPIADORAPADRAOCORPRETOEBRANCO IMPRESSAOLASERGESTETNER GESTETNER DSM 515"
"EQUIPAMENTO DE MONITORAMENTO ELETRONICO, PORTATIL EQUIPAMENTODEMONITORAMENTOELETRONICO PORTATILRESEARCHELE_INTERNATIONAL RESEARCH ELE. INTERNATIONAL OSCOR5000"
QUAD. COLOR PARA 4 CAMERAS QUAD_COLORPARA4CAMERAS SEM MARCA 
MESA PARA COMPUTADOR MESAPARACOMPUTADORGRITSCH GRITSCH 
CADEIRA PARA DIGITADOR CADEIRAPARADIGITADORSTILOFLEX STILOFLEX ST 040
MESA FIXA PARA TERMINAL MESAFIXAPARATERMINAL SEM MARCA 2225
CADEIRA PARA DIGITADOR CADEIRAPARADIGITADORTALARICO TALARICO 614
CADEIRA GIRATORIA  . CADEIRAGIRATORIA_ SEM MARCA 
MESA LOURO CLARO MESALOUROCLARO SEM MARCA 
POLTRONA COM BRACO NA COR BEGE. POLTRONACOMBRACONACORBEGE_ SEM MARCA 
CADEIRA COM ESTRUTURA DE METAL NA COR VERMELHA. CADEIRACOMESTRUTURADEMETALNACORVERMELHA_ SEM MARCA 
ARMARIO ALTO LOURO CLARO ARMARIOALTOLOUROCLAROCIMPLA CIMPLA 
MESA PARA TELEFONE MESAPARATELEFONE SEM MARCA 
"CPU, PENTIUM 4, PROCES. 2,8GHZ, HD 120GB CPU PENTIUM4 PROCES_2 8GHZ HD120GBNOVADATA NOVADATA "
ESTANTE ALTA DUAS PORTAS ESTANTEALTADUASPORTASMLMAGALHAES ML MAGALHAES ET-70/1104
MESA COM TRES GAVETAS MESACOMTRESGAVETAS LACHI 
ARMARIO DE MADEIRA COM PORTAS ARMARIODEMADEIRACOMPORTASSALMO SALMO 
POLTRONA COM ESPALDAR MEDIO POLTRONACOMESPALDARMEDIO SEM MARCA 
APARELHO TELEFONICO COM IDENTIFICADOR DE CHAMADAS ID G APARELHOTELEFONICOCOMIDENTIFICADORDECHAMADASIDGINTELBRAS INTELBRAS ID G
VENTILADOR DE PE COR BRANCA. VENTILADORDEPECORBRANCA_MALLORY MALLORY DELFOS 40
GUILHOTINA DE MANUAL. GUILHOTINADEMANUAL_LASSANE LASSANE FACAO  40
"COMPUTADOR PENTIUM 4, C/ MONITOR 17, TECLADO E MOUSE. COMPUTADORPENTIUM4 C__MONITOR17 TECLADOEMOUSE_ATX ATX PENTIUM 4 2.4GHZ"
COMPUTADOR PENTIUM 166 COMPUTADORPENTIUM166MICROTEC MICROTEC MYTHUS
CLAVICULARIO DE ACO C/ 100 LUGARES NUMERADOS. CLAVICULARIODEACOC__100LUGARESNUMERADOS_PONTUAL PONTUAL 100 LUGARES
"CESTO DE LIXO, COR MARFIN DE 20 LITROS. CESTODELIXO CORMARFINDE20LITROS_VALLI VALLI 20 LITROS"
MICROONDAS FORNODEMICROONDAS_ELETROLUX ELETROLUX 28 LITROS
"MULTIFUNCIONAL, FAX, COPIADORA, IMPRESSORA E SCANNER. MULTIFUNCIONAL FAX COPIADORA IMPRESSORAESCANNER_HP HP LJ 3380"
"ESTABILIZADOR DE TENSAO DE 1 KVA, ENTRADA 220 SAIDA 220 V ESTABILIZADORDETENSAODE1KVA ENTRADA220SAIDA220VENERMAX ENERMAX EX 1000 T"
TELEFONE SEM FIO TELEFONESEMFIOINTELBRAS INTELBRAS 
VIDEO PORTEIRO COM CAMERA PRETO E BRANCO. VIDEOPORTEIROCOMCAMERAPRETOEBRANCO_HOL HOL 
MICROCOMPUTADOR PENTIUM IV COM MONITOR TECLADO E MOUSE MICROCOMPUTADORPENTIUMIVCOMMONITORTECLADOEMOUSEDELL DELL OPTIPLEX GX620
"C/MP3-4,DIGIT.KARAOKE,PLAYBACK,RADIO FM,CONTROL REM,110/220V C__MP3-4 DIGIT_KARAOKE PLAYBACK RADIOFM CONTROLREM 110__220VFUGITEL FUGITEL FJ22000"
"C/MP3-4,DIGIT.KARAOKE,PLAYBACK,RADIO FM,CONTROL REM,110/220V C__MP3-4 DIGIT_KARAOKE PLAYBACK RADIOFM CONTROLREM 110__220VFUGITEL FUGITEL FJ-22000"
"APARELHO DE DVD, MARCA FUJITEL. APARELHODEDVD MARCAFUJITEL_FUGITEL FUGITEL DVD"
APARELHO DE CD PARA  AUTOMOVEL. APARELHODECDPARAAUTOMOVEL_PIONNER PIONNER DEH-1600
APARELHO DE CD PARA  AUTOMOVEL. APARELHODECDPARAAUTOMOVEL_RODSTAR RODSTAR RS-2014
APARELHO DE CD PARA  AUTOMOVEL. APARELHODECDPARAAUTOMOVEL_RODSTAR RODSTAR RS-3540
APARELHO DE DVD. APARELHODEDVD_SONIVISION SONIVISION DVD
EQUIPAMENTO P/ REVELACAO DE MARCAS LATENTES EM PAPEL EQUIPAMENTOP__REVELACAODEMARCASLATENTESEMPAPELFOSTER&ampFREEMAN FOSTER & FREEMAN ESDA 2
MEDIDOR DE ESPESSURA DE PAPEIS DIGITAL MEDIDORDEESPESSURADEPAPEISDIGITALWOLF WOLF M 2000
FONTE DE LUZ ULTRAVIOLETA C/ LAMPADAS - 2 COMP DE ONDAS FONTEDELUZULTRAVIOLETAC__LAMPADAS-2COMPDEONDASNEOLAB NEOLAB CN6 CABINET
FONTE PORTATIL DE LUZ ULTRAVIOLETA FONTEPORTATILDELUZULTRAVIOLETANEOLAB NEOLAB VL - 4LC
REPROESTATIVA AJUSTAVEL REPROESTATIVAAJUSTAVELKAISER KAISER 5617
APARELHO TELEFONICO SEM FIO. APARELHOTELEFONICOSEMFIO_PANASONIC PANASONIC S/MOD.
APARELHO TELEFONICO SEM FIO. APARELHOTELEFONICOSEMFIO_GE GE 26928GE2-D
APARELHO TELEFONICO SEM FIO. APARELHOTELEFONICOSEMFIO_GE GE 
APARELHO TELEFONICO SEM FIO. APARELHOTELEFONICOSEMFIO_GE GE 26928GE1-D
APARELHO TELEFONICO SEM FIO. APARELHOTELEFONICOSEMFIO_GE GE GE
IMPRESSORA JATO DE TINTA IMPRESSORAJATODETINTAHP HP DESKJET 695C
"ESTABILIZADOR DE VOLTAGEM, BIVOLT/100 ESTABILIZADORDEVOLTAGEM BIVOLT__100SMS SMS "
ESTABILIZADOR DE VOLTAGEM ESTABILIZADORDEVOLTAGEM SEM MARCA 
MICROCOMPUTADOR/PLATAFORMA DE COMUTACAO MICROCOMPUTADOR__PLATAFORMADECOMUTACAO SEM MARCA 
MODEM/PLATAFORMA DE COMUTACAO MODEM__PLATAFORMADECOMUTACAO SEM MARCA 
"NO BREAK/PLATAFORMA DE COMUTACAO DIGITAL,1,5KVA NOBREAK__PLATAFORMADECOMUTACAODIGITAL 1 5KVA SEM MARCA "
"PLATAFORMA COMUTACAO DIGITAL,C/13 HEADSET,TECLADO,30 MODEM PLATAFORMACOMUTACAODIGITAL C__13HEADSET TECLADO 30MODEMEVOLUTION EVOLUTION BXS/20"
SWITCH/PLATAFORMA DE COMUTACAO SWITCH__PLATAFORMADECOMUTACAO SEM MARCA 
"MESA ESCRITORIO,DIMENSAO 150CM,COR MARFIN/OVO MESAESCRITORIO DIMENSAO150CM CORMARFIN__OVOPOLIFLEX POLIFLEX "
CADEIRA GIRATORIA C/ BRACO CADEIRAGIRATORIAC__BRACOPOLIFLEX POLIFLEX 
IMPRESSORA LASER JET HP 3015 IMPRESSORALASERJETHP3015HP HP LASER JET 3015
MONITOR MONITOR SEM MARCA 
VW - VOLKSWAGEN GOLF GOLF GAS PRATA PLACAJFF-6971 RENAVAM750098139VOLKSWAGEN VW - VOLKSWAGEN GOLF
POLTRONA DE CHEFIA GIRATORIA COM BRACOS NA COR AZUL POLTRONADECHEFIAGIRATORIACOMBRACOSNACORAZUL SEM MARCA PRESIDENTE
POLTRONA DE CHEFIA GIRATORIA COM BRACOS  POLTRONADECHEFIAGIRATORIACOMBRACOS SEM MARCA 
ESTABILIZADOR DE TENSAO ESTABILIZADORDETENSAOSMS SMS UAP4 OBIFX 115
MONITOR DE VIDEO MONITORDEVIDEO SEM MARCA 
ARMARIO DE ACO 01 PORTA CHAPA 20 COR BEGE ARMARIODEACO01PORTACHAPA20CORBEGE SEM MARCA GUARDA ROUPA
ARMARIO DE ACO 08 PORTAS CHAPA 20 COR BEGE ARMARIODEACO08PORTASCHAPA20CORBEGE SEM MARCA GUARDA ROUPA
"LONGARINA CONCHA UNICA, COR AZUL, ESPALDAR MEDIO LONGARINACONCHAUNICA CORAZUL ESPALDARMEDIOBELO BELO LONGARINA"
MESA DE REUNIAO REDONDA MESADEREUNIAOREDONDABELO BELO POST FORMING
ESTACAO DE TRABALHO PARA CHEFIA C/ GAVETEIRO PEDESTAL ESTACAODETRABALHOPARACHEFIAC__GAVETEIROPEDESTALREFRIMATE REFRIMATE 
MESA DE APOIO C/ SUPERFICIE DE TRABALHO MESADEAPOIOC__SUPERFICIEDETRABALHOREFRIMATE REFRIMATE 
ESTABILIZADOR DE TENSAO ESTABILIZADORDETENSAOSMS SMS UAP4 OBIFX
CADEIRA DE ESTACAO DE TRABALHO CADEIRADEESTACAODETRABALHOINFORLINE INFORLINE 
"CADEIRA DIALOGO,S/RODIZIOS,S/BRAÇOS,ESPALD.MEDIO,AZUL CADEIRADIALOGO S__RODIZIOS S__BRACOS ESPALD_MEDIO AZUL SEM MARCA "
CADEIRA DE ESTACAO DE TRABALHO CADEIRADEESTACAODETRABALHO SEM MARCA 
CADEIRA DE DIALOGO SEM RODIZIOS CADEIRADEDIALOGOSEMRODIZIOSINFORLINE INFORLINE 
ESTACAO DE TRABALHO 1400X1400 ESTACAODETRABALHO1400X1400INFORLINE INFORLINE 
DESCANSO DE PES DESCANSODEPES SEM MARCA TIPO AJUSTAVEL
ARMARIO AGLOMERADO PARA COZINHA ARMARIOAGLOMERADOPARACOZINHAELDORADO ELDORADO SUSPENSO
ARMARIO ALTO 02 PORTAS COM 03 PRATELEIRAS ARMARIOALTO02PORTASCOM03PRATELEIRASELDORADO ELDORADO MDF
ARMARIO ALTO 02 PORTAS ARMARIOALTO02PORTASELDORADO ELDORADO TIPO ESTANTE
ARMARIO ALTO 02 PORTAS COM 03 PRATELEIRAS ARMARIOALTO02PORTASCOM03PRATELEIRASELDORADO ELDORADO 
GAVETEIRO VOLANTE SIMPLES GAVETEIROVOLANTESIMPLESELDORADO ELDORADO 
COFRE DE ACO COFREDEACO SEM MARCA 110X40
ESTABILIZADOR DE TENSAO ESTABILIZADORDETENSAOSMS SMS 500 VA
COMPUTADOR DE MESA DESKTOP (CPU) C/ MONITOR SAMSUNG COMPUTADORDEMESADESKTOP_CPU_C__MONITORSAMSUNGDELL DELL DESKTOPS
" MONITOR SAMSUNG MONITORSAMSUNGDELL SAMSUNG_____________________, "
MONITOR SAMSUNG MONITORSAMSUNG SAMSUNG 
 MONITOR SAMSUNG MONITORSAMSUNG SAMSANG 
 MONITOR SAMSUNG MONITORSAMSUNGDELL SAMGUNG 
 MONITOR SAMSUNG MONITORSAMSUNG SAMSNUNG SC17HXALAB00991T
MESA AUXILIAR PARA ESTACAO DE TRABALHO MESAAUXILIARPARAESTACAODETRABALHOSEBBA SEBBA 
ARMARIO ALTO COM PORTAS E PRATELEIRAS ARMARIOALTOCOMPORTASEPRATELEIRASSEBBA SEBBA 
ARMARIO BAIXO COM PORTAS ARMARIOBAIXOCOMPORTASSEBBA SEBBA 
"DECTECTOR DE JUNCAO NAO LINEAR, C/KIT DE FERRAMENTAS DECTECTORDEJUNCAONAOLINEAR C__KITDEFERRAMENTASREI REI NJE 4000 ORION"
MESA L BP ERGO / FITA 2MM C/ 3 PASSA CABO MESALBPERGO__FITA2MMC__3PASSACABOGRIF GRIF MESA L
CADEIRA GIRATORIA ESPALDAR MEDIO AZUIS CADEIRAGIRATORIAESPALDARMEDIOAZUISROSSI ROSSI 
CADEIRA GIRATORIA ESPALDAR MEDIO CADEIRAGIRATORIAESPALDARMEDIOROSSI ROSSI 
CADEIRA ESPALDAR MEDIO CADEIRAESPALDARMEDIOROSSI ROSSI 
DESUMIDIFICADOR DE AR DESUMIDIFICADORDEARARTEL ARTEL EA16MR
ESTABILIZADOR DE TENSAO ESTABILIZADORDETENSAOKVA KVA 3.5BI
TRIPE PARA EQUIPAMENTO DE FOTOGRAFIA TRIPEPARAEQUIPAMENTODEFOTOGRAFIAVELBON VELBON CX-686
ESTABILIZADOR COM 3KVA DE POTENCIA E FREQUENCIA DE 60HZ ESTABILIZADORCOM3KVADEPOTENCIAEFREQUENCIADE60HZCSINDUSTRIAELETRONICA CS INDUSTRIA ELETRONICA 301 TI (POLUX)
ESTABILIZADOR COM 3KVA DE POTENCIA E FREQUENCIA DE 60HZ ESTABILIZADORCOM3KVADEPOTENCIAEFREQUENCIADE60HZCSINDUSTRIAELETRONICA CS INDUSTRIA ELETRONICA 301 TI (PìLUX)
MICROCOMPUTADOR PESSOAL TIPO NOTEBOOK MICROCOMPUTADORPESSOALTIPONOTEBOOKHP HP PAVILION ZV6000
NOTEBOOK NOTEBOOKACER ACER BL51
NOTEBOOK NOTEBOOKACER ACER ZL 5
NOTEBOOK NOTEBOOK SEM MARCA 
NOTEBOOK NOTEBOOKACER ACER 
REPETIDORA DIGITAL INDEPENDENTE REPETIDORADIGITALINDEPENDENTEEADS__TELECOM EADS/TELECOM HR6005 IDR
CAIXA DE TRANSPORTE TATICA P/ MAT. DE COMUNICACAO CAIXADETRANSPORTETATICAP__MAT_DECOMUNICACAOEADS__TELECOM EADS/TELECOM RSC-01 CAIXA DE TRANSPORTE
CAIXA DE TRANSPORTE TATICA P/ MAT. DE COMUNICACAO CAIXADETRANSPORTETATICAP__MAT_DECOMUNICACAOEADS__TELECOM EADS/TELECOM MSC-01 CAIXA DE TRANSPORTE
APARELHO TELEFONICO ANALOGICO COM 05 FUNCOES APARELHOTELEFONICOANALOGICOCOM05FUNCOESIBRATELE IBRATELE BR 1018
ESTABILIZADOR DE TENSAO COM 3KVA DE POTENCIA E FREQUENCIA 60 ESTABILIZADORDETENSAOCOM3KVADEPOTENCIAEFREQUENCIA60CSINDUSTRIAELETRONICA CS INDUSTRIA ELETRONICA 301 TI (POLUX)
APARELHO DE FAX SIMILE APARELHODEFAXSIMILEBROTHER BROTHER 575
COMPUTADOR TIPO NOTEBOOK COM MALETA COMPUTADORTIPONOTEBOOKCOMMALETAIBM IBM. 1847A65
IMPRESSORA JATO DE TINTA IMPRESSORAJATODETINTAIMPRESSORADESKJET IMPRESSORA DESKJET HP 3535
IMPRESSORA JATO DE TINTA IMPRESSORAJATODETINTAIMPRESSORADESKJET IMPRESSORA DESKJET HP 3920
LEITOR CODIGO DE BARRAS LEITORCODIGODEBARRASMETROLOGIC METROLOGIC VOYAGER
IMPRESSORA MONOCROMATICA IMPRESSORAMONOCROMATICAHP HP 1200 N
CHAVEADOR CHAVEADORTRENDNET TRENDNET 16 PORTAS
TELEFONE SEM FIO GE CORDLESS TELEFONESEMFIOGECORDLESSGECORDLESS900MHZ GE CORDLESS 900 MHZ GE CORDLESS
NOTEBOOK NOTEBOOKTOSHIBA TOSHIBA 
GAVETEIRO PEDESTAL MARFIM GAVETEIROPEDESTALMARFIMBORTOLINI BORTOLINI 
FAC-SIMILE FAC-SIMILEPANASONIC PANASONIC KX-FTA901LA
FAC-SIMILE FAC-SIMILEPANASONIC PANASONIC KX-FT901LA
"GAVETEIRO C/ 04 GAVETAS, MADEIRA MARFIM GAVETEIROC__04GAVETAS MADEIRAMARFIMITALIAOFFICE ITALIA OFFICE GAVETEIRO VOLANTE"
"CADEIRA GIRATORIA COM RODIZIOS, ESPAL MEDIO  CADEIRAGIRATORIACOMRODIZIOS ESPALMEDIO SEM MARCA "
"CADEIRA GIRATORIA COM RODIZIOS, ESPAL MEDIO REVEST TEC AZUL CADEIRAGIRATORIACOMRODIZIOS ESPALMEDIOREVESTTECAZULSTACATTO STACATTO CADEIRA ESTACAO DE TRABALHO"
ARMARIO ALTO C/ PORTAS E PRATELEIRAS ARMARIOALTOC__PORTASEPRATELEIRASITALIAOFFICE ITALIA OFFICE ARMARIO ALTO
"ARMARIO BAIXO, MADEIRA MARFIM PRATELEIRA ARMARIOBAIXO MADEIRAMARFIMPRATELEIRAITALIAOFFICE ITALIA OFFICE ARMARIO BAIXO"
FAC SIMILE FACSIMILEPANASONIC PANASONIC KX-FT902BR
FAC-SIMILE FAC-SIMILEPANASONIC PANASONIC KX-FC971LA
MAQUINA DE CAFE EXPRESSO MAQUINADECAFEEXPRESSOSPIDEM SPIDEM TREVI AUTOMATICA
BLOQUEADOR ANTIFUGA DE PISTA SISTEM PANTOGRAFICO BLOQUEADORANTIFUGADEPISTASISTEMPANTOGRAFICOPOLICE POLICE LZJ-A5
FRAGMENTADORA FRAGMENTADORASECURITY SECURITY PAPER SHREDDER
BINOCULO COM ZOOM DE 10 A 30 C/ ESTOJO BINOCULOCOMZOOMDE10A30C__ESTOJONIKULA NIKULA 
"MONITOR 17 POLEGADAS, COR PRETA E CINZA, TELA PLANA MONITOR17POLEGADAS CORPRETAECINZA TELAPLANASAMSUNG SAMSUNG SYNCMASTER"
"PENTIUM 4 INSIDE, COR PRETA E CINZA, C/ DVD ROM, 2 CAIXAS SO PENTIUM4INSIDE CORPRETAECINZA C__DVDROM 2CAIXASSODELL DELL OPTIPLEX 745"
TRANSCEPTOR PORTATIL TRANSCEPTORPORTATILEADS__TELECOM EADS/TELECOM TR1131
RÁDIO VEICULAR TETRAPOL ESTACAOMOVELEADS__TELECOM EADS/TELECOM RADIO MOVEL PRO-HT6991
CARREGADOR PORTATIL DE BATERIA CARREGADORPORTATILDEBATERIAEADS__TELECOM EADS/TELECOM HR5870 CARREGADOR BAT SIM
CARREGADOR PORTATIL DE BATERIA CARREGADORPORTATILDEBATERIAEADS__TELECOM EADS/TELECOM HR5941 CARREGADOR BAT SIM
CARREGADOR PORTATIL DE BATERIA CARREGADORPORTATILDEBATERIAEADS__TELECOM EADS/TELECOM HR5913 CARREG BAT P/ VIAG
MICROFONE DE MAO MICROFONEDEMAOEADS__TELECOM EADS/TELECOM HR 5975 MICROFONE DE MAO
CARREGADOR PORTATIL DE BATERIA CARREGADORPORTATILDEBATERIAEADS__TELECOM EADS/TELECOM HR5941 CARREGADOR BAT MUL
MICROFONE TIPO VIP MICROFONETIPOVIPEADS__TELECOM EADS/TELECOM HT 6183 MICROFONE TIPO VIP
"HR 7365 BATERIA NIMH 2,3 AH 4,8V HR7365BATERIANIMH2 3AH4 8VEADS__TELECOM EADS/TELECOM HR 7365 BATERIA"
MICROFONE INDUTIVO MICROFONEINDUTIVOEADS__TELECOM EADS/TELECOM HT 6188 MICROFONE INDUTIVO
RADIO FIXO TR 1051 RADIOFIXOTR1051EADS__TELECOM EADS/TELECOM RADIO FIXO TR 1051
RÁDIO VEICULAR TETRAPOL RADIOMOVELPRO-HT6991COMKITDISCRETOEADS__TELECOM EADS/TELECOM RADIO MOVEL PRO-HT6991/A
IMPRESSORA LASER COLOR IMPRESSORALASERCOLORLEXMARK LEXMARK C500N 22R0015
SINALIZADOR VISUAL COM BASE MAGNETICA E VENTOS SINALIZADORVISUALCOMBASEMAGNETICAEVENTOSRONTAN RONTAN RT 19
CENTRAL DE COMUNICACAO INTERNA C/ 06 TELEFONICOS CENTRALDECOMUNICACAOINTERNAC__06TELEFONICOSCONECTA2-8 CONECTA 2-8 2-8
NOTEBOOK NOTEBOOKHP HP 2CA6120P9D
NOTEBOOK NOTEBOOKTOSHIBA TOSHIBA PSAA8U-06300J
NOTEBOOK NOTEBOOKACERASPIRE ACER ASPIRE BL51
NOTEBOOK NOTEBOOKHPPAVILION HP PAVILION DV2000
NOTEBOOK NOTEBOOKACERTRAVELMATE2490 ACER TRAVELMATE 2490 BL50
NOTEBOOK NOTEBOOKACERASPIRE5050 ACER ASPIRE 5050 ZR3
NOTEBOOK NOTEBOOKACERASPIRE5610 ACER ASPIRE 5610 
NOTEBOOK NOTEBOOKACERASPIRE3650 ACER ASPIRE 3650 BL52
FILMADORA DIGITAL FILMADORADIGITALSONY SONY DCRSR60
FILMADORA DIGITAL FILMADORADIGITALSONY SONY DCR-SR88
FILMADORA DIGITAL FILMADORADIGITALPANASONIC PANASONIC NV-GS300
FILMADORA DIGITAL FILMADORADIGITALPANASONIC PANASONIC NV-GS180
FILMADORA DIGITAL FILMADORADIGITALSONY SONY DCR-HC28
FILMADORA DIGITAL FILMADORADIGITALSONY SONY DCR-HC36
FILMADORA DIGITAL FILMADORADIGITALSONY SONY DCRSR82
FILMADORA DIGITAL FILMADORADIGITALSONY SONY DCRHC38
NOTEBOOK NOTEBOOKASUS ASUS BT-183
COMPUTADOR COM MONITOR DELL MOUSE TECLADO COMPUTADORCOMMONITORDELLMOUSETECLADOURMET URMET PC-4000
COMPUTADOR COM MOUSE E TECLADO COMPUTADORCOMMOUSEETECLADOURMET URMET PC-4000
SWITCH SWITCH3COM 3COM 24 PORTAS 32GBPS
LCD 17 LCD17SAMSUNG SAMSUNG 732N PLUS
LDC 17 LDC17SAMSUNG SAMSUNG 732N PLUS
GPS GPSGARMIM GARMIM 76CSX
"MICROCOMP. OPTIPLEX 740 DT, ATHLON 64 X2, 1MB RAM, HD 80GB MICROCOMP_OPTIPLEX740DT ATHLON64X2 1MBRAM HD80GBDELL DELL COMPUTADOR"
"MICROCOMP. OPTIPLEX , ATHLON 64 X2, 1MB RAM, HD 80GB MICROCOMP_OPTIPLEX ATHLON64X2 1MBRAM HD80GBDELL DELL COMPUTADOR"
"MONITOR DE VIDEO LCD DELL 17"" FLAT PANEL E178FPC MONITORDEVIDEOLCDDELL17_FLATPANELE178FPCDELL DELL E178FPC"
ULTRA MICRO CAMERA COM OCULOS ULTRAMICROCAMERACOMOCULOSPOLSEC POLSEC 
LANTERNA RECARREGAVEL TAMANHO GRANDE LANTERNARECARREGAVELTAMANHOGRANDEMEGALITE MEGA LITE GRANDE
GPS MAP GPSMAPMAP MAP 60CSX
SISTEMA MD BPN SISTEMAMDBPNERICSON ERICSON 
TANQUE DE AGUA GELADA CAPACIDADE 500 L TANQUEDEAGUAGELADACAPACIDADE500LSPRINGER SPRINGER 30000
BOMBA CENTRIFUGA DE 1/2 HP CAPACIDADE 14000 L BOMBACENTRIFUGADE1__2HPCAPACIDADE14000LMARK MARK 1703080
"BOMBA DE AGUA GELADA CAPACIDADE 4,5 M3/H 1750 BOMBADEAGUAGELADACAPACIDADE4 5M3__H1750MARK MARK 1703080"
FILMADORA DIGITAL FILMADORADIGITALSONY SONY DCR-DVD105
IMPRESSORA LASER MONOCROMATICA C/ 128MB DE RAM IMPRESSORALASERMONOCROMATICAC__128MBDERAMSAMSUNG SAMSUNG ML-3561ND
"UNIDADE PARA COMUNICACAO DE VOZ/DADOS, POR LINHA TELEFONICA UNIDADEPARACOMUNICACAODEVOZ__DADOS PORLINHATELEFONICACEPESC CEPESC TSG"
ESTABILIZADOR DE TENSAO ESTABILIZADORDETENSAOGRSAVAGE GR SAVAGE COMPACT MARK II
"ESTABILIZADOR DE TENSAO DE 1KVA, ENTRADA 220 SAIDA 110V ESTABILIZADORDETENSAODE1KVA ENTRADA220SAIDA110V SEM MARCA "
ESTABILIZADOR DE TENSAO DE 1KVA ESTABILIZADORDETENSAODE1KVA SEM MARCA 
"ESTABILIZADOR DE TENSAO DE 1KVA, ENTRADA 220 SAIDA 110V ESTABILIZADORDETENSAODE1KVA ENTRADA220SAIDA110VENERMAX ENERMAX EX 1000 T"
"ESTABILIZADOR DE TENSAO ENTRADA BINOLT SAIDA 115V,C/04 TOMAD ESTABILIZADORDETENSAOENTRADABINOLTSAIDA115V C__04TOMADTRANSFORMER TRANSFORMER M-940"
ESTABILIZADOR DE TENSAO ENTRADA BINOLT SAIDA 115V. ESTABILIZADORDETENSAOENTRADABINOLTSAIDA115V_ SEM MARCA 
ESTABILIZADOR DE TENSAO C/LED C/04 TOMADA VOLTAGEM 220/220 ESTABILIZADORDETENSAOC__LEDC__04TOMADAVOLTAGEM220__220 SEM MARCA 
ESTABILIZADOR DE TENSAO C/LED C/04 TOMADA VOLTAGEM 220/220 ESTABILIZADORDETENSAOC__LEDC__04TOMADAVOLTAGEM220__220SENSE SENSE 
ESTABILIZADOR DE TENSAO C/LED C/04 TOMADA VOLTAGEM 220/220 ESTABILIZADORDETENSAOC__LEDC__04TOMADAVOLTAGEM220__220SMS SMS 
ESTABILIZADOR DE TENSAO C/LED C/04 TOMADA VOLTAGEM 115/220 ESTABILIZADORDETENSAOC__LEDC__04TOMADAVOLTAGEM115__220ENERMAX ENERMAX EXXA PERSONAL PLUS
"ESTABILIZADOR DE TENSAO, BIVOLT, AUTOMATICO ESTABILIZADORDETENSAO BIVOLT AUTOMATICOSMS SMS PROGRESSIVE"
"ESTABILIZADOR DE TENSAO, BIVOLT, AUTOMATICO ESTABILIZADORDETENSAO BIVOLT AUTOMATICOSMS SMS, PERSONAL PLUX ENERMAX"
ESTABILIZADOR DE TENSAO ESTABILIZADORDETENSAO SEM MARCA 
ESTABILIZADOR DE TENSAO ESTABILIZADORDETENSAOSMS SMS 
"ESTABILIZADOR DE TENSAO ESTABILIZADORDETENSAOSMS SMS PROGRESSIVE UAP4,0"
MONITOR DE 17 POL. TELA PLANA MONITORDE17POL_TELAPLANA SEM MARCA 
MICROCOMPUTADOR MICROCOMPUTADOR SEM MARCA 
MONITOR DE 17 POL. MONITORDE17POL_ DELL 
MONITOR DE 17 POL. MONITORDE17POL_SANSUNG SANSUNG 
MICROCOMPUTADOR PENTIUM IV MICROCOMPUTADORPENTIUMIVNOVADATA NOVADATA 
SWITCH 24 PORTAS SWITCH24PORTAS3COM 3COM SWT 3300XM
MESA P/ SECRETARIA C/02 GAVETAS MESAP__SECRETARIAC__02GAVETAS SEM MARCA 
"CADEIRA DIALOGO,ESPALDAR MEDIO,BRACOS FIXO. CADEIRADIALOGO ESPALDARMEDIO BRACOSFIXO_FLEXFORM FLEXFORM CADEIRA DIALOGO"
"ARMARIO 2 PORTAS,COR MARFIM,0.80X1.80M ARMARIO2PORTAS CORMARFIM 0_80X1_80MTRESS TRES S COM PRATELEIRAS"
"ARMARIO 2 PORTAS COM MARFIM, 0.80X1.80M ARMARIO2PORTASCOMMARFIM 0_80X1_80MTRESS TRES S COM PRATELEIRAS"
"ARMARIO MIXTO, 2 PORTAS, 1 DIVISORIA ARMARIOMIXTO 2PORTAS 1DIVISORIATRESS TRES S "
CADEIRA COM ASSENTO GIRATORIO E RODIZIOS CADEIRACOMASSENTOGIRATORIOERODIZIOSTRESS TRES S SEM BRACOS
CADEIRA COM ASSENTO GIRATORIO E RODIZIOS CADEIRACOMASSENTOGIRATORIOERODIZIOS SEM MARCA COM BRACOS
CADEIRA COM ASSENTO GIRATORIO E RODIZIOS CADEIRACOMASSENTOGIRATORIOERODIZIOS SEM MARCA 
GAVETEIRO MOVEL C/3 GAVETAS GAVETEIROMOVELC__3GAVETASTRESS TRES S 
"MESA DE  6 LUGARES,ESTRUT.METAL., 1.10X2.40M MESADE6LUGARES ESTRUT_METAL_ 1_10X2_40M SEM MARCA "
"MESA RETANGULAR,ESTRUT. METAL.,0.60X1.20M MESARETANGULAR ESTRUT_METAL_ 0_60X1_20MTRESS TRES S C/TAMPO EM MARFIM"
"SUPORTE P/ CPU, COR MARFIM SUPORTEP__CPU CORMARFIMTRESS TRES S "
CADEIRA COM ASSENTO  SEM RODIZIOS CADEIRACOMASSENTOSEMRODIZIOS S/M SEM BRACOS
GAVETEIRO MOVEL COM 03 GAVETAS GAVETEIROMOVELCOM03GAVETASTRESS TRES S 
GAVETEIRO MOVEL COM 03 GAVETAS GAVETEIROMOVELCOM03GAVETASTRESM TRES M 
CADEIRA COM ASSENTO GIRATORIO SEM BRACO CADEIRACOMASSENTOGIRATORIOSEMBRACOBELLA BELLA 
CADEIRA COM ASSENTO GIRATORIO SEM BRACO CADEIRACOMASSENTOGIRATORIOSEMBRACO SEM MARCA 
CADEIRA GIRATORIA REVESTIDA C/ BRACOS E RODIZIOS CADEIRAGIRATORIAREVESTIDAC__BRACOSERODIZIOSMODLINE MODLINE 
"ESTACAO TRABALHO, COR MARFIM, 1.40X1.20M ESTACAOTRABALHO CORMARFIM 1_40X1_20MMODLINE MODLINE "
NOTEBOOK HP C GRAV. LEITORA DE DVD MOUSE OPTICOE BOLSA TRAB. NOTEBOOKHPCGRAV_LEITORADEDVDMOUSEOPTICOEBOLSATRAB_HP HP 6515B
TOCA CD DE CARRO TOCACDDECARROPIONNER PIONNER DEH-P4850MP
RADIO TOCA CD RADIOTOCACDPOWERPACK POWER PACK CPX-3200
COMPUTADOR COM MONITOR E TECLADO COMPUTADORCOMMONITORETECLADOCLONE CLONE 
CADEIRA CADEIRA SEM MARCA 
"FIXA SEM BRAÇO,COR AZUL FIXASEMBRACO CORAZUL SEM MARCA "
IMPRESSORA JATO DE TINTA IMPRESSORAJATODETINTAHP HP C3180
IMPRESSORA LASER IMPRESSORALASERHP HP 2600N
IMPRESSORA LASER IMPRESSORALASERHP HP 1005
FRAGMENTADORA   DE PAPEL FRAGMENTADORADEPAPELSECRETA SECRETA SEC 15C
ESTABILIZADOR ESTABILIZADOR SEM MARCA 
MESA TIPO BANCADA MESATIPOBANCADA SEM MARCA 
"ARMARIO DE ACO,COM 2 PORTAS  ARMARIODEACO 2PORTAS SEM MARCA "
ESTANTE DE ACO ESTANTEDEACO SEM MARCA 
GRAVADORA DE MIDIA CD-ROM LIGHT SCRIBE GRAVADORADEMIDIACD-ROMLIGHTSCRIBELIGHTSCRIBE LIGHT SCRIBE 
TELEFONE SEM FIO TELEFONESEMFIOPANASONIC PANASONIC 
"CADEIRA GIRAT C/RODIZ,ESPAL MEDIO,REVEST,TEC AZUL,C/BRACOS CADEIRAGIRATC__RODIZ ESPALMEDIO REVEST TECAZUL C__BRACOSSTACATTO STACATTO CADEIRA ESTACAO DE TRABALHO"
"SERVIDOR POWEREDGE DELL 2900, 2 PROC 2,33 8GB CABOS/MANUAI SERVIDORPOWEREDGEDELL2900 2PROC2 338GBCABOS__MANUAIDELL DELL ECM01"
"SERVIDOR POWEREDGE DELL 2900, 2 PROC 2,33 8GB CABOS/MANUAI SERVIDORPOWEREDGEDELL2900 2PROC2 338GBCABOS__MANUAIDELL DELL POWEREDGE DELL 2900"
MITSUBISHI L200 VEICULOL2004X4C__4GL2_5LCORVERDEPANTANALMITSUBISHI MITSUBISHI PICK-UP
"CADEIRA GIRAT C/RODIZ,ESPAL MEDIO,REVEST,TEC AZUL,C/BRA FIXO CADEIRAGIRATC__RODIZ ESPALMEDIO REVEST TECAZUL C__BRAFIXOSTACATTO STACATTO CADEIRA REUNIAO"
"MESA AUXILIAR, AGLOMERADO. MESAAUXILIAR AGLOMERADO_ SEM MARCA MESA"
"MESA AUXILIAR, AGLOMERADO, 1.20X0.80, MARFIM MESAAUXILIAR AGLOMERADO 1_20X0_80 MARFIMITALIAOFFICE ITALIA OFFICE MESA AUXILIAR"
"GAVETEIRO C/ 4 GAVETAS, MADEIRA, 0.45X0.50X0.60, MARFIM GAVETEIROC__4GAVETAS MADEIRA 0_45X0_50X0_60 MARFIMITALIAOFFICE ITALIA OFFICE GAVETEIRO VOLANTE"
BINOCULO LONGO ALCANCE PRETO C/ MALETA BINOCULOLONGOALCANCEPRETOC__MALETACELESTRON CELESTRON SKYMASTER 25X100 PN-1017
"NOTEBOOK 80GB,14"",DVDRW,C/MOUSE OPTICO E MALETA NOTEBOOK80GB 14_ DVDRW C__MOUSEOPTICOEMALETALENOVO LENOVO TP R61"
"CAMA TIPO BELICHE EM MADEIRA COR MOGNO, MED 188X78 COM ESCAD CAMATIPOBELICHEEMMADEIRACORMOGNO MED188X78COMESCADVIANAMOVEIS VIANA MOVEIS "
ESCRIVANINHA PARA MICRO ESCRIVANINHAPARAMICRO SEM MARCA 7556
ESCRIVANINHA PARA IMPRESSORA ESCRIVANINHAPARAIMPRESSORA SEM MARCA 7557
MESA DE MADEIRA MESADEMADEIRAFORENSE FORENSE 
"POLTRONA C/ RODIZIOS,ESPALDAR MEDIO,ESTOFAMENTO TECIDO POLTRONAC__RODIZIOS ESPALDARMEDIO ESTOFAMENTOTECIDO SEM MARCA "
"MESA EM MADEIRA DE LEI, LOURO CLARO, 3 GAVERTAS C. FECHADURA MESAEMMADEIRADELEI LOUROCLARO 3GAVERTASC_FECHADURASALMO SALMO "
CADEIRA D/ESCRIT.SEC.GIRATORIA C/ ROD.REVEST. EM TECIDO AZUL CADEIRAD__ESCRIT_SEC_GIRATORIAC__ROD_REVEST_EMTECIDOAZULMARTINUCCI MARTINUCCI CADEIRA
"SWITCHES GIGABITEETERNET 8 PORTAS, PEQUENO PORTE SWITCHESGIGABITEETERNET8PORTAS PEQUENOPORTE3COM 3COM "
SWITCHES 8 PORTAS NWAY SWITCH SWITCHES8PORTASNWAYSWITCHENCORE ENCORE 
"SWITCHES GIGABITEETERNET 48 PORTAS, MEDIO PORTE SWITCHESGIGABITEETERNET48PORTAS MEDIOPORTE3COM 3COM "
PLASTIFICADORA PL 32 PLASTIFICADORAPL32MENNO MENNO 
LEITOR DE CODIGO DE BARRAS LEITORDECODIGODEBARRASBEMATECH BEMATECH BR310
GUILHOTINA 420 GUILHOTINA420MENNO MENNO 
FRAGMENTADORA P/ 15 FLS FRAGMENTADORAP__15FLSMENNO MENNO 15C
FRAGMENTADORA P/ 15 FLS FRAGMENTADORAP__15FLSMENNO MENNO 1
SCANER SCANERHP HP G2410
"ESCRIVANINHA EXECUTIVO, LOURO CLARO C/ 3 GAV ESCRIVANINHAEXECUTIVO LOUROCLAROC__3GAV SEM MARCA B-201"
"ARQUIVO, LOURO CLARO C/ 3 GAV P/ PASTAS SUSP ARQUIVO LOUROCLAROC__3GAVP__PASTASSUSP SEM MARCA "
ESCRIVANINHA EXECUTIVO LOURO CLARO C/ 3 GAV ESCRIVANINHAEXECUTIVOLOUROCLAROC__3GAV SEM MARCA B-201
"ESTANTE ALTA, LOURO CLARO ESTANTEALTA LOUROCLARO SEM MARCA "
ARQUIVO LOURO CLARO C/4 GAV P PASTAS SUSP ARQUIVOLOUROCLAROC__4GAVPPASTASSUSP SEM MARCA BAR 2
GAVETEIRO VOLANTE C/ 3 GAVETAS 420X575XX570CM MADEIRA GAVETEIROVOLANTEC__3GAVETAS420X575XX570CMMADEIRA SEM MARCA 
GAVETEIRO VOLANTE C/ 3 GAVETAS 420X575XX570CM MADEIRA GAVETEIROVOLANTEC__3GAVETAS420X575XX570CMMADEIRAALBERTFLEX ALBERTFLEX AT GV3
"EM MADEIRA, COMP. REV. POST FORMICA C/ 3 GAVETAS EMMADEIRA COMP_REV_POSTFORMICAC__3GAVETASFRAN FRAN "
"EM MADEIRA, COMP. REV. POST FORMICA C/ 3 GAVETAS EMMADEIRA COMP_REV_POSTFORMICAC__3GAVETASFRAN FRAN PADRAO"
MESA PARA COMPUTADOR EM POST FORMICA C/ 3 GAVETAS MESAPARACOMPUTADOREMPOSTFORMICAC__3GAVETASFRAN FRAN PADRAO
ARMARIO COM 4 GAVETAS ARMARIOCOM4GAVETAS SEM MARCA ARMARIO
CADEIRA GIRATORIA C/ BRACOS REGULAVEIS REVEST TECIDO AZUL CADEIRAGIRATORIAC__BRACOSREGULAVEISREVESTTECIDOAZULFLEXFORM FLEXFORM GIRAT
"POLTRONA FIXA, ESP MEDIO, COM BRACOS, REVEST TECIDO AZUL POLTRONAFIXA ESPMEDIO COMBRACOS REVESTTECIDOAZULFLEXFORM FLEXFORM GIRAT"
"CADEIRA FIXA, SEM BRACOS,COR MARROM CADEIRAFIXA SEMBRACOS CORMARROM S/M "
"POLTRONA GIRAT COM BRACOS, ESP MEDIO, REVEST EM TECIDO AZUL POLTRONAGIRATCOMBRACOS ESPMEDIO REVESTEMTECIDOAZULFLEXFORM FLEXFORM GIRAT"
"CADEIRA GIRAT, COM BRACOS REGULAVEIS, REVEST EM TECIDO AZUL CADEIRAGIRAT COMBRACOSREGULAVEIS REVESTEMTECIDOAZULFLEXFORM FLEXFORM DIGITADOR"
"POLTRONA FIXA, ESP MEDIO, COM BRACOS REVEST TECIDO AZUL POLTRONAFIXA ESPMEDIO COMBRACOSREVESTTECIDOAZULFLEXFORM FLEXFORM FIXA"
"POLTRONA GIRAT, COM BRACOS REGU, COM RODIZIOS, REVEST AZUL POLTRONAGIRAT COMBRACOSREGU COMRODIZIOS REVESTAZULVENUSMETALLINEA VENUS METALLINEA POLTRONA GIRATORIA"
POLTRONA GIRATORIA COM RODIZIOS E BRACOS POLTRONAGIRATORIACOMRODIZIOSEBRACOSACCADEMIA ACCADEMIA POLTRONA DIALOGO
"CADEIRA DE ESTACAO DE TRABALHO,ESPALDAR MEDIO,BRACOS REGUL. CADEIRADEESTACAODETRABALHO ESPALDARMEDIO BRACOSREGUL_ACCADEMIA ACCADEMIA CADEIRA PARA ESTACAO"
"CADEIRA GIRAT COM RODIZIOS,ESPAL MEDIO,BRACOS FIXOS,TEC AZUL CADEIRAGIRATCOMRODIZIOS ESPALMEDIO BRACOSFIXOS TECAZULACCADEMIA ACCADEMIA CADEIRA DE DIALOGO"
"CADEIRA DE DIALOGO GIRATORIA,ESPALDAR MEDIO,BRACOS REGULAVEI CADEIRADEDIALOGOGIRATORIA ESPALDARMEDIO BRACOSREGULAVEIACCADEMIA ACCADEMIA CADEIRA DE DIALOGO"
"CADEIRA GIRATORIA C/RODIZIOS,ESPAL MEDIO,REVEST,TEC AZUL CADEIRAGIRATORIAC__RODIZIOS ESPALMEDIO REVEST TECAZULSTACATTO STACATTO CADEIRA ESTACAO DE TRABALHO"
"CADEIRA GIRAT C/RODIZ,ESPAL MEDIO,REVEST,TEC AZUL C/BRA FIXO CADEIRAGIRATC__RODIZ ESPALMEDIO REVEST TECAZULC__BRAFIXOSTACATTO STACATTO CADEIRA DE REUNIAO"
"CADEIRA GIRAT C/RODIZ,ESPAL MEDIO,REVEST,TEC AZUL C/BRA FIXO CADEIRAGIRATC__RODIZ ESPALMEDIO REVEST TECAZULC__BRAFIXOSTACATTO STACATTO CADEIRA REUNIAO"
"POLTRONA FIXA ESPAL MEDIO, REVEST, TECIDO AZUL POLTRONAFIXAESPALMEDIO REVEST TECIDOAZULFLEXFORM FLEXFORM POLTRONA INTERLOCUTOR"
"CADEIRA GIRAT,COM BRACOS REGULAVEIS,REVEST EM TECIDO AZUL CADEIRAGIRAT COMBRACOSREGULAVEIS REVESTEMTECIDOAZULALBERFLEX ALBERFLEX GIRAT"
"POLTRONA DE DIALOGO C/ ESPALDAR MEDIO, BRACOS, GIRAT, ROD POLTRONADEDIALOGOC__ESPALDARMEDIO BRACOS GIRAT RODTECNO2000 TECNO2000 POLTRONA GIRATORIA"
CADEIRA GIRATORIA CADEIRAGIRATORIA SEM MARCA 
CADEIRA GIRATORIA P/ DATILOGRAFO S/ BRACOS CADEIRAGIRATORIAP__DATILOGRAFOS__BRACOS SEM MARCA 
"ARMARIO DE ACO,COM 2 PORTAS ARMARIODEACO COM2PORTAS SEM MARCA "
AR CONDICIONADO HIWALL LG 24.000 F 220V ARCONDICIONADOHIWALLLG24_000F220VLG LG 
NOTEBOOK NOTEBOOKASUS ASUS EEE PC 4G
NOTEBOOK NOTEBOOKHPPAVILION HP PAVILION DX6500
NOTEBOOK NOTEBOOKASUS ASUS EEEPC2G SURF
NOTEBOOK NOTEBOOKACER ACER ASPIRE 5315-2142
NOTEBOOK NOTEBOOKACER ACER ASPIRE 5315-2153
NOTEBOOK NOTEBOOKTOSHIBA TOSHIBA SATELLITE A200-TR4
NOTEBOOK NOTEBOOKHP HP PAVILION DV6700
NOTEBOOK SATELLITE NOTEBOOKSATELLITETOSHIBA TOSHIBA 
NOTEBOOK NOTEBOOKACER ACER 5715
NOTEBOOK NOTEBOOKHP HP PAVILION DV9500
NOTEBOOK NOTEBOOKHP HP PAVILION DV2500
NOTEBOOK NOTEBOOKVAIO VAIO PCG-5K1L
NOTEBOOK NOTEBOOKHP HP DV2000
FAC-SIMILE FAC-SIMILESHARP SHARP VX-P200
FAC-SIMILE FAC-SIMILESHARP SHARP UX-P200
GPS GPSBOOSTER BOOSTER BNAV 9350 MP4
CAFETEIRA ELETRICA CAFETEIRAELETRICA SEM MARCA UNISSEL
"SCANNER DIGITAL DE MESA, CAP 50 PAG PAPEL COMUM SCANNERDIGITALDEMESA CAP50PAGPAPELCOMUMHP HP SCANJET 5590"
APARELHO DE AR CONDICIONADO 1800 BTUS APARELHODEARCONDICIONADO1800BTUSSAMSUNG SAMSUNG TIPO JANELA
APARELHO DE AR CONDICIONADO 1800 BTUS APARELHODEARCONDICIONADO1800BTUSCONSUL CONSUL TIPO JANELA
APARELHO DE AR CONDICIONADO 2100 BTUS APARELHODEARCONDICIONADO2100BTUSCONSUL CONSUL TIPO JANELA
APARELHO DE AR CONDICIONADO 1800 BTUS APARELHODEARCONDICIONADO1800BTUSELGIN ELGIN TIPO JANELA
ROTULADORA ELETRONICA ROTULADORAELETRONICABROTHER BROTHER PT-70
MICROCOMPUTADOR DE MESA C/CD-RW/DVD-ROM (COMBO) MICROCOMPUTADORDEMESAC__CD-RW__DVD-ROM_COMBO_DELL DELL DCSM
COMPUTADOR DE MESA C/CD-RW/DVD-ROM (COMBO) COMPUTADORDEMESAC__CD-RW__DVD-ROM_COMBO_DELL DELL DCSM
"IMPRESSORA, FAX, SCANNER, COPIADORA HP 4355 IMPRESSORA FAX SCANNER COPIADORAHP4355HP HP Q8091A"
"IMPRESSORA, FAX, SCANNER, COPIADORA HP 3050 IMPRESSORA FAX SCANNER COPIADORAHP3050HP HP Q6504A"
MONITOR LCD 15 POLEGADAS MONITORLCD15POLEGADASHP HP L156V
"COMPUTADOR, PROCES. AMD 2.0 DUAL CORE, HD 80, MEM. 2GB COMPUTADOR PROCES_AMD2_0DUALCORE HD80 MEM_2GBHP HP DC5750"
"FAX A LASER, MEMOR. 2MB, BANDEJA P/ 200 FLS 110/220 V FAXALASER MEMOR_2MB BANDEJAP__200FLS110__220VBROTHER BROTHER INTELLIFAX-2820"
"PORTA TELEFONE, LOURO CLARO C/ NICHO P/ LISTA PORTATELEFONE LOUROCLAROC__NICHOP__LISTA SEM MARCA BF-50"
ESCRIVANINHA EXECUTIVO C/TAMPO ESCRIVANINHAEXECUTIVOC__TAMPO SEM MARCA 
ARMARIO LOURO CLARO C/ 3 PORTAS DE ABRIR ARMARIOLOUROCLAROC__3PORTASDEABRIR SEM MARCA 
MESA DE MADEIRA REVESTIDA FORMICA BRANCA MESADEMADEIRAREVESTIDAFORMICABRANCA SEM MARCA 
MESA DE MADEIRA COM TAMPO EM FORMICA MESADEMADEIRACOMTAMPOEMFORMICA SEM MARCA 
ARMARIO ALTO LOURO CLARO C/ PORTAS DE ABRIR ARMARIOALTOLOUROCLAROC__PORTASDEABRIR SEM MARCA 
MESA LOUTO CLARO MESALOUTOCLAROCIMPLA CIMPLA 
ARMARIO ABERTO ARMARIOABERTO SEM MARCA A-1
MESA EM MADEIRA DE LEI MACICA MESAEMMADEIRADELEIMACICA SEM MARCA 
ARMARIO MODULADO ARMARIOMODULADOMAINLINE MAINLINE A-2
ARMARIO ALTO LOURO CLARO 910 X 500 X 1600 MM ARMARIOALTOLOUROCLARO910X500X1600MMSALMO SALMO AAPC-A
"P/DIGITADOR,ASSENT.GIRAT.C/RODIZIO,ESTOF.TECIDO AZUL/BRANCO P__DIGITADOR ASSENT_GIRAT_C__RODIZIO ESTOF_TECIDOAZUL__BRANCOALBERFLEX ALBERFLEX LD CGR 03.02/BR"
MESA PARA ESTAÇÃO DE TRABALHO MESAPARAESTACAOTRABALHO S/M 
"CADEIRA DE ESCRIT., ERGON., GIR., C/BR, C/RDZ, EM TEC AZUL CADEIRADEESCRIT_ ERGON_ GIR_ C__BR C__RDZ EMTECAZULNIFLEX NIFLEX ERGONOMICA"
MESA DE ESCRITORIO MESADEESCRITORIO SEM MARCA 
"GIRATORIA, C/BRACOS, RODIZIO, TECIDO AZUL GIRATORIA C__BRACOS RODIZIO TECIDOAZULUNIFLEX UNIFLEX CADEIRA"
"POLTRONA GIRAT ESP MEDIO, COM BRACOS, REV TECIDO AZUL POLTRONAGIRATESPMEDIO COMBRACOS REVTECIDOAZULFLEXFORM FLEXFORM GIRAT"
CADEIRA GIRAT COM BRACOS REGUL REVEST EM TECIDO AZUL CADEIRAGIRATCOMBRACOSREGULREVESTEMTECIDOAZULFLEXFORM FLEXFORM GIRAT
MESA PARA IMPRESSORA NA COR BRANCA COM BASE DE FERRO MESAPARAIMPRESSORANACORBRANCACOMBASEDEFERRO SEM MARCA 
"CADEIRA GIRAT C/RODIZ,ESPAL MEDIO,REVEST,TEC AZUL,C/ BRACOS CADEIRAGIRATC__RODIZ ESPALMEDIO REVEST TECAZUL C__BRACOSSTACATTO STACATTO CADEIRA ESTACAO DE TRABAL"
"POLTRONA GIRAT C/BRACOS REGULAVEIS,RODIZIOS,REVEST,TEC AZUL POLTRONAGIRATC__BRACOSREGULAVEIS RODIZIOS REVEST TECAZULFLEXFORM FLEXFORM POLTRONA GIRATORIA"
FAC-SIMILE PAPEL TERMICO FAC-SIMILEPAPELTERMICOPANASONIC PANASONIC KX-FT93
FOGAO A GAS 06 BOCAS FOGAOAGAS06BOCASCONSUL CONSUL CF376
MICROONDAS FORNOMICROONDASBRCONSUL CONSUL CMS40
CLAVICULARIO MOLDURA DE ALUMINIO MEDINDO 52/46 100 CHAVES CLAVICULARIOMOLDURADEALUMINIOMEDINDO52__46100CHAVESPREMIUM PREMIUM PORTA DE VIDRO
RELOGIO DATADOR PROTOCOLO RELOGIODATADORPROTOCOLODIMEP DIMEP HORODAT
DESCANSO DE PES DESCANSODEPESMODILAC MODILAC 45X30
ESTANTE METALICA CINZA ESTANTEMETALICACINZANOBREMOVEIS NOBREMOVEIS PRATELEIRA
ESCRIVANINHA EXECUTIVO LOURO CLARO 03 GAV ESCRIVANINHAEXECUTIVOLOUROCLARO03GAV SEM MARCA 
CADEIRA INTERLOCUTOR COURO PRETO PES EM INOX ESPALDAR BAIXO CADEIRAINTERLOCUTORCOUROPRETOPESEMINOXESPALDARBAIXOCLASSICADESIGN CLASSICA DESIGN BENO
SOFA 02 LUGARES PES EM INOX COURO SINTETICO PRETO SOFA02LUGARESPESEMINOXCOUROSINTETICOPRETOCLASSICADESIGN CLASSICA DESIGN LE CORBUSIER
SOFA 03 LUGARES PES EM INOX COURO SINTETICO PRETO SOFA03LUGARESPESEMINOXCOUROSINTETICOPRETOCLASSICADESIGN CLASSICA DESIGN LE CORBUSIER
SOFA 03 LUGARES EM INOX COURO SINTETICO PRETO SOFA03LUGARESEMINOXCOUROSINTETICOPRETOCLASSICADESIGN CLASSICA DESIGN LE CORBUSIER
PURIFICADOR DE AGUA 220V NATURAL GELADA FIXO BRANCO E AZUL PURIFICADORDEAGUA220VNATURALGELADAFIXOBRANCOEAZULELETROLUX ELETROLUX ACGUAFLEX
SINALIZADOR AUTOMOTIVO PARA SER FIXO NO TETO SINALIZADORAUTOMOTIVOPARASERFIXONOTETORONTAN RONTAN RT 19
MICROCOMPUTADOR THINKCENTRE INTELC2D/4GB/HD160GB/VISTABZ MICROCOMPUTADORTHINKCENTREINTELC2D__4GB__HD160GB__VISTABZLENOVO LENOVO M57P
MONITOR LCD 19 POLEGADS MONITORLCD19POLEGADSAOC AOC 912VWA
MONITOR LCD 19 POLEGADAS MONITORLCD19POLEGADASAOC AOC 912 VWA
"COM RODIZIOS, COURO, PRETA COMRODIZIOS COURO PRETAFLEXFORM FLEXFORM ESTACAO DE TRABALHO"
GAVETEIRO VOLANTE C/ 3 GAVETAS MEDIAS E 1 RASA GAVETEIROVOLANTEC__3GAVETASMEDIASE1RASAVOLANTE VOLANTE 
MICROCOMPUTADOR 2.4GHZ P4 PRO 256MB 80G 110/220 TEC/MOU/CSOM MICROCOMPUTADOR2_4GHZP4PRO256MB80G110__220TEC__MOU__CSOMBITWAY BITWAY P4 PRO 2.4 GHZ
"MONITOR DE VIDEO TELA PLANA 17"" RES 1280X1024 MONITORDEVIDEOTELAPLANA17_RES1280X1024SAMSUNG SAMSUNG SYNCMASTER 794MB"
"MONITOR DE VIDEO TELA PLANA 17"" RES 1280X1024 MONITORDEVIDEOTELAPLANA17_RES1280X1024SAMSUNG SAMSUNG SYNCMASTER"
"FIXA, COURO, PRETA FIXA COURO PRETAFLEXFORM FLEXFORM RECEPCIONISTA"
"COM RODIZIOS, COURO, PRETA COMRODIZIOS COURO PRETAFLEXFORM FLEXFORM CHEFIA"
"FIXA, COURO, PRETA FIXA COURO PRETAFLEXFORM FLEXFORM INTERLOCUTOR"
"FIXA, COURO, PRETA FIXA COURO PRETAFLEXFORM FLEXFORM "
"ANALOGICO C/FIO, IDENTIF. DE CHAMADAS E VIVAVOZ. ANALOGICOC__FIO IDENTIF_DECHAMADASEVIVAVOZ_MULTITOC MULTITOC "
"ANALOGICO S/FIO, IDENTIF. DE CHAMADAS E VIVAVOZ. ANALOGICOS__FIO IDENTIF_DECHAMADASEVIVAVOZ_MULTITOC MULTITOC "
"EM MADEIRA, BAIXO, C/ 1 PRATELEIRA. EMMADEIRA BAIXO C__1PRATELEIRA_GRIF GRIF "
"EM MADEIRA, ALTO, C/ 3 PRATELEIRA. EMMADEIRA ALTO C__3PRATELEIRA_GRIF GRIF "
"EM MADEIRA, C/ 3 GAVETAS MEDIAS E 1 RASA. EMMADEIRA C__3GAVETASMEDIASE1RASA_GRIF GRIF "
"EM MADEIRA, EM L BP ERGO / FITA 3MM C/ PASSA CABO. EMMADEIRA EMLBPERGO__FITA3MMC__PASSACABO_GRIF GRIF "
MESA DE REUNIÃO OVALADA MESADEREUNIAOOVALADA GRIF 
"EM MADEIRA, ALTO C/ 4 PASTA TRAV. SIMULTANEO. EMMADEIRA ALTOC__4PASTATRAV_SIMULTANEO_GRIF GRIF "
"EM MADEIRA, EM L C/ GOTA BP ERGO/FITA 3 MM - DIREITA. EMMADEIRA EMLC__GOTABPERGO__FITA3MM-DIREITA_GRIF GRIF "
"EM MADEIRA, EM L C/ GOTA BP ERGO/FITA 3 MM - ESQ EMMADEIRA EMLC__GOTABPERGO__FITA3MM-ESQ_GRIF GRIF "
"EM MADEIRA, EM L C/ GOTA BP ERGO/FITA 3 MM - ESQUERDA. EMMADEIRA EMLC__GOTABPERGO__FITA3MM-ESQUERDA_GRIF GRIF "
"EM MADEIRA, SEMI-OVAL BP ERGO. EMMADEIRA SEMI-OVALBPERGO_GRIF GRIF "
CAP 27 LTS PRATO GIRATORIO 950 W BRANCO CAP27LTSPRATOGIRATORIO950WBRANCOCCE CCE 27 LTS
450 LTS DUAS PORTAS BRANCA 450LTSDUASPORTASBRANCAELETROLUX ELETROLUX DUPLEX
"EM MADEIRA, P/ FUZIS, COLETES E MUNICAO. EMMADEIRA P__FUZIS COLETESEMUNICAO_TECNO2000 TECNO2000 "
"EM MADEIRA, P/ ARMAS LONGAS. EMMADEIRA P__ARMASLONGAS_TECNO2000 TECNO2000 "
"EM MADEIRA, P/ METRALHADORAS E MUNICAO. EMMADEIRA P__METRALHADORASEMUNICAO_TECNO2000 TECNO2000 "
"EM MADEIRA, P/ METRALHADORAS E ESCUDOS. EMMADEIRA P__METRALHADORASEESCUDOS_TECNO2000 TECNO2000 "
"EM MADEIRA, P/ CACETETES/PISTOLAS/CAPACETES. EMMADEIRA P__CACETETES__PISTOLAS__CAPACETES_TECNO2000 TECNO2000 "
"EM MADEIRA, P/ PASSAPORTES. EMMADEIRA P__PASSAPORTES_TECNO2000 TECNO2000 "
"EM MADEIRA, P/ 240 CHAVES. EMMADEIRA P__240CHAVES_TECNO2000 TECNO2000 "
"EM MADEIRA, C/ 10 PORTAS. EMMADEIRA C__10PORTAS_TECNO2000 TECNO2000 "
EM MADEIRA. EMMADEIRA_TECNO2000 TECNO2000 
"EM MADEIRA, P/ PROTOCOLO. EMMADEIRA P__PROTOCOLO_TECNO2000 TECNO2000 "
"MESA EM L, MADEIRA, FITA 3MM C/ 3 PASSA CABO - DIR MESAEML MADEIRA FITA3MMC__3PASSACABO-DIRGRIF GRIF "
"EM MADEIRA, BAIXO C/ 1 PRATELEIRA. EMMADEIRA BAIXOC__1PRATELEIRA_GRIF GRIF "
NO BREAK C/ TRANSFORMADOR ABL NOBREAKC__TRANSFORMADORABLZANDONI ZANDONI 
MICROCOMPUTADOR COM PLACA PARA SCANNER MICROCOMPUTADORCOMPLACAPARASCANNERHP HP DESKTOP
"MONITOR DE VIDEO 19"" MONITORDEVIDEO19_COMPAQ COMPAQ MONITOR"
SCANNER DE COMUNICACAO SCANNERDECOMUNICACAOEPSON EPSON EPSON 1680
IMPRESSORA DE DADOS IMPRESSORADEDADOSHP HP HP4600DN
HUB (SWITCH)MICRO HUB_SWITCH_MICRO3COM 3COM 24 PORTAS
CADEIRA GIRATORIA ESPALDAR MEDIO C/ RODIZIOS  CADEIRAGIRATORIAESPALDARMEDIOC__RODIZIOS FERGO CADEIRA ESPALDAR MEDIO
LEITOR DE TARJA MAGNETICA 3 TRILHAS LEITORDETARJAMAGNETICA3TRILHASIDTECH IDTECH IDT-3331-33U
"NO-BREAK POTENCIA 3,0 KVA 220V NO-BREAKPOTENCIA3 0KVA220VKVA KVA KNS 3000-BS"
MICROCOMPUTADOR TIPO NOTEBOOK MICROCOMPUTADORTIPONOTEBOOKTOSHIBA TOSHIBA SATELLITE M35X - S111
COMPUTADOR PESSOAL TIPO NOTEBOOK COMPUTADORPESSOALTIPONOTEBOOKTOSHIBA TOSHIBA SAT-A70-S249
COMPUTADOR PESSOAL TIPO NOTEBOOK COMPUTADORPESSOALTIPONOTEBOOKHPPAVILIONDV8000 HP PAVILION DV 8000 HP PAVILION DV 8000
DESCANSO DE PES DESCANSODEPESMODILAC MODILAC 
RADIO HT TPH600 RADIOPORTATILTPH600COMBATERIADEALTACAPACIDADE4 7VOLTEADS__TELECOM EADS/TELECOM HT8381
CARREGADOR PORTATIL DE BATERIA SIMPLES CARREGADORPORTATILDEBATERIASIMPLESEADS__TELECOM EADS/TELECOM HR8085
CARREGADOR PORTATIL DE BATERIA MULTIPLO CARREGADORPORTATILDEBATERIAMULTIPLOEADS__TELECOM EADS/TELECOM HR8086
LONGARINA COM 03 LUGARES LONGARINACOM03LUGARESFLEXIBASE FLEXIBASE LONGARINA
MESA DE DIRETOR MESADEDIRETORFLEXIBASE FLEXIBASE 
CADEIRA DE TREINAMENTO EM COURO NA COR PRETA CADEIRADETREINAMENTOEMCOURONACORPRETAFLEXIBASE FLEXIBASE 
CADEIRA DE COPA DE PLASTICO COR PRETA CADEIRADECOPADEPLASTICOCORPRETAFLEXIBASE FLEXIBASE CADEIRA DE COPA
SOFA DE UM LUGAR EM COURO COR PRETA SOFADEUMLUGAREMCOUROCORPRETAFLEXIBASE FLEXIBASE SOFA
SOFA DE 03 LUGAR EM COURO COR PRETA SOFADE03LUGAREMCOUROCORPRETAFLEXIBASE FLEXIBASE SOFA
ARMARIO ALTO COM 03 PRATELEIRAS NA COR MARFIN ARMARIOALTOCOM03PRATELEIRASNACORMARFINGRIF GRIF ARMARIO ALTO
ARMARIO ALTO COM 03 PRATELEIRAS SEMI ABERTO NA COR MARFIN ARMARIOALTOCOM03PRATELEIRASSEMIABERTONACORMARFINGRIF GRIF ARMARIO TIPO ESTANTE
POLTRONA DE DIRETOR ESPALDAR ALTO EM COURO PRETO POLTRONADEDIRETORESPALDARALTOEMCOUROPRETOFLEXIBASE FLEXIBASE POLTRONA DE DIRETOR
ARMARIO BAIXO PARA DIRETOR NA COR PRETA ARMARIOBAIXOPARADIRETORNACORPRETAFLEXIBASE FLEXIBASE ARMARIO PARA GABINETE
MESA DE CENTRO PARA GABINETE NA COR PRETA MESADECENTROPARAGABINETENACORPRETAFLEXIBASE FLEXIBASE MESA DE CENTRO PARA DIRETOR
GAVETEIRO DE DIRETORES NA COR PRETA GAVETEIRODEDIRETORESNACORPRETAFLEXIBASE FLEXIBASE GAVETEIRO DE DIRETORES
ARMARIO BAIXO COM 1 PRATILEIRA NA COR MARFIN ARMARIOBAIXOCOM1PRATILEIRANACORMARFINGRIF GRIF ARMARIO BAIXO
ARMARIO BAIXO COM 2 PRATILEIRA NA COR MARFIN ARMARIOBAIXOCOM2PRATILEIRANACORMARFINGRIF GRIF ARMARIO BAIXO
MESA DE DIRETOR MESADEDIRETORFLEXIBASE FLEXIBASE MESA DE DIRETOR
GAVETEIRO VOLANTE COM 3 GAVETA MEDIA 1 RASA GAVETEIROVOLANTECOM3GAVETAMEDIA1RASAGRIF GRIF GAVETEIRO VOLANTE
EXAUSTOR 50CM TIPO DOMESTICO EXAUSTOR50CMTIPODOMESTICOLORENSID50CM LOREN SID 50 CM SID 50CM
VENTILADOR DE PAREDE 60 CM VENTILADORDEPAREDE60CMLORENSID60CM LOREN SID 60 CM VENTILADOR DE PAREDE
VENTILADOR DE PAREDE 40 CM VENTILADORDEPAREDE40CMLORENSID40CM LOREN SID 40 CM VENTILADOR DE PAREDE
EXTINTOR DE INCENDIO PQS ABC 6 KG EXTINTORDEINCENDIOPQSABC6KGPQSABC6KG PQS ABC 6 KG EXTINTOR DE INCENDIO
MESA REDONDA COR MARFIN MESAREDONDACORMARFINGRIF GRIF MESA REDONDA
SOFA 2 LUGA INOX MODELO LC 2 SOFA2LUGAINOXMODELOLC2CLSSSICADESIGN CLSSSICA DESIGN LC 2
SOFA 3 LUGA INOX MODELO LC 2 SOFA3LUGAINOXMODELOLC2CLSSSICADESIGN CLSSSICA DESIGN LC 2
POLTRONA DE INTERLOCUTOR SEM RODIZIOS EM COURO NA COR PRETA POLTRONADEINTERLOCUTORSEMRODIZIOSEMCOURONACORPRETAFLEXFORM FLEXFORM POLTRONA DE INTERLOCUTOR
POLTRONA DE INTERLOCUTOR COM RODIZIOS EM COURO NA COR PRETA POLTRONADEINTERLOCUTORCOMRODIZIOSEMCOURONACORPRETAFLEXFORM FLEXFORM POLTRONA DE INTERLOCUTOR
POLTRONA DE INTERLOCUTOR SEM RODIZIOS EM COURO NA COR PRETA POLTRONADEINTERLOCUTORSEMRODIZIOSEMCOURONACORPRETA FLEX POLTRONA DE INTERLOCUTOR
POLTRONA DE INTERLOCUTOR SEM RODIZIOS EM COURO NA COR PRETA POLTRONADEINTERLOCUTORSEMRODIZIOSEMCOURONACORPRETA FLEXFORM POLTRONA DE INTERLOCUTOR
POLTRONA DE RECEPCIONISTA EM COURO NA COR PRETA POLTRONADERECEPCIONISTAEMCOURONACORPRETAFLEXFORM FLEXFORM POLTRONA DE RECEPCIONISTA
RADIO HT TPH600 RADIOPORTATILTPH600COMBATERIADE4 7VOLTEADS__TELECOM EADS/TELECOM HT8381
AUTOMATIZADOR PORTAO MOTOR MOVIMENTADORA NAVAL 31500 AUTOMATIZADORPORTAOMOTORMOVIMENTADORANAVAL31500ROSSI ROSSI NAVAL 31500
NOTEBOOK PENTIUM IV NOTEBOOKPENTIUMIVTOSHIBA TOSHIBA SATELITE PRO
"CPU PENTIUM IV PROCES 2,4 GHZ MEM 256MB HD40GB E PERIFERICOS CPUPENTIUMIVPROCES2 4GHZMEM256MBHD40GBEPERIFERICOSAPA APA APA-PL4HT"
MONITOR 15 POLEGADAS MONITOR15POLEGADASSAMSUNG SAMSUNG SYNCMASTER
MICROCOMPUTADOR PENTIUM IV C/ DVD-RW E PERIFERICOS MICROCOMPUTADORPENTIUMIVC__DVD-RWEPERIFERICOSEPCOM EPCOM PENTIUM IV
MONITOR DE 17 POLEGADAS MONITORDE17POLEGADASHP HP HP176V-LCD
"PENTIUM IV 3,0GHZ HT 512MB DE RAM 80GB VIDEO ONBOARD PENTIUMIV3 0GHZHT512MBDERAM80GBVIDEOONBOARDDELL DELL OPTPLEX GX 620"
NOTEBOOK HP C/ GRAVA/LEITOR DVD MOUSE OPTICO E BOLSA NOTEBOOKHPC__GRAVA__LEITORDVDMOUSEOPTICOEBOLSAHP HP 6515B
TELEFONE ANALOGICO 5 FUNCOES FLASH/TOM/MUDO/PAUSA/REDISCAGEM TELEFONEANALOGICO5FUNCOESFLASH__TOM__MUDO__PAUSA__REDISCAGEMIBRATELE IBRATELE BR1018
ESTABILIZADOR  ESTABILIZADOR SMS. 
ESTABILIZADOR DE TENSAO 1 KVA ENT 220V SAIDA 110V ESTABILIZADORDETENSAO1KVAENT220VSAIDA110V S/M 
ESTABILIZADOR DE TENSAO 1 KVA ESTABILIZADORDETENSAO1KVAMICROSTAR MICROSTAR 1 KVA
"ESTABILIZADOR DE TENSAO ESTABILIZADORDETENSAOSMS SMS PROGRESSIVER UAP4,0"
"CPU PENTIUM IV PROC. 2,4 GHZ, MEM 256MB HD40GB E PERIFERICOS CPUPENTIUMIVPROC_2 4GHZ MEM256MBHD40GBEPERIFERICOSAPA APA APA-PL4HT"
MONITOR LG 19 POLEGADAS FLATRON MONITORLG19POLEGADASFLATRONLG LG FLATRON
LEITORA DE CODIGO DE BARRAS LEITORADECODIGODEBARRASMINYSCAN MINYSCAN 
"NO BREAK 5000VA, MICROPROCESSADOR C/ ESTABILIZADOR INTERNO NOBREAK5000VA MICROPROCESSADORC__ESTABILIZADORINTERNOSMS SMS "
APARELHO DE DVD PLAYER REPRODUZ CD-ROM E MP-3 APARELHODEDVDPLAYERREPRODUZCD-ROMEMP-3PANASONIC PANASONIC S27LB-S
APARELHO DE VIDEO CASSETE 7 CABECAS APARELHODEVIDEOCASSETE7CABECASPANASONIC PANASONIC NV-HV-HV60LB-S
"MICROCOMPUTADOR, AMD ATHLO XP 2800, 80GB, 7200RPM MICROCOMPUTADOR AMDATHLOXP2800 80GB 7200RPMHP HP ATHLON XP 2800"
"MICROCOMPUTADOR, AMD ATHLON XP 2800, 80GB 7200RPM MICROCOMPUTADOR AMDATHLONXP2800 80GB7200RPMHP HP ATHLON XP 2800"
MONITOR DE VIDEO 17 FLAT COR PRETA TELA PLANA MONITORDEVIDEO17FLATCORPRETATELAPLANASANSUNG SANSUNG 
IMPRESSORA LASER MONOCROMATICA 1200 DPI 64MB DE RAM IMPRESSORALASERMONOCROMATICA1200DPI64MBDERAMKYOCERA KYOCERA 
SWITCH C/ 24 PORTAS RJ-45 10/100/1000 CAP 192 PORTAS SWITCHC__24PORTASRJ-4510__100__1000CAP192PORTAS3COM 3COM 3870
IMPRESSORA JATO DE TINTA RES. 4800X1200DPI IMPRESSORAJATODETINTARES_4800X1200DPIEPSON EPSON STYLUS C65
MONITOR /VIDEO DE 15 COM AJUSTE  DE IMAGEM MONITOR__VIDEODE15COMAJUSTEDEIMAGEMHP HP HP5500
MICROCOMPUTADOR COMPAK ML 350 G4 PROCESSADOR INTEL PENTIUM MICROCOMPUTADORCOMPAKML350G4PROCESSADORINTELPENTIUMHP HP HP PROLIANT ML 350
MESA PARA TELEVISAO DE FORMATO RETO COM REVEST METALICO MESAPARATELEVISAODEFORMATORETOCOMREVESTMETALICOGIROLEX GIROLEX 
CADEIRA GIRATORIA COM RODIZIOS E BRACOS REGULAVEIS CADEIRAGIRATORIACOMRODIZIOSEBRACOSREGULAVEISGIROLEX GIROLEX 
CADEIRA GIRATORIA EM MADEIRA SEM BRACO POLIESTER AZUL CADEIRAGIRATORIAEMMADEIRASEMBRACOPOLIESTERAZULGIROLEX GIROLEX 
MESA PARA REUNIAO DE MADEIRA COM BASE CENTRALIZADA MESAPARAREUNIAODEMADEIRACOMBASECENTRALIZADAGIROLEX GIROLEX 
POLTRONA FIXA COM ESPALDAR MEDIO E BRACO POLIESTER AZUL POLTRONAFIXACOMESPALDARMEDIOEBRACOPOLIESTERAZULGIROLEX GIROLEX 
CADEIRA FIXA EM MADEIRA S/ BRACO  POLIESTER AZUL CADEIRAFIXAEMMADEIRAS__BRACOPOLIESTERAZULGIROLEX GIROLEX 
MESA P/ MICROCOMPUTADOR DE ESTRUTURA EM ACO ABNT TUBULAR MESAP__MICROCOMPUTADORDEESTRUTURAEMACOABNTTUBULARGIROLEX GIROLEX 
MICROCOMPUTADOR AMD ATHLON XP 2800 MICROCOMPUTADORAMDATHLONXP2800HP HP 046797
ESTACAO DE TRABALHO P/ TUTORES EM MADEIRA AGLOMERADA ESTACAODETRABALHOP__TUTORESEMMADEIRAAGLOMERADAGIROLEX GIROLEX 
MESA P/ INSTRUTOR FORMATO RETO MADEIRA AGLOMERADA MESAP__INSTRUTORFORMATORETOMADEIRAAGLOMERADAGIROLEX GIROLEX 
CAPACIDADE 15 FLS LIXEIRA 35 LTS CAPACIDADE15FLSLIXEIRA35LTSDUOTEC DUOTEC DUO 1505
"CAPACIDADE 38,5 LTS PARA CORTE PAPEL E CD/DVD CAPACIDADE38 5LTSPARACORTEPAPELECD__DVDKOBRA KOBRA SHREDER"
ARMARIO BAIXO P/ GAB. DE DIRETOR COORD. E SUPERINTENDENTES ARMARIOBAIXOP__GAB_DEDIRETORCOORD_ESUPERINTENDENTESFLEXIBASE FLEXIBASE ARMARIO BAIXO
MESA DE CENTRO / GAB. DE DIRETOR COORD. E SUPERINTENDENTES MESADECENTRO__GAB_DEDIRETORCOORD_ESUPERINTENDENTESFLEXIBASE FLEXIBASE MESA DE CENTRO
LONGARINA EM ACO COM TRES LUGARES NA COR PRETA LONGARINAEMACOCOMTRESLUGARESNACORPRETAFLEXIBASE FLEXIBASE LONGARINA
SOFA DE 01 LUGAR NA COR PRETA SOFADE01LUGARNACORPRETAFLEXIBASE FLEXIBASE SOFA DE 01 LUGAR
SOFA DE 02 LUGARES NA COR PRETA SOFADE02LUGARESNACORPRETAFLEXIBASE FLEXIBASE SOFA DE 02 LUGARES
SOFA DE 03 LUGARES NA COR PRETA SOFADE03LUGARESNACORPRETAFLEXIBASE FLEXIBASE SOFA DE 03 LUGARES
PROTOCOLADOR AUTOMOTATICO DIGITAL PROTOCOLADORAUTOMOTATICODIGITALDIMEP DIMEP RELOGIO DATADOR CARIMBO
CAFE EXPRESSO CAFEEXPRESSOTREVICHIARA TREVI CHIARA CAFE EXPRESSO
ASPIRADOR DE PO PROFISSSIONAL CAP. 20 LTS ASPIRADORDEPOPROFISSSIONALCAP_20LTSELETROLUX ELETROLUX GT 3000
COMPRESSOR DE AR 5 HP TRIFASICO 20/200 PARA BALANCA DE AR COMPRESSORDEAR5HPTRIFASICO20__200PARABALANCADEARCHIAPERINI CHIAPERINI TRIFASICO
BALANCA DE AR COM MANOMETRO CALIBRADOR BALANCADEARCOMMANOMETROCALIBRADOREXECEL EXECEL CALIBRADOR
LAVADORA DE ALTA PRESSAO PROFISSIONAL 2 HP LAVADORADEALTAPRESSAOPROFISSIONAL2HPZM ZM ALTA PRESSAO
SPLIT HI-WALL 12000 BTU 220V SPLITHI-WALL12000BTU220VELGIN ELGIN LINHA SNOW
POLTRONA DIRETOR COURO NA COR PRETO ESTRUTURA DE ALUMINIO POLTRONADIRETORCOURONACORPRETOESTRUTURADEALUMINIOPRIMME PRIMME POLTRONA DIRETOR
POLTRONA PRESIDENTE COURO SINTETICO COR PRETO ALUMINIO POLTRONAPRESIDENTECOUROSINTETICOCORPRETOALUMINIOPRIMME PRIMME POLTRONA PRESIDENTE
"ROUPEIRO DE 08 PORTAS GRANDES 1,98X1,22 COR CINZA ROUPEIRODE08PORTASGRANDES1 98X1 22CORCINZAWORKLINE WORK LINE ROUPEIRO"
RADIO HT TPH600 RADIOPORTATILTPH600EADS__TELECOM EADS/TELECOM HT8381 RADIO PORTATIL
MONITOR DE VIDEO MONITORDEVIDEODELL DELL 
MICROCOMPUTADOR INTEL CORE DUO MICROCOMPUTADORINTELCOREDUODELL DELL 
"MAQUINA PARA ARQUEAR MATERIAL,ACO INOXIDAVEL, MAQUINAPARAARQUEARMATERIAL ACOINOXIDAVEL STRAPACK STRAPACK SEMI-AUTOMATICO E C/RODIZIO"
INDIVIDUAL NO-BREEK (5.26) INDIVIDUALNO-BREEK_5_26_SMS SMS 
CARREGADOR MULTIPLO DE BATERIA DO RADIO TPH600 CARREGADORMULTIPLODEBATERIADORADIOTPH600EADS__TELECOM EADS/TELECOM HR808BA
ANALISADOR DE ESPECTRO 3GHZ ANALISADORDEESPECTRO3GHZSOFREMI SOFREMI 
FREQUENCIMETRO DIGITAL DE BANCADA FREQUENCIMETRODIGITALDEBANCADASOFREMI SOFREMI 
FREQUENCIMETRO DIGITAL PORTATIL FREQUENCIMETRODIGITALPORTATILSOFREMI SOFREMI 
MULTIMETRO DIGITAL DE BANCADA MULTIMETRODIGITALDEBANCADASOFREMI SOFREMI 
MULTIMETRO DIGITAL PORTATIL MULTIMETRODIGITALPORTATILSOFREMI SOFREMI 
WATTIMETRO WATTIMETROSOFREMI SOFREMI 
GERADOR DE RF ATE 1GHZ GERADORDERFATE1GHZSOFREMI SOFREMI 
ALICATE AMPERIMETRO 1.000 A ALICATEAMPERIMETRO1_000ASOFREMI SOFREMI 
CARGA ATENUADORA DE RF CARGAATENUADORADERFSOFREMI SOFREMI 
FONTE DE ALIMENTACAO SIMETRICA DC FONTEDEALIMENTACAOSIMETRICADCSOFREMI SOFREMI 
FONTE DE ALIMENTACAO 13.8V FONTEDEALIMENTACAO13_8VSOFREMI SOFREMI 
PROGRAMADOR UNIVERSAL PROGRAMADORUNIVERSALSOFREMI SOFREMI 
ESTACAO DE TRABALHO COM TEMPERATURA CONTROLADA ESTACAODETRABALHOCOMTEMPERATURACONTROLADASOFREMI SOFREMI 
MATRIZ DE CONTATO PROTOBOARD MATRIZDECONTATOPROTOBOARDSOFREMI SOFREMI 
LUPA COM LUMINARIA LUPACOMLUMINARIASOFREMI SOFREMI 
LUPA DE MAO LUPADEMAO SEM MARCA 
LUPA ESTEREOSCOPICA DE MESA LUPAESTEREOSCOPICADEMESA SEM MARCA 
BALANCA DE PRECISAO COM APARATO DENSIMETRICO INCL DENSYTY KI BALANCADEPRECISAOCOMAPARATODENSIMETRICOINCLDENSYTYKISOFREMI SOFREMI 
MINI KIT DE ANALISE GEMOLOGICA MINIKITDEANALISEGEMOLOGICASOFREMI SOFREMI 
SISTEMA DE COMUNICACAO MOVEL TERRESTRE GPS SISTEMADECOMUNICACAOMOVELTERRESTREGPSSOFREMI SOFREMI 
MEDIDOR DE PROFUNDIDADE DE AGUA DIGITAL MEDIDORDEPROFUNDIDADEDEAGUADIGITALSOFREMI SOFREMI 
TRENA ELETRONICA TRENAELETRONICASOFREMI SOFREMI 
PALM TOP E CAPA DE PROTECAO PARA PALM TOP PALMTOPECAPADEPROTECAOPARAPALMTOPSOFREMI SOFREMI 
CLINOMETRO DIGITAL-BUSSOLA CLINOMETRODIGITAL-BUSSOLASOFREMI SOFREMI 
PLOTER SCANER E COPIADORA A0 PLOTERSCANERECOPIADORAA0SOFREMI SOFREMI 
MICROCOMUTADOR PENTIUM 4 C/ FIRE WIRE MICROCOMUTADORPENTIUM4C__FIREWIRESOFREMI SOFREMI 
"MONITOR 20"" MONITOR20_SOFREMI SOFREMI "
MICROCOMPUTADOR PENTIUM 4 C/ FIRE WIRE E W-LAN MICROCOMPUTADORPENTIUM4C__FIREWIREEW-LANSOFREMI SOFREMI 
MONITOR DE ESTACAO PERICIAL DE GEOFISICA FORENSE MONITORDEESTACAOPERICIALDEGEOFISICAFORENSESOFREMI SOFREMI 
IMPRESSORA LASER COLORIDA A3 IMPRESSORALASERCOLORIDAA3SOFREMI SOFREMI 
MONITOR DE ESTACAO PERICIAL MONITORDEESTACAOPERICIALSOFREMI SOFREMI 
EQUIPAMENTO ILUMINACAO INCANDESCENTE POR FIBRA OPTICA EQUIPAMENTOILUMINACAOINCANDESCENTEPORFIBRAOPTICASOFREMI SOFREMI 
MEDIDOR DE CONDUTIVIDADE TERMICA MEDIDORDECONDUTIVIDADETERMICASOFREMI SOFREMI 
PAQUIMETRO DIGITAL PAQUIMETRODIGITALSOFREMI SOFREMI 
MEDIDOR DE CONDUTIVIDADE ELETRICA MEDIDORDECONDUTIVIDADEELETRICASOFREMI SOFREMI 
"EXPERT WORK STATION (5.05),TIPO CPU, P015900 EXPERTWORKSTATION_5_05_ TIPOCPUCHICFTEC CHICFTEC P015900"
PORTABLE STATION FOR PATTERN COLLECTION NOTEBOOK IBM PORTABLESTATIONFORPATTERNCOLLECTIONNOTEBOOKIBMSOFREMI SOFREMI 
TRENA ELETRONICA NEW TRENAELETRONICANEWSOFREMI SOFREMI 
TRENA DE RODA TRENADERODASOFREMI SOFREMI 
SONDA PORTATIL PARA ANALISE DE AGUA SONDAPORTATILPARAANALISEDEAGUASOFREMI SOFREMI 
CAMERA FOTOGRAFICA DIGITAL CAMERAFOTOGRAFICADIGITALSOFREMI SOFREMI 
FILMADORA DIGITAL E ACESSORIOS FILMADORADIGITALEACESSORIOSSOFREMI SOFREMI 
HIPSOMETRO - MEDIDOR DE ALTURA HIPSOMETRO-MEDIDORDEALTURASOFREMI SOFREMI 
CARREGADOR UNIVERSAL DE CELULAR CARREGADORUNIVERSALDECELULARSOFREMI SOFREMI 
COMPUTADOR COM ACESSORIOS E WEBCAM COMPUTADORCOMACESSORIOSEWEBCAMCHIEFTER CHIEFTER 
CONVESOR DE VONTAGEM CONVESORDEVONTAGEMBELKIN BELKIN 
DIST. DE SINAL ACESS POINT DIST_DESINALACESSPOINTSM SM SM
EQUIPAMENTO DE CLONAGEM DE HD EQUIPAMENTODECLONAGEMDEHDLOGICUBE LOGICUBE F-TALON
EQUIPAMENTO DE CLONAGEM SOLO 03 EQUIPAMENTODECLONAGEMSOLO03ICS ICS SOLO 03
EQUIPAMENTO P/ EXAME DE CELULARES PROJECT A PHONE EQUIPAMENTOP__EXAMEDECELULARESPROJECTAPHONEPROJECTAPHONE PROJECT A PHONE 
IMPRESSORA COLORIDA LASER IMPRESSORACOLORIDALASERHP HP 3800
IMPRESSORA DE DVD IMPRESSORADEDVDRIMAGE RIMAGE PRISM PLUS
LEITOR CODIGO DE BARRAS LEITORCODIGODEBARRASCINO CINO FBC 3860
LEITOR MAGNETICO SDLT 600GB LEITORMAGNETICOSDLT600GBHP HP HSTNMS002
LEITOR MAGNETICO ZIP LEITORMAGNETICOZIPIOMEGA IOMEGA Z 750 USB
MALETA COM KIT DE CABOS PARA CELULAR MALETACOMKITDECABOSPARACELULARPARABENS PARABENS 
MALETA COM KIT DE CLONAGEM MALETACOMKITDECLONAGEMIMEGEMASTER IMEGEMASTER 
MALETA P/ EQUIPAMENTO DE CLONAGEM TALON MALETAP__EQUIPAMENTODECLONAGEMTALONLOGICUBE LOGICUBE 
MONITOR LCD 20´ MONITORLCD20SAMSUNG SAMSUNG 205 BW
NO BREACK NOBREACK SEM MARCA 
NOTEBOOK NOTEBOOKLENOVO LENOVO THINKPAD
SCANNER SCANNERHP HP 87270
CAMERA FOTOGRAFICA COM ACESSORIOS CAMERAFOTOGRAFICACOMACESSORIOSCANON CANON A640
TRIPE PARA CAMERA FOTOGRAFICA TRIPEPARACAMERAFOTOGRAFICAMANFROTTO MANFROTTO 
MORFHO ACESS MORFHOACESSMANFROTTO MANFROTTO ACESS200
IMPRESSORA DE ETIQUETAS DE CODIGOS DE BARRAS IMPRESSORADEETIQUETASDECODIGOSDEBARRASHP HP D 2360
IMPRESSORA LASER IMPRESSORALASERHP HP LASERJET 1020
MALA DE TRANSPORTE MALADETRANSPORTE SEM MARCA ILS2-T
TELA BACK DROP TRANSPORTAVEL COM TRIPE TELABACKDROPTRANSPORTAVELCOMTRIPE SEM MARCA 
VIDEOCONFERENCIA EXECUTIVE DESKTOP SYSTEM VIDEOCONFERENCIAEXECUTIVEDESKTOPSYSTEMPOLYCOM POLYCOM SYSTEM
VIDEOCONFERENCIA CODEC DE ALTA DEFINICAO VIDEOCONFERENCIACODECDEALTADEFINICAOPOLYCOM POLYCOM HDX8004
VIDEOCONFERENCIA PEDESTRAL DE CHAO VE800 VIDEOCONFERENCIAPEDESTRALDECHAOVE800POLYCOM POLYCOM ELG BLACK
TELEVISOR COLORIDO LCD 42 POLEGADAS PHILIPS TELEVISORCOLORIDOLCD42POLEGADASPHILIPSPHILIPS PHILIPS LCD 42
"MONITOR LCD - SAMSUNG 20""TFT SM 205 BW MONITORLCD-SAMSUNG20_TFTSM205BWSAMSUNG SAMSUNG "
"BAR CODE READER, P01600 BARCODEREADERFUZZYSCAN FUZZYSCAN "
"KVM-KEYBOARD,VIDEO ANDE MOUSE SWITCH (BELKIN) KVM-KEYBOARD VIDEOANDEMOUSESWITCH_BELKIN_ SEM MARCA "
"LOGICUBE TALON-PORTABLE HD MIRROMIG/MEDIA READING KIT,DUPLIC LOGICUBETALON-PORTABLEHDMIRROMIG__MEDIAREADINGKIT DUPLICLOGICUBE LOGICUBE "
NOTEBOOK C/WINDOWS VISTA NOTEBOOKC__WINDOWSVISTALENOVO LENOVO 
MICROCOMPUTADOR PESSOAL NOTBOOK MICROCOMPUTADORPESSOALNOTBOOKLENOVO LENOVO THINKPAD T400
MICROCOMPUTADOR PESSOAL TIPO NOTEBOOK THINKPAD MICROCOMPUTADORPESSOALTIPONOTEBOOKTHINKPADLENOVO LENOVO T400
"TELEVISOR 42 POLEGADA VOLT.110/220V SIST. PAL-M,N NTSC""LCD"" TELEVISOR42POLEGADAVOLT_110__220VSIST_PAL-M NNTSC_LCD_AOC AOC AOC D42H831"
APARELHO PURIFICADOR DE AGUA APARELHOPURIFICADORDEAGUAMASTERFRIO MASTERFRIO PURO BR
CALCULADORA SHARP CALCULADORASHARPSHARP SHARP EL-1750V
LEITORA DE CODIGO DE BARRA-OPTION LEITORADECODIGODEBARRA-OPTION SEM MARCA 
RACK COM 2 GAVETAS PASSA FIOS 40MM DE ALTURA RACKCOM2GAVETASPASSAFIOS40MMDEALTURAMOVEISNOROESTE MOVEIS NOROESTE MDF
MATERIAL ESTRU.MAD. AGLOMERADA TAMP. 25MM MATERIALESTRU_MAD_AGLOMERADATAMP_25MMMOVEISNOROESTE MOVEIS NOROESTE MESA DE CENTRO
TAMPO SUPERIOR EM CHAPA UNICA DE MADEIRA AGLOMERADA COM 1GAV TAMPOSUPERIOREMCHAPAUNICADEMADEIRAAGLOMERADACOM1GAVMOVEISNOROESTE MOVEIS NOROESTE GAVETEIRO  COM 1 GAVETA
"ESTABILIZADOR DE VOLTAGEM,BIVOLT AUTOMATICO COM FILTRO ESTABILIZADORDEVOLTAGEM BIVOLTAUTOMATICOCOMFILTROSMS SMS PROGRESSIVE"
MICROCOMPUTADOR PESSOAL TIPO NOTEBOOK MICROCOMPUTADORPESSOALTIPONOTEBOOKLENOVO LENOVO THINKPAD T400
MICROCOMPUTADOR DE PERFIL BASICO THINKCENTRE MICROCOMPUTADORDEPERFILBASICOTHINKCENTRELENOVO LENOVO M58P
LEITOR DE CODIGO DE BARRAS LEITORDECODIGODEBARRASOPTICON OPTICON OPR-2001
"COM RODIZIOS,COURO,PRETA COMRODIZIOS COURO PRETATECNO2000 TECNO2000 CHEFIA"
"COM RODIZIOS,COURO,PRETA COMRODIZIOS COURO PRETA SEM MARCA CHEFIA"
"COM RODIZIOS,COURO,PRETA COMRODIZIOS COURO PRETATECNO2000 TECNO2000 ESTA«O DE TRABALHO"
"SEM RODIZIOS COM BRACO,COURO,PRETA SEMRODIZIOSCOMBRACO COURO PRETATECNO2000 TECNO2000 INTERLOCUTOR"
"SEM RODIZIOS COM BRACO,COURO,PRETA SEMRODIZIOSCOMBRACO COURO PRETATECNO2000 SEM MARCA INTERLOCUTOR"
"AR CONDICIONADO TIPO SPLIT CAP.12000 BTUS,220VLT. ARCONDICIONADOTIPOSPLITCAP_12000BTUS 220VLT_HITACHI HITACHI SPLIT"
"BEBEDOURO REFRIGERADO,INOX,GARRAFAO 220VLTS. BEBEDOUROREFRIGERADO INOX GARRAFAO220VLTS_LIBELL LIBELL PATENTEADO"
"TELEVISOR LCD 42 POLEGADAS,VOLTAGEM 110/220,SIT PALM,PAL-N TELEVISORLCD42POLEGADAS VOLTAGEM110__220 SITPALM PAL-NAOC AOC D42H921"
FRIGOBAR FRIGOBAR 120LITROS CORBRANCA 220VTS_CONSUL CONSUL CRC 12 ABBNA
"APARELHO DVD PLAYER,BIVOLT,REPRODUZ CD-R/RW,ENTRADA USB. APARELHODVDPLAYER BIVOLT REPRODUZCD-R__RW ENTRADAUSB_SATELLITE SATELLITE DVD058"
"EM MADEIRA,C/3 GAVETAS MEDIAS E 1 RASA,MED.410X570. EMMADEIRA C__3GAVETASMEDIASE1RASA MED_410X570_ROAL ROAL "
CARREGADOR DE BATERIA CARREGADORDEBATERIAOKEI OKEI CB-100T
"EM MADEIRA,ALTO,PARA PASTA SUSPENSA. EMMADEIRA ALTO PARAPASTASUSPENSA_ROAL ROAL "
"EM MADEIRA,ESCANINHO PARA PROTOCOLO EMMADEIRA ESCANINHOPARAPROTOCOLOROAL ROAL "
"PEDESTRAL,C/3 GAVETAS MEDIAS E 1 RASA,MED.410X600. PEDESTRAL C__3GAVETASMEDIASE1RASA MED_410X600_ROAL ROAL "
"EM MADEIRA,ALTO,02 PORTAS COM PLATELEIRAS MED.800X500 EMMADEIRA ALTO 02PORTASCOMPLATELEIRASMED_800X500ROAL ROAL "
"EM MADEIRA,EM L,LADO DIREITO,MED.1600X2200. EMMADEIRA EML LADODIREITO MED_1600X2200_ROAL ROAL "
"EM MADEIRA,REDONDA COM PE CLASSIC 1200 EMMADEIRA REDONDACOMPECLASSIC1200ROAL ROAL "
"EM MADEIRA,EM L,LADO ESQUERDO MD.1600X2200. EMMADEIRA EML LADOESQUERDOMD_1600X2200_ROAL ROAL "
"EM MADEIRA,EM L,LADO DIREITO MD.1600X2200. EMMADEIRA EML LADODIREITOMD_1600X2200_ROAL ROAL "
AR CONDICIONADO SPLIT 18000BTUS ARCONDICIONADOSPLIT18000BTUSBOSCH BOSCH ACST COM 18 FM IN
AR CONDICIONADO SPLIT HI-WALL 1200BTUS BASEL ARCONDICIONADOSPLITHI-WALL1200BTUSBASELBOSCH BOSCH ACST COM 12 FM IN
FRAGMENTADORA FRAGMENTADORALEADERSHIP LEADERSHIP 7343
TELEFONE SEM FIO TELEFONESEMFIOGE GE 
CLIMATIZADOR DE AR COMPACTO CLIMATIZADORDEARCOMPACTOCONSUL CONSUL C1L06CBANA
TELEFONE SEM FIO TELEFONESEMFIOINTELBRAS INTELBRAS TS 10 ID
"TELEFONE SEM FIO TELEFONESEMFIOINTELBRAS PANASONIC, PANACONIC PNLC1010"
VENTILADOR TIPO COLUNA VENTILADORTIPOCOLUNALORENSID LORENSID 
APARELHO PURIFICADOR DE AGUA APARELHOPURIFICADORDEAGUAMASTERFRIO MASTERFRIO 
NETBOOK NETBOOKASUS ASUS EEE PC 1005HA/BR
FILMADORA VIDEO HD FILMADORAVIDEOHDJVC JVC GZ-MG630AU
CALCULADORA CALCULADORASHARP SHARP EL-1750V
CONDICIONADOR DE AR SPLIT CONDICIONADORDEARSPLIT_BOSCH _BOSCH HI-WALL
BANQUETA BASE ACO PRETA BANQUETABASEACOPRETA SEM MARCA 2002
CARRINHO PARA TRANSPORTE CARRINHOPARATRANSPORTECARRINHOSBRASIL CARRINHOS BRASIL 
CAFETEIRA EXPRESSO CAFETEIRAEXPRESSOROYAL ROYAL COFFEE BAR_SAECO
RELOGIO DE PONTO DIGITAL BIOMETRICO RELOGIODEPONTODIGITALBIOMETRICOHENRY HENRY OTI0N5
ESPECTROMETRO DE MASSA - DETECTOR PORTATIL DE TRACOS E SUBST ESPECTROMETRODEMASSA-DETECTORPORTATILDETRACOSESUBSTGE GE 
"FRAGMENTADORA DE PAPEL,COMIX,110VOLTS FRAGMENTADORADEPAPEL COMIX 110VOLTSCOMIX COMIX S620"
COMPUTADOR INTEL-CORE2-DUO COMPUTADORINTEL-CORE2-DUOHP HP PRO 3000SFF
MONITOR LCD 18.5 POLEGADA MONITORLCD18_5POLEGADAACER ACER G185HV
SCANNER 30PPM/60I/USB2 VRS SCANNER30PPM__60I__USB2VRSFUJITSU FUJITSU FI-6130
RACK VERTICAL 47V RACKVERTICAL47V SEM MARCA 
ESTACAO TRABALHO 700X700X1400X1400 ESTACAOTRABALHO700X700X1400X1400ROAL ROAL ESTA«O TRABALHO
GAVETEIRO VOLANTE ESP 410X570X610 GAVETEIROVOLANTEESP410X570X610ROAL ROAL COM RODAS
GAVETEIRO VOLANTE ESP 410X600X750 GAVETEIROVOLANTEESP410X600X750ROAL ROAL SEM RODAS
MESA TRABALHO RETA 1200X600 MESATRABALHORETA1200X600ROAL ROAL 
ARMARIO ALTO DE 2P SEMI- ABERTO 800X500X1680  ARMARIOALTODE2PSEMI-ABERTO800X500X1680ROAL ROAL 
ARMARIO ALTO DE 2P 800X500X1680 ARMARIOALTODE2P800X500X1680ROAL ROAL 
ARMARIO ALTO DE 2P SEMI-ABERTO 800X500X1680 ARMARIOALTODE2PSEMI-ABERTO800X500X1680ROAL ROAL 
ARMARIO ALTO PARA PASTA SUSPENSA ARMARIOALTOPARAPASTASUSPENSAROAL ROAL 
ARMARIO BAIXO 800X500X750 ARMARIOBAIXO800X500X750ROAL ROAL 
SCANNER SCANNERKODAK KODAK I1220 PLUS
AR CONDICIONADO SPLIT 24000BTUS. HI-WALL ARCONDICIONADOSPLIT24000BTUS_HI-WALLHITACHI HITACHI RAA24A
LEITOR LASER OPR 3201 USB LEITORLASEROPR3201USBOPTICON OPTICON OPR-3201-BLACK-USB
LEITOR LASER LEITORLASEROPTICON OPTICON OPR-3201-BLACK-USB
LANCADOR DE MUNIÇÃO MENOS LETAL CALIBRE 37/38MM LANCADORDEGRANADAFEDERAL FEDERAL 201-Z
SUBMETRALHADORA HK MP5 9MM SUBMETRALHADORA CORONHARETRATIL CARREGADOR30TIROSHK HK MP5
REVOLVER TAURUS 38 ESPECIAL 38 REVOLVER CABODEMADEIRA CANODE76MMTAURUS TAURUS 
REVOLVER ROSSI 971 .357 REVOLVER MODELO971ROSSI ROSSI REVOLVER
REVOLVER ROSSI MAGNUM 97 357 REVOLVER MODELO97 CANODE3POLEGADASROSSI ROSSI 
SUBMETRALHADORA HK MP5 9MM SUBMETRALHADORAPARABELLUM VERSAOCURTAHK HK MP5 PDW/K
REVOLVER TAURUS MAGNUM .357 REVOLVEROXIDADO ALCAMIRAREGULAVEL CANODE3POLEGADASTAURUS TAURUS 
KIT P/RECARREGAMENTO DE CARTUCHOS KITP__RECARREGAMENTODECARTUCHOS SEM MARCA 
MAQUINA PARA RECARREGAR CARTUCHOS CALIBRE 38 MAQUINAPARARECARREGARCARTUCHOSCALIBRE38 SEM MARCA 
KIT PARA RECARREGAR CARTUCHOS CALIBRE 38 KITPARARECARREGARCARTUCHOSCALIBRE38 SEM MARCA 
Pistola Smith e Wesson 9mm PISTOLASMITHEWESSON SMITH E WESSON 
SUBMETRALHADORA HK MP5 9MM SUBMETRALHADORAMP5A5C__CORONRETRATIL2CARREGBANDOLEIRAHK HK MP5 A5
"FUZIL DE ASSALTO BUSHMASTER AR15/XM-15 5,56MM CARABINASEMI-AUTOMATICA 02CARREG KITLIMP CORONTELESCOBUSHMASTER BUSHMASTER XM-15"
ARMARIO DE COZINHA E DE COPA. ARMARIODECOZINHAEDECOPA_S&ampA S&A PORTA DE MADEIRA
EXTINTOR PQS DE 1 KG. EXTINTORPQSDE1KG_ SEM MARCA 1KG
EXTINTOR CO2 DE 6 KG. EXTINTORCO2DE6KG_ SEM MARCA 6KG
EXTINTOR CO2 DE 6 KG EXTINTORCO2DE6KG SEM MARCA 6 KG
EXTINTOR PQS DE 6 KG EXTINTORPQSDE6KG SEM MARCA 6 KG
COMENTARIOS A LEI DE LICITACOES E CONTRATOS ADMINISTRATIVOS COMENTARIOSALEIDELICITACOESECONTRATOSADMINISTRATIVOSDIALETICA DIALETICA POR MARCAL JUSTEN FILHO
SUBMETRALHADORA HK MP5 9MM SUBMETRALHADORA MP5KPDW C__CORN_RETRATILEACESS_COMPLETOHK HK MP5 PDW/K
"CMERA DE VIDEO CCD 1/3, 12VDC CMERADEVIDEOCCD1__3 12VDCKODO KODO "
"7 MODULOS, ALCANCE 3000M, 100W, 12V, 4 TIPOS DE SOM 7MODULOS ALCANCE3000M 100W 12V 4TIPOSDESOMRONTAN RONTAN "
SCANIA K113 ONIBUS DIESEL 93 BRANCA BYA6725 RENAVAN-SCANIA SCANIA ONIBUS
"CAMERA DE VIDEO DE SEG., TIPO SENSOR CCD 1/3, 12V, COLOR FIX CAMERADEVIDEODESEG_ TIPOSENSORCCD1__3 12V COLORFIXMIRAN MIRAN "
MICRO CAMERA MICROCAMERA SEM MARCA BOTAO
MICRO TRANSMISSOR DE AUDIO E VIDEO MICROTRANSMISSORDEAUDIOEVIDEO SEM MARCA 
MICRO RECEPTOR DE AUDIO E VIDEO MICRORECEPTORDEAUDIOEVIDEO SEM MARCA 
MICRO VIDEO GRAVADOR DIGITAL MICROVIDEOGRAVADORDIGITAL SEM MARCA 
FIAT SIENA SIENA ALC__GAS 05 CINZA 4PORTAS JFQ6235 RENAVAN-851581048FIAT FIAT SIENA HLX FLEX
FIAT SIENA SIENA ALC__GAS 05 CINZA 4PORTAS JFQ6175 RENAVAN-851507662FIAT FIAT SIENA HLX FLEX
FIAT SIENA SIENA ALC__GAS 05 VERDE 4PORTAS JFQ6225 RENAVAN-851580360FIAT FIAT SIENA HLX FLEX
FIAT SIENA SIENA ALC__GAS 05 VERDE 4PORTAS JFQ6245 RENAVAN-851579515FIAT FIAT SIENA HLX FLEX
NISSAN FRONTIER NISSAN DIESEL PRETA XEDCX4 4X4 JFQ6255 RENAVAN-851619444NISSAN NISSAN CAMINHONETE
FIAT SIENA SIENA ALC__GAS 05 CINZA 4PORTAS JFQ6745 RENAVAN-851807895FIAT FIAT SIENA HLX FLEX
FIAT SIENA SIENA ALC__GAS 05 AZUL 4PORTAS JFQ6755 RENAVAN-851808662FIAT FIAT SIENA HLX FLEX
FIAT SIENA SIENA ALC__GAS 05 CINZA 4PORTAS JFQ6775 RENAVAN-851810012FIAT FIAT SIENA HLX FLEX
MAQUINA DE RECARGA DE MUNICAO COM ESTOJO E KIT MAQUINADERECARGADEMUNICAOCOMESTOJOEKITDILLONPRECISION DILLON PRECISION 
GM - CHEVROLET OMEGA OMEGA GAS 98 CD PRETA 4PORTAS JFO3510 RENAVAN-693268395CHEVROLET GM - CHEVROLET OMEGA
GM - CHEVROLET OMEGA OMEGA GAS 98 CD PRETA 4PORTAS JFO3490 RENAVAN-693267550CHEVROLET GM - CHEVROLET OMEGA
NISSAN X-TERRA XTERRA DIES 06 C__RADIOS__018NFQ05D7 JKH3451 REN-868689211NISSAN NISSAN CAMINHONETE
NISSAN FRONTIER NISSAN DIESEL 05 PRETA 4X4 JFQ7595 RENAVAN853181071NISSAN NISSAN CAMINHONETE
PISTOLA GLOCK G19 9MM PISTOLAC__MIRATRITIUM 02CARREGADORESEACESSORIOS_GLOCK GLOCK G19
PISTOLA GLOCK G17 9MM PISTOLAC__MIRATRITIUM 02CARREGADORESEACESSORIOS_GLOCK GLOCK G17
PISTOLA GLOCK G17 9MM PISTOLAC__MIRATRITIUM 02CARREGADORESEACESSORIOS_GLOCK GLOCK PISTOLA G 17
"EM FIBRA, USO OSTENSIVO, TAMANHO PEQUENO, PROTECAO 3250 MM2 EMFIBRA USOOSTENSIVO TAMANHOPEQUENO PROTECAO3250MM2CBC CBC NIVEL III A MP"
"EM FIBRA, USO OSTENSIVO, TAMANHO MEDIO, PROTECAO 3568 MM2 EMFIBRA USOOSTENSIVO TAMANHOMEDIO PROTECAO3568MM2CBC CBC NIVEL III A MM"
"EM FIBRA, USO OSTENSIVO, TAMANHO GRANDE,PROTECAO 3894 MM2 EMFIBRA USOOSTENSIVO TAMANHOGRANDE PROTECAO3894MM2CBC CBC NIVEL III A MG"
"EM FIBRA,USO OSTENSIVO,TAMANHO ESTRAGRANDE,.PROTECAO 4420MM EMFIBRA USOOSTENSIVO TAMANHOESTRAGRANDE _PROTECAO4420MMGLAGIO GLAGIO NIVEL IIIA EG"
SUBMETRALHADORA HK MP5 9MM SUBMETRALHADORA9MMVERSAOCURTAMP-5KA4HK HK MP5 PDW/K
VW - VOLKSWAGEN VOYAGE VEICULO76CV05LUGARESNACORCINZACLVOLKSWAGEN VW - VOLKSWAGEN VOYAGE
NISSAN FRONTIER MOD05 CORCINZA 4PORTAS FRONTIER4X4XENISSAN NISSAN CAMINHONETE
NISSAN FRONTIER MOD05 CORPRATA 4PORTAS FRONTIER4X4XENISSAN NISSAN CAMINHONETE
"FUZIL DE ASSALTO HK G36 5,56MM CARABINA TRILHOPICATINNY 06CARREGADORESP__30TIROSHK HK HK G36CV"
"FUZIL DE ASSALTO HK G36 5,56MM CARABINA MIRAOTICA3X PONTOVERMELHO06CARRG30CARTHK HK HK G36KV"
"FUZIL DE ASSALTO HK G36 5,56MM CARABINA MIRAOTICA3X PONTOVERMELHO 06CARRG 30CARTUCHHK HK HK G36KV"
"GUARDA-MAO COM LANTERNA PARA MP5A5LHO,06 CARRG, 30 CARTUCH GUARDA-MAOCOMLANTERNAPARAMP5A5LHO 06CARRG 30CARTUCHHK HK GUARDA MAO MP5A5-628"
TUBO DE EXTENSAO P/ CAMERA NIKON F6 TUBODEEXTENSAOP__CAMERANIKONF6NIKON NIKON PK11
TUBO DE EXTENSAO P/ CAMERA NIKON F6 TUBODEEXTENSAOP__CAMERANIKONF6NIKON NIKON PK12
TUBO DE EXTENSAO P/ CAMERA NIKON F6 TUBODEEXTENSAOP__CAMERANIKONF6NIKON NIKON PK13
FILTRO POLARIZADOR CIRCULA P/ CAMERA F6 NIKON FILTROPOLARIZADORCIRCULAP__CAMERAF6NIKONNIKON NIKON 52MM
LENTE OBJETIVA PARA CAMERA F6 NIKON LENTEOBJETIVAPARACAMERAF6NIKONNIKON NIKON 52MM
OCULAR ANTIEMBACANTE PARA CAMERA D2X NIKON OCULARANTIEMBACANTEPARACAMERAD2XNIKONNIKON NIKON DK 17
BATERIA PARA CAMERA D70S NIKON BATERIAPARACAMERAD70SNIKONNIKON NIKON EN EL3
CAMERA FOTOGRAFICA ANALOGIA CAMERAFOTOGRAFICAANALOGIANIKON NIKON F6
CAMERA FOTOGRAFICA DIGITAL CAMERAFOTOGRAFICADIGITALNIKON NIKON D2X
FILTRO AZUL PARA LENTE OBJETIVA FILTROAZULPARALENTEOBJETIVANIKON NIKON B12 52MM
CABO PARA ACIONAMENTO REMOTO CABOPARAACIONAMENTOREMOTONIKON NIKON MC 30
LENTE OBJETIVA PARA CAMERA LENTEOBJETIVAPARACAMERANIKON NIKON 105MM F/2.8 MICRO
LENTE OBJETIVA PARA CAMERA LENTEOBJETIVAPARACAMERANIKON NIKON 20MM F/2.8 AF-DO
ANEL ADAPTADOR PARA LENTES ANELADAPTADORPARALENTESNIKON NIKON BR2A
FILTRO PARA LENTE OBJETIVA FILTROPARALENTEOBJETIVANIKON NIKON L 37C 52MM
FILTRO PARA LENTE OBJETIVA FILTROPARALENTEOBJETIVANIKON NIKON L 37C 62MM
LENTE OBJETIVA PARA CAMERA LENTEOBJETIVAPARACAMERANIKON NIKON 18-70MM
LENTE OBJETIVA PARA CAMERA LENTEOBJETIVAPARACAMERANIKON NIKON 60MM F/2.8 MICRO
FLASH ELETRONICO PARA CAMERA FLASHELETRONICOPARACAMERANIKON NIKON SB800
CAMERA FOTOGRAFICA DIGITAL CAMERAFOTOGRAFICADIGITALNIKON NIKON D70S
MALA P/ TRANSPORTE DE CAMERA E ACESSORIOS MALAP__TRANSPORTEDECAMERAEACESSORIOSLOWEPRO LOWEPRO REPORTER 300AW
MALA P/ TRANSPORTE DE CAMERA E ACESSORIOS MALAP__TRANSPORTEDECAMERAEACESSORIOSLOWEPRO LOWEPRO LOAD RUNNER AW
CAMARA FOTOGRAFICA DIGITAL CAMARAFOTOGRAFICADIGITALCANON CANON PC-1156
CAMARA FOTOGRAFICA DIGITAL CAMARAFOTOGRAFICADIGITALSONY SONY DSC-H1
LANCADOR DE MUNIÇÃO MENOS LETAL CALIBRE 37/38MM LANCADORDEMUNICAONAOLETALCONDOR CONDOR AM-600
CAMERA FOTOGRAFICA DIGITAL CAMERAFOTOGRAFICADIGITALNIKON NIKON D200
GRAVADOR DE VOZ GRAVADORDEVOZ SEM MARCA 
MP3 PLAYER MP3PLAYER SEM MARCA 
RADIO PORTATIL P2G TRASCEPTORPORTATILEADS__TELECOM EADS/TELECOM TR1131 RADIO PORTATIL P2G
RÁDIO VEICULAR TETRAPOL ESTACAOMOVELVHF__UHFEADS__TELECOM EADS/TELECOM RADIO MOVEL PRO-HT6991
CARREGADOR PORTATIL DE BATERIA CARREGADORPORTATILDEBATERIAEADS__TELECOM EADS/TELECOM HR5913 CARREG BAT P/ VIAGEM
MICROFONE DE MAO MICROFONEDEMAOEADS__TELECOM EADS/TELECOM HR5975-MICROFONE DE MAO
MICROFONE DE CABECA MICROFONEDECABECAEADS__TELECOM EADS/TELECOM HR 7604-MICROFONE DE CABE«A
PK 1391 ANTENA PK1391ANTENAEADS__TELECOM EADS/TELECOM PK1391 ANTENA
MICROFONE VIP MICROFONEVIPEADS__TELECOM EADS/TELECOM HT 6183 MICROFONE TIPO VIP
CAPA DE COURO PARA TERMINAL P2G S CAPADECOUROPARATERMINALP2GSEADS__TELECOM EADS/TELECOM HR 1852 CAPA DE COURO
CLIP P/ CINTO CLIPP__CINTOEADS__TELECOM EADS/TELECOM HR 6210 CLIP PARA CINTO
ANTENA VERTICAL (KATHREIN) ANTENAVERTICAL_KATHREIN_EADS__TELECOM EADS/TELECOM 720 880 ANTENA VERTICAL
CABO PARA TELECOMUNICACOES CABOPARATELECOMUNICACOESEADS__TELECOM EADS/TELECOM HG5111A CABO DE RF 10M
CABO PARA TELECOMUNICACOES 30M CABOPARATELECOMUNICACOES30MEADS__TELECOM EADS/TELECOM HG5111B CABO DE RF
MASTRO TATICO MASTROTATICOEADS__TELECOM EADS/TELECOM MP7F/L
CABO DE RF COM 20M CABODERFCOM20MEADS__TELECOM EADS/TELECOM SCF 12 50J
TUBO PARA ACONDICIONAMENTO DE ANTENA TUBOPARAACONDICIONAMENTODEANTENAEADS__TELECOM EADS/TELECOM HT8231
"ALGEMA PARA PUNHOS EM ACO INOX, ACABAMENTO POLIDO ALGEMAPARAPUNHOSEMACOINOX ACABAMENTOPOLIDOSAFENITE SAFENITE TIPO DOBRADIA"
"ALGEMA PARA PUNHOS EM ACO INOX, ACABAMENTO POLIDO ALGEMAPARAPUNHOSEMACOINOX ACABAMENTOPOLIDOSAFELINE SAFELINE TIPO CORRENTE"
MAQUINA FOTOGRAFICA DIGITAL 6 MEGAPIXELS ZOOM OTICO 12X MAQUINAFOTOGRAFICADIGITAL6MEGAPIXELSZOOMOTICO12XPANASONIC PANASONIC LUMIX DMC-FZ7
MAQUINA FILMADORA DIGITAL ZOOM OTICO 15X MAQUINAFILMADORADIGITALZOOMOTICO15XJVC JVC GZ-MG21
PEN DRIVE DE 01 GB USB 2.0 PENDRIVEDE01GBUSB2_0KINGSTON KINGSTON L10D60C
MICROFONE SEM FIO MICROFONESEMFIOSHURE SHURE PGX24/5M58
MICROFONE SEM FIO MICROFONESEMFIOSHURE SHURE PGX24/PG58
CAMERA DIGITAL CAMERADIGITALSONY SONY 
CAMERA DIGITAL CAMERADIGITALSAMSUNG SAMSUNG 
CAMERA DIGITAL CAMERADIGITALSAMSUNG SAMSUNG DIGIMAX
CAMERA DIGITAL CAMERADIGITALTRON TRON 
FILMADORA DIGITAL FILMADORADIGITALSONY SONY DCR-DVD508
COLETE BALISTICO COLETEBALISTICOTAURUS TAURUS DISSIMULADO
CELULAR CELULARMOTOROLA MOTOROLA W375
CAMERA DIGITAL CAMERADIGITALSONY SONY DSC-49
LENTE FOTOGRAFICA LENTEFOTOGRAFICACANON CANON EFS 18-55
CAMERA VIDEO DIGITAL CAMERAVIDEODIGITALSONY SONY DCR-SR42
COLETE A PROVA DE BALAS NA COR BRANCA COLETEAPROVADEBALASNACORBRANCAGOLDFLEX GOLD FLEX RT ZAN 14G
NISSAN X-TERRA MOD_07 PRATA 5PORTAS XTERRA 4X4_NISSAN NISSAN CAMINHONETE
NISSAN X-TERRA MOD_07 PRETO 5PORTAS XTERRA 4X4_NISSAN NISSAN CAMINHONETE
MEMORIA PORTATIL MICROCOMPUTADOR MEMORIAPORTATILMICROCOMPUTADORPOWERPACK POWERPACK MP4 512MB POWERPACK
GM - CHEVROLET ASTRA SEDAN ASTRASEDANADVANTAGECHEVROLET GM - CHEVROLET ASTAR SEDAN ADVANTAG
PISTOLA GLOCK G26 9MM PISTOLAC__MIRATRITIUN 2CARREGADORESEACESSORIOS_GLOCK GLOCK G26
"ALGEMA DE METAL PARA PUNHOS COM CORRENT, EM ACO INOXIDAVEL. ALGEMADEMETALPARAPUNHOSCOMCORRENT EMACOINOXIDAVEL_SAFELINE SAFELINE PUNHO DUPLO"
GPS PORTATIL GPSPORTATILGARMIN GARMIN ETREX VI
"BINOCULO CURTO ALCANCE, AUMENTO:8X,DISTANCIA FOCAL:2,3METROS BINOCULOCURTOALCANCE AUMENTO:8X DISTANCIAFOCAL:2 3METROSTASCO TASCO "
"MINI GRAVADOR DE VOZ,DIGITAL,COR:PRATA MINIGRAVADORDEVOZ DIGITAL COR:PRATASONY SONY ICD-MX20"
TRIPE C/ CONTR.REMOTO P/CAMERAS DE VIDEO E DSC C/ESTOJO TRIPEC__CONTR_REMOTOP__CAMERASDEVIDEOEDSCC__ESTOJOSONY SONY VCT-D680RM
"MONOPE EM ALUMINIO ANODIZADO, COR PRETA, C/ ESTOJO MONOPEEMALUMINIOANODIZADO CORPRETA C__ESTOJOFANTIEV FANTIEV FT-1012"
CAMERA FOTOGRAFICA DIGITAL 7.2MP CAMERAFOTOGRAFICADIGITAL7_2MPSONY SONY DSC-W55
"CAMERA DE VIDEO DIGITAL HANDYCAM ZOOM 10/20X,3MP,VISOR COLOR CAMERADEVIDEODIGITALHANDYCAMZOOM10__20X 3MP VISORCOLORSONY SONY DCR-DVD308"
"EM FIBRA, USO OSTENSIVO, TAMANHO P, CAPA RIT STOP, PRETO EMFIBRA USOOSTENSIVO TAMANHOP CAPARITSTOP PRETOINBRA-TEXTIL INBRA-TEXTIL NIVEL III A"
"EM FIBRA, USO OSTENSIVO, TAMANHO M, CAPA RIT STOP, PRETO EMFIBRA USOOSTENSIVO TAMANHOM CAPARITSTOP PRETOINBRA-TEXTIL INBRA-TEXTIL NIVEL III A"
"EM FIBRA, USO OSTENSIVO, TAMANHO G, CAPA RIT STOP, PRETO EMFIBRA USOOSTENSIVO TAMANHOG CAPARITSTOP PRETOINBRA-TEXTIL INBRA-TEXTIL NIVEL III A"
"EM FIBRA, USO OSTENSIVO, TAMANHO EG,CAPA RIT STOP, PRETO EMFIBRA USOOSTENSIVO TAMANHOEG CAPARITSTOP PRETOINBRA-TEXTIL INBRA-TEXTIL NIVEL III A"
PISTOLA GLOCK G19 9MM PISTOLAC__MIRATRITIUM 04CARREGADORESEACESSORIOSGLOCK GLOCK G19
MITSUBISHI L200 L200CABINEDUPLAPRATAMITSUBISHI MITSUBISHI PICK-UP
FIAT MAREA VEICULO1_8 04PORTAS 05LUG_ MOD_2006 PRETO GASOL_FIAT FIAT MAREA
RENAULT MEGANE MOD_07 GASOL_ AZUL 4PORTASRENAULT RENAULT MEGANE SEDAN
CANERA FOTOGRAFICA DIGITAL CANERAFOTOGRAFICADIGITALSONY SONY MPEG MOVIE VX DSC-W5
RENAULT MEGANE RENAULTMEGANESEDANDINAMIQUE CINZAECLIPSEMETALICORENAULT RENAULT MEGANE SEDAN
DETECTOR DE METAIS TIPO RAQUETE DETECTORDEMETAISTIPORAQUETEDETRONIX DETRONIX METTUSMN
CAMERA FOTOGRAFICA DIGITAL CAMERAFOTOGRAFICADIGITALCANON CANON SX60HS
CAMERA FOTOGRAFICA DIGITAL CAMERAFOTOGRAFICADIGITALCANON CANON EOS REBEL XT
CAMERA FOTOGRAFICA DIGITAL CAMERAFOTOGRAFICADIGITALCANON CANON EOS 30D
CAMERA FOTOGRAFICA DIGITAL CAMERAFOTOGRAFICADIGITALCASIO CASIO EX-S880
CAMERA FOTOGRAFICA DIGITAL CAMERAFOTOGRAFICADIGITALSONY SONY DSC
CAMERA FOTOGRAFICA DIGITAL CAMERAFOTOGRAFICADIGITALSONY SONY 
FILMADORA FILMADORAPANASONIC PANASONIC NV-GS320
FILMADORA DIGITAL FILMADORADIGITALSONY SONY DCR-SR45
PALMTOP PALMTOPPALMTX PALM TX 
APARELHO GPS APARELHOGPSGARMIN GARMIN NUVI 250
LENTE CANON 18X55 MM LENTECANON18X55MMCANON CANON 
LENTE CANON 70X300 MM LENTECANON70X300MMCANON CANON 
APARELHO GPS APARELHOGPSGARMIN GARMIN NUVI 250W
PISTOLA GLOCK G19 9MM PISTOLAC__MIRATRITIUM02CARREGADORESEACESSORIOSGLOCK GLOCK G19
"CAMERA FOTOGRAFICA DIGITAL, RES 10 MEGAPIXEL, ZOOM 8X CAMERAFOTOGRAFICADIGITAL RES10MEGAPIXEL ZOOM8XSONY SONY DSC-H7"
PISTOLA GLOCK G17 9MM PISTOLAC__MIRATRITIUM 2CARREGADORESEACESSORIOSGLOCK GLOCK G17
MINI GRAVADOR DIGITAL MINIGRAVADORDIGITALPANASONIC PANASONIC 
RENAULT KANGOO KEKOKANGOO16VRENAULT RENAULT KANGOO
PISTOLA GLOCK G17 9MM PISTOLAC__MIRATRITIUM02CARREGADORESEACESSORIOSGLOCK GLOCK G17
PISTOLA GLOCK G19 9MM PISTOLAC__MIRATRITIUM O2CARREGADORESEACESSORIOSGLOCK GLOCK G19
LANCADOR DE MUNIÇÃO MENOS LETAL CALIBRE 12 PROJETORCALIBRE12PARACARTUCHOSDEMUNICAOQUIMICACONDOR CONDOR 
LANCADOR DE MUNIÇÃO MENOS LETAL CALIBRE 37/38MM LANCADORDEMUNICOESNAOLETAISCONDOR CONDOR AM-600
"BATERIA DE ALTA CAPACIDADE DE IONS DE LITIO 7,4 V BATERIADEALTACAPACIDADEDEIONSDELITIO7 4VEADS__TELECOM EADS/TELECOM HR7471AAAA01"
MICROFONE TIPO VIP PARA RADIO TPH600 HR7725 ARICULAR MICROFONETIPOVIPPARARADIOTPH600HR7725ARICULAREADS__TELECOM EADS/TELECOM HR7725
RADIO HT TPH600 RADIOPORTATILTPH600EADS__TELECOM EADS/TELECOM HT8381 RADIO PORTATIL THP
FIAT PALIO PALIOELX5PT CORPRATABARI PITURAMETALICA_FIAT FIAT PALIO
"TELEVISOR DE 32"", LCD, BIVOLT TELEVISORDE32_ LCD BIVOLTPANASONIC PANASONIC TC-32LX80LB"
PISTOLA DE DESCARGA ELETRICA TASER M26/X26 PISTOLADEDESCARGAELETRICAX26TASER TASER X26
PISTOLA DE DESCARGA ELETRICA TASER X26 PISTOLADEDESCARGAELETRICAX26TASER TASER PISTOLA TASER
PISTOLA DE DESCARGA ELETRICA TASER M26/X26 PISTOLADEDESCARGAELETRICA NAOLETAL DEFENSIVADEIMOBITASER TASER M26
CAMARA FOTOGRAFICA DIGITAL CAMARAFOTOGRAFICADIGITALCANON CANON DS126071
PISTOLA GLOCK G17 9MM PISTOLAC__MIRATRITIUM02CARREGADORESEACESSOREIOSGLOCK GLOCK G17
FORD FOCUS SEDAN VEICULOFORDFOCUSSEDAN 2_0OLGASOLINAFORD FORD FOCUS SEDAN
PISTOLA GLOCK G17 9MM PISTOLACOMMIRATRITIUM 02CARREGADORESEACESSORIOGLOCK GLOCK G17
PISTOLA IMBEL 911A1 45 PISTOLASEMI-AUTOMATICA CANO120MM MODELO911A1IMBEL IMBEL 
MICROFONE DE MAO PARA RADIO TPH600 MICROFONEDEMAOPARARADIOTPH600EADS__TELECOM EADS/TELECOM HR7707
MICROFONE TIPO VIP PARA RADIO TPH600 HP7725 MICROFONETIPOVIPPARARADIOTPH600HP7725EADS__TELECOM EADS/TELECOM HR7725
HD COM GAVETA EXTERNA PARA NOTEBOOK 500GB HDCOMGAVETAEXTERNAPARANOTEBOOK500GBSAMSUNG SAMSUNG HM500JI
FIAT PALIO WEEKEND FIATPALIOWEEKENDCORPRATARENAVAM841735565FIAT FIAT PALIO
MERCEDES BENZ SPRINTER SPRINTER310MICROONIBUSRENAVAM687878039MERCEDESBENZ MERCEDES BENZ VAN
YAMAHA XT 600 Z TENERE MOTOCICLETAXT600CORBRANCA__AZULYAMAHA YAMAHA MOTOCICLETA
VW - VOLKSWAGEN GOL AUTOMOVEL4PORTASCORPRATAVOLKSWAGEN VW - VOLKSWAGEN GOL
VW - VOLKSWAGEN GOL AUTOMOVEL4PORTASCORBEGEVOLKSWAGEN VW - VOLKSWAGEN GOL
GM - CHEVROLET ASTRA SEDAN ASTRAELITE4PORTASCORBRANCACHEVROLET GM - CHEVROLET ASTRA SEDAN ELITE
GM - CHEVROLET ASTRA SEDAN ASTRAELITE4PORTASCORPRETACHEVROLET GM - CHEVROLET ASTRA SEDAN ELITE
GM - CHEVROLET VECTRA SEDAN VECTRAMILENIUM4PORTASCORPRATACHEVROLET GM - CHEVROLET VECTRA
VW - VOLKSWAGEN GOL GOLMI4PORTASCORVERMELHAVOLKSWAGEN VW - VOLKSWAGEN GOL
NISSAN FRONTIER NISSANPATROL4_24PORTASCORVERDENISSAN NISSAN PICK-UP
MITSUBISHI L200 MITSUBISHI4PORTASCORAZULMITSUBISHI MITSUBISHI PICK-UP
MITSUBISHI PAJERO MITSUBISHIPAJERO4PORTASTRACAO4X4CORPRATAMITSUBISHI MITSUBISHI PAJERO
5.1 MP PRATA 5_1MPPRATANIKONCOOLPIX5600 NIKON COOLPIX5600 NIKON COOLPIX5600
CAMERA FOTOGRAFICA DIGITAL CAMERAFOTOGRAFICADIGITALOLYMPUS OLYMPUS D-395
MITSUBISHI L200 VEICULO4X4GL2_5L4P5PASSAGCORPRATAEVOLUTIONMITSUBISHI MITSUBISHI PICK-UP
MITSUBISHI L200 PICK-UPL200CABINEDUPLAPRETOLAMPMITSUBISHI MITSUBISHI L-200
MITSUBISHI L200 PICK-UPL200CABINEDUPLAPRETOLAMPMITSUBISHI MITSUBISHI L200
MITSUBISHI L200 PICK-UPL200CABINEDUPLACINZAHEMATITAMITSUBISHI MITSUBISHI L-200
MITSUBISHI L200 PICK-UPL200CABINEDUPLAPRATATECNOMITSUBISHI MITSUBISHI L-200
GM - CHEVROLET ASTRA SEDAN ASTRASEDANADVANTAGEFLEXPOWER08__09PRETOLISZTCHEVROLET GM - CHEVROLET ASTRA SEDAN
GM - CHEVROLET ASTRA SEDAN ASTRASEDANADVANTAGEFLEXPOWER08__09PRATAPOLARISCHEVROLET GM - CHEVROLET ASTRA SEDAN
GM - CHEVROLET ASTRA SEDAN ASTRASEDANADVANTAGEFLEXPOWER08__09CINZABLUETCHEVROLET GM - CHEVROLET ASTRA SEDAN
TOYOTA COROLLA COROLLAXLI1_8FLEX16VALVULASPRETOECLIPSETOYOTA TOYOTA COROLLA
TOYOTA COROLLA COROLLAXLI1_8FLEX16VALVULASPRETOBEGETOYOTA TOYOTA COROLLA
TOYOTA COROLLA COROLLAXLI1_8FLEX16VALVULASPRATATOYOTA TOYOTA COROLLA
GUARADA-MAO COM LANTERNA PARA MP5A5-628 GUARADA-MAOCOMLANTERNAPARAMP5A5-628HK HK GUARDA-MAO MP5A5-628
GM - CHEVROLET CELTA VEICULODEPASSAGEIROSMOTOR1_0CHEVROLET GM - CHEVROLET CELTA
PEUGEOT 206 VEICULODEPASSAGEIROSMOTOR1_4PEUGEOT PEUGEOT 206
MICROFONE VIP PARA RADIO TPH600 MICROFONEVIPPARARADIOTPH600EADS__TELECOM EADS/TELECOM HR7725
CENTRAL DO SISTEMA TELEFONICO DIGITAL MULTIPLEX 24 TRONCOS CENTRALDOSISTEMATELEFONICODIGITALMULTIPLEX24TRONCOSHICOM300SIEMENS HICOM 300 SIEMENS 16 R 176 RAMAIS
KIT COMPOSTO POR 45 LIVROS KITCOMPOSTOPOR45LIVROSEDITORADIVERSAS EDITORA DIVERSAS AUTORES DIVERSOS
GUIA DO CONJ DE CONH EM GER. PRO. GUIADOCONJDECONHEMGER_PRO_PROJECTMANAGEMENTIN PROJECT MANAGEMENT IN 
KIT COMPOSTO 19 LIVROS KITCOMPOSTO19LIVROSPROJECTMANAGEMENTIN PROJECT MANAGEMENT IN AUTORES DIVERSOS
FIAT DOBLO CAMIONETEFIATDOBLOCARGO 02PASSAGEIROS 04CILFIAT FIAT DOBLO
"BATERIA DE ALTA CAPACIDADE DE IONS DE LITIO 4,7V BATERIADEALTACAPACIDADEDEIONSDELITIO4 7VEADS__TELECOM EADS/TELECOM HR7471AAA01"
RADIO HT TPH600 RADIOPORTATILTPH600EADS__TELECOM EADS/TELECOM HT8381
FONE OUVIDO FONEOUVIDOPHILIPS PHILIPS SHP 2500
MAQUINA PARA CORTE DE CABELO MAQUINAPARACORTEDECABELOPROBRASIL PROBRASIL 
TAPETE SERAT INDIANO LA E ALGODAO TAPETESERATINDIANOLAEALGODAO SEM MARCA 
MITSUBISHI L200 L200PICK-UP5PASSAGCORCINZAMITSUBISHI MITSUBISHI PICK-UP
"NAVEGADOR VIA GPS,C/CARTAO MEM.1GB E CABOS NAVEGADORVIAGPS C__CARTAOMEM_1GBECABOSGARMIN GARMIN NUVI 760"
BINOCULO ECHO 10X25 A PROVA DAGUA BINOCULOECHO10X25APROVADAGUABRUNTONECHO BRUNTON ECHO 10X25
"KIT MOVEL OBTENCAO DE DADOS CELULAR,C/NOTEBOOK E MALETA KITMOVELOBTENCAODEDADOSCELULAR C__NOTEBOOKEMALETA SEM MARCA "
GRAVADOR DIGITAL PORTATIL DE VOZ+CABOS GRAVADORDIGITALPORTATILDEVOZ+CABOSOLYMPUS OLYMPUS VN410PC
"MAQ.FOT.DIG.,CANON,10MP ZOOM OTICO DE 6X C/CABOS MAQ_FOT_DIG_ CANON 10MPZOOMOTICODE6XC__CABOSCANON CANON A2000IS"
"FURADEIRA/PARAFUSADEIRA S/FIO,C/02BATERIAS E CARREGADOR FURADEIRA__PARAFUSADEIRAS__FIO C__02BATERIASECARREGADORBLACK&ampDECKER BLACK&DECKER VPX7V"
"CADEIRA GIRATORIA COM RODIZIOS, ESPALDAR MEDIO COR AZUL CADEIRAGIRATORIACOMRODIZIOS ESPALDARMEDIOCORAZULTECNO TECNO CADEIRA"
CADEIRA GIRATORIA COM RODIZIO CADEIRAGIRATORIACOMRODIZIOGIROFLEX GIROFLEX GF-11
CADEIRA FIXA SEM BRACO CADEIRAFIXASEMBRACOKI KI EINSTEIN-EC16
CARTEIRA INDIVIDUAL CARTEIRAINDIVIDUALXX XX XX
CARTEIRA INDIVIDUAL TRAPEZOIDAL CARTEIRAINDIVIDUALTRAPEZOIDALABAFLEX ABAFLEX MAC-1A
CADEIRA ESCOLAR EM FIBRA E ALUMNIO CADEIRAESCOLAREMFIBRAEALUMNIOK1 K1 EINSTEIN-EC16
"MONITOR LCD 17"" MPRII MONITORLCD17_MPRIIHP HP S7502"
"IMPRESSORA LASER MONOCROMATICA, 110/220 VOLTS IMPRESSORALASERMONOCROMATICA 110__220VOLTSXEROX XEROX PHASER 3428DN"
MESA AUXILIAR EM MARFIM MED. 1200X600X750MM MESAAUXILIAREMMARFIMMED_1200X600X750MMITALIAOFFICE ITALIA OFFICE MESA AUXILIAR
PISTOLA GLOCK G26 9MM PISTOLACOMMIRATRITIUM_GLOCK GLOCK G26
PISTOLA GLOCK G26 9MM PISTOLACOMMIRATRITIUMGLOCK GLOCK G26
PISTOLA GLOCK G19 9MM PISTOLACOMMIRADETRITIUMGLOCK GLOCK G19
PISTOLA GLOCK G26 9MM PISTOLACOMMIRADETRITIUMGLOCK GLOCK G26
BANCADA DE ARMAZENAMENTO DE EQUIPAMENTOS TIPO 1 BANCADADEARMAZENAMENTODEEQUIPAMENTOSTIPO1ACECO ACECO SLIMDATA
BANCADA DE ARMAZENAMENTO DE EQUIPAMENTOS TIPO 2 BANCADADEARMAZENAMENTODEEQUIPAMENTOSTIPO2ACECO ACECO SLIMDATA
ARMARIO VOLANTE DE MADEIRA ARMARIOVOLANTEDEMADEIRAOFFICEBRASIL OFFICEBRASIL CRIADO MUDO
ESTABILIZADOR DE TENSAO ESTABILIZADORDETENSAOSMS SMS UAPA4 OBIFX 115
GAVETEIRO COM 4 GAVETAS GAVETEIROCOM4GAVETASITALIAOFICCE ITALIA OFICCE 
COMUTADORES DE DISTRIBUICAO TIPO 3 DE 48 PORTAS COMUTADORESDEDISTRIBUICAOTIPO3DE48PORTAS3COM 3COM 4500G
APARELHO TELEFONICO SOUNDPOINT IP 430 APARELHOTELEFONICOSOUNDPOINTIP430POLYCOM POLYCOM IP430 SIP
RÁDIO VEICULAR TETRAPOL RADIOMOVELPRO-HT6991EADS__TELECOM EADS/TELECOM HT 6991
RADIO HT TPH600 RADIOPORTATILTPH600EADS__TELECOM EADS/TELECOM HT8381 RDIO PORTTIL TPH600
CARREGADOR DE BATERIA MULTIPLO CARREGADORDEBATERIAMULTIPLOEADS__TELECOM EADS/TELECOM HR 8086
RADIO HT TPH600 RADITRANCEPTORPORTATILDIGITALCALISTOHT8331TPH600EADS__TELECOM EADS/TELECOM HT8331
RADIO HT TPH600 RADIOTRANSCEPTORPORTATILHT8381TPH600EADS__TELECOM EADS/TELECOM HT8381
"FUZIL DE ASSALTO BUSHMASTER AR15/XM-15 5,56MM CARABINASEMI-AUTOMATICAC__02CARREG_KITLIMP_CORON_TELESCBUSHMASTER BUSHMASTER XM-15"
PISTOLA GLOCK G17 9MM PISTOLAC__MIRATRITIUM02CARREGADOESEACESSORIOGLOCK GLOCK G17
ALGEMA DE ACO INOXIDAVEL. ALGEMADEACOINOXIDAVEL_GERMAN GERMAN ALGEMA
PISTOLA GLOCK G17 9MM PISTOLAC__MIRATRITIUM 03CARREGADORESEACESSORIOSGLOCK GLOCK G17
PISTOLA GLOCK G17 9MM PISTOLAC__MIRATRITIUM 3CARREGADORESEACESSORIOSGLOCK GLOCK G17
PISTOLA GLOCK G19 9MM PISTOLAC__MIRATRITIUM 3CARREGADORESEACESSORIOSGLOCK GLOCK G19
PISTOLA GLOCK G26 9MM PISTOLAC__MIRATRITIUM02CARREGADORESEACESSORIOSGLOCK GLOCK G26
PISTOLA GLOCK G26 9MM COMMIRADETRITIUM 02CARRGADORESEACESSORIOSGLOCK GLOCK G26
PISTOLA GLOCK G17 9MM PISTOLAC__MIRATRITIUM 02CARREGADORESEACESSORIOAGLOCK GLOCK G17
ESPINGARDA BENELLI CAL. 12 RIFLEMARCABENELLIMODELO121M-1CALIBRE12NR244620BENELLI BENELLI M1
PISTOLA GLOCK G17 9MM PISTOLACOMMIRATRITIUM 02CARREGADORESEACESSORIOSGLOCK GLOCK G17
PISTOLA GLOCK G19 9MM PISTOLAMIRATRITIUM C__3CARREGADORESEACESSORIOSGLOCK GLOCK G19
PISTOLA GLOCK G26 9MM PISTOLAGLOCKG269X19MM GLOCK G26
PISTOLA GLOCK G17 9MM PISTOLACOMMIRATRITIUM COM3CARREGADORESEACESSORIOSGLOCK GLOCK G17
NOTEBOOK THINKPAD NOTEBOOKTHINKPADLENOVO LENOVO T61
PISTOLA GLOCK G19 9MM PISTOLAC__MIRATRINTIUM 02CARREGADORESEACESSORIOSGLOCK GLOCK G19
PISTOLA GLOCK G26 9MM PISTOLACOMMIRATRITIUM 02CARREGADORESEACESSORIOSGLOCK GLOCK G26
"FUZIL DE ASSALTO BUSHMASTER AR15/XM-15 5,56MM CARABINASEMI-AUTOMATICA 02CARREG_ CORONHATELESCOPICA_BUSHMASTER BUSHMASTER XM-15"
PISTOLA GLOCK G26 9MM PISTOLA 9MM MARCAGLOCK MODELOG26 COM02CARREG_EACESGLOCK GLOCK G26
FIAT MAREA VEICULOMAREA1_8 04PORTAS MOD_2006 CORPRETO GASOLINAFIAT FIAT MAREA
PISTOLA GLOCK G19 9MM PISTOLAC__MIRATRITIUM 02CARREGADORESGLOCK GLOCK G19
NISSAN X-TERRA XTERRA DIES 06 C__RADIOS__018NFQ05KO JKH3331 REN-868726982NISSAN NISSAN CAMINHONETE
PISTOLA GLOCK G17 9MM PISTOLAG17C__MIRATRITIUM 02CARREGADORESEACESSORIOSGLOCK GLOCK G17
PISTOLA GLOCK G19 9MM PISTOLAG19C__MIRATRITIUM 02CARREGADORESEACESSORIOSGLOCK GLOCK G19
PISTOLA GLOCK G17 9MM PISTOLAGLOCKC__MIRATRIUM 02CARREGADORESEACESSORISOGLOCK GLOCK G17
PISTOLA GLOCK G26 9MM PISTOLAC__MIRATRITIUM 02CARREGADORESEACESSORIOS_GLOCK GLOCK G26
PISTOLA GLOCK G17 9MM PISTOLAC__MIRATRITIUM 03CARREGADORESEACESSORIOS_GLOCK GLOCK G17
PISTOLA GLOCK G17 9MM PISTOLAC__MIRATRITIUM 03CARREGADORESEACESSORIOSGLOCK_ GLOCK G17
PISTOLA GLOCK G19 9MM PISTOLAGLOCKMOD_G17 G19EG26 COMMIRADETRITIUN_GLOCK GLOCK G19
PISTOLA GLOCK G26 9MM PISTOLAGLOCKMOD_G17 G19EG26 COMMIRADETRITIUN_GLOCK GLOCK G26
PISTOLA GLOCK G26 9MM PISTOLAC__MIRATRITIUM 2CARREGADRESEACESSORIOSGLOCK GLOCK G26
"FUZIL DE ASSALTO BUSHMASTER AR15/XM-15 5,56MM CARABINASEMI-AUTOM_ BUSHNASTER 2CARREG_ CAL_556 TELESC_BUSHMASTER BUSHMASTER XM-15"
"FUZIL DE ASSALTO COLT M16 E SIMILARES 5,56MM FUZILCOLTM-16-A2 MOD_701 CALIBRE223 SER_8109587 COLT_COLT COLT M16 A2"
"FUZIL DE ASSALTO COLT M16 E SIMILARES 5,56MM FUZILCOLTM-16-A2 MOD_732 SER_8110520 COLT_COLT COLT M16 A2"
PISTOLA GLOCK G17 9MM PISTOLACOMMIRATRITIUM 02CARREGADORES_EPFMARQUES_GLOCK GLOCK G17
PISTOLA GLOCK G26 9MM PISTOLAC__MIRATRITRUM 02CARREGADORESEACESSORIOSGLOCK GLOCK G26
RADIO HT TPH700 TRANSCEPTORPORTATILHT8480TPH700_EADS__TELECOM EADS/TELECOM HT8480
BALANCA DE PRECISAO BALANCADEPRECISAOMETTLER METTLER PM-4600
CAMARA DE CIANOCRILATO CAMARADECIANOCRILATO SEM MARCA 
ESTANTE DE ACO MED.900X450X2000MM ESTANTEDEACOMED_900X450X2000MMCOMANDO COMANDO 
GAVETEIRO PEDESTRAL MED 450X600X750MM GAVETEIROPEDESTRALMED450X600X750MMGPG GPG 
FOGAO COR BRANCA QUATRO BOCAS FOGAOCORBRANCAQUATROBOCASDAKO DAKO SUPREMA
MASA ESTATIVA COM TORRE MED 40CM MASAESTATIVACOMTORREMED40CM SEM MARCA 
MESA AUXILIAR P/ CONEXAO PEQUENA MESAAUXILIARP__CONEXAOPEQUENABRADIV BRADIV 
COFRE C/ CHAVE E SEGREDO DE 3 NUMEROS 80X40X40 200KG COFREC__CHAVEESEGREDODE3NUMEROS80X40X40200KGHOLDINGDOBRASIL HOLDING DO BRASIL SA082
MESA AUXILIAR P/ CONEXAO MEDIA 800X600X750MM MESAAUXILIARP__CONEXAOMEDIA800X600X750MMMAM MAM 
MESA AUXILIAR P/ CONEXAO GRANDE 1200X600X750MM MESAAUXILIARP__CONEXAOGRANDE1200X600X750MMMAG MAG 
ESTACAO DE TRABALHO MED.1500X1500X750MM ESTACAODETRABALHOMED_1500X1500X750MMBRADIV BRADIV 
GAVETEIRO VOLANTE MED.450X570X620MM GAVETEIROVOLANTEMED_450X570X620MMBRADIV BRADIV 
ARMARIO ALTO COM PORTAS E PRATELEIRAS MED.100X500X1600MM ARMARIOALTOCOMPORTASEPRATELEIRASMED_100X500X1600MMBRADIV BRADIV 
ARMARIO ALTO COM PORTAS E PRATELEIRAS MED.800X500X1600MM ARMARIOALTOCOMPORTASEPRATELEIRASMED_800X500X1600MMBRADIV BRADIV 
ARMARIO BAIXO COM PORTAS MED.800X500X750MM ARMARIOBAIXOCOMPORTASMED_800X500X750MMBRADIV BRADIV 
ARMARIO BAIXO COM PORTAS MED.1000X500X750MM ARMARIOBAIXOCOMPORTASMED_1000X500X750MMBRADIV BRADIV 
MESA DE CHEFIA 2400 (RAIO500)X1400X750MM MESADECHEFIA2400_RAIO500_X1400X750MMBRADIV BRADIV 
MESA DE REUNIAO 2200X1200X750MM SEMI OVAL MESADEREUNIAO2200X1200X750MMSEMIOVALBRADIV BRADIV 
MESA RETANGULAR MEDIA 1800X800X750MM MESARETANGULARMEDIA1800X800X750MMBRADIV BRADIV 
REFRIGERADOR REFRIGERADORCONSUL CONSUL 
MESA RETANGULAR MESARETANGULARRD RD 
GAVETEIRO VOLANTE COM 03 GAVETAS GAVETEIROVOLANTECOM03GAVETASSEBBA SEBBA 
"ARMARIO ALTO MARF/PRETO 1000X500X1600, C/ 2 PT E 3 PRATELEIR ARMARIOALTOMARF__PRETO1000X500X1600 C__2PTE3PRATELEIRBORTOLINI BORTOLINI "
"ARMARIO BAIXO MART/PRETO, C/ 2 PT E 1 PRATELEIRA ARMARIOBAIXOMART__PRETO C__2PTE1PRATELEIRABORTOLINI BORTOLINI "
ESTACAO DE TRABALHO TAMPO UNICO MARF/PRETO ESTACAODETRABALHOTAMPOUNICOMARF__PRETOBORTOLINI BORTOLINI 
"GAVETEIRO PEDESTAL C/ RODIZIO, 3 GAVETAS, MARFIM. GAVETEIROPEDESTALC__RODIZIO 3GAVETAS MARFIM_BORTOLINI BORTOLINI "
LAPTOP COM ACESSORIOS LAPTOPCOMACESSORIOSDELL DELL LATITUDE D520
LEITOR AO VIVO LEITORAOVIVOLSGUARDIAN LS GUARDIAN CROSSMATCH
MONITOR 19 POL MONITOR19POLSAMSUNG SAMSUNG 943 BMX
COMPUTADOR COM GRAVADORA DE DVD COMPUTADORCOMGRAVADORADEDVDLENOVO LENOVO THINKCENTRE M57P
COMPUTADOR COM GRAVADORA DE DVD COMPUTADORCOMGRAVADORADEDVDLENOVO LENOVO THINKCENTER M57P
MONITOR LCD 20 POL MONITORLCD20POLSAMSUNG SAMSUNG 206 BW
COMUTADOR KVM COMUTADORKVMBELKIN BELKIN F1D5104T
NOTEBOOK NOTEBOOKLENOVO LENOVO THINKPAD_T60
MONITOR 20 POL MONITOR20POLSAMSUNG SAMSUNG SYNCMASTER 2043BW
MONITOR 20 POL MONITOR20POLSAMSUNG SAMSUNG LS19MYKEFV
MICROCOMPUTADOR PENTIUM IV MICROCOMPUTADORPENTIUMIVCHIEIFTEC CHIEIFTEC 
GAVETEIRO PEDESTAL C/ 04 GAVETAS GAVETEIROPEDESTALC__04GAVETASGRIF GRIF 
LEITORA DE CODIGO DE BARRAS LEITORADECODIGODEBARRASMETROLOGIC METROLOGIC MS9520
MAQUINA FOTOGRAFICA DIGITAL MAQUINAFOTOGRAFICADIGITALCANON CANON POWER SHOT A470
PISTOLA GLOCK G17 9MM ARMADEFOGODEPEQUENOPORTE TIPOREVOLVER__PISTOLA GLOCK G17
REFRIGERADOR REFRIGERADORDUPLEX fristfree 462LT_ BRANCA_ ELETROLUX FREE HORI REFRUGERADOR FROST FREE
"FOGAO 04 BOCAS, ELETRICO FOGAO04BOCAS ELETRICO inoxconvencional CONTINENTAL. 04 BOCAS"
"FORNO DE MICRONDAS PARA COZINHA, 27LTS, SIMPLES TOQUE FORNODEMICRONDASPARACOZINHA 27LTS SIMPLESTOQUE ELECTROLUX MEF33"
REFRIGERADOR REFRIGERADOR220VOLTS ELETCTROLUX RDE 30
"REFRIGERADOR REFRIGERADORDUPLEX 446LT_ BRANCA_ ELETROLUX, ELETCTROLUX 0248DBA"
REFRIGERADOR REFRIGERADORDUPLEX 446LT_ BRANCA_ ELECTROLUX DC48
CADEIRA ALTA TIPO CAIXA COM BRA$OS REGUL VEIS poltronagiratoriacombracoerodizio TECNOCOOP UNIPER 
MESA PARA TELEFONIA MESAPARATELEFONIA ASTRA/ERICSON ASTRA
"APARELHO TELEFONICO AA, ERICSON APARELHOTELEFONICOAA ERICSON ASTRA/ERICSON "
"APARELHO TELEFONICO AA, ERICSON APARELHOTELEFONICOAA ERICSON ASTRA, ASTRA/ERICSON DIALOG 4223"
CENTRAL TELEFONICA ANALOGICA DIGITAL CENTRALTELEFONICAANALOGICADIGITAL ASTRA/ERICSON 
APARELHO DE COMUNICACAO GPS 1300 APARELHODECOMUNICACAOGPS GARMIN 60CSX 1300
"REPRODUTOR E ARMAZENADOR DE IMAGEM E SOM IPOD, 30GB, APPLE REPRODUTOREARMAZENADORDEIMAGEMESOMIPOD 30GB APPLE APPLE "
"REPRODUTOR E ARMAZENADOR DE IMAGEM E SOM IPOD, 30GB, APPLE REPRODUTOREARMAZENADORDEIMAGEMESOMIPOD 30GB APPLE APPLE 30GB"
APARELHO TELEFONICO DIGITAL C/ACESSORIOS APARELHOTELEFONICODIGITALC__ACESSORIOS ASTRA 
DESKTOP COMPAQ ATHLON 64X2 4400+ (2.3GHZ) 65W ALL DESKTOPCOMPAQATHLON64X24400+_2_3GHZ_65WALL HP 
"RASTREADOR PORTATIL COM GPS, GSM, GPRS E BATERIA PARA 10 DIA RASTREADORPORTATILCOMGPS GSM GPRSEBATERIAPARA10DIA GARMIN "
CHAVEIRO C/MICROCAMERA CHAVEIROC__MICROCAMERA OEM 
MICRO CAMERA BOTAO DVR MICROCAMERABOTAODVR OEM 
GERADOR DE CARACTERES GERADORDECARACTERESmonofasicoagasolina950w12vdc MOBCON 
"REPRODUTOR E ARMAZENADOR DE IMAGEM E SOM IPOD, 30GB, APPLE REPRODUTOREARMAZENADORDEIMAGEMESOMIPOD 30GB APPLE APLLE "
COMPUTADOR NOTEBOOK COMPUTADORNOTEBOOK HP 
COMPUTADOR NOTEBOOK COMPUTADORNOTEBOOK ACER ASPIRE-5738-6069
COMPUTADOR NOTEBOOK COMPUTADORNOTEBOOK ACER ASPIRE-5542-1325
COMPUTADOR NOTEBOOK COMPUTADORNOTEBOOK ACER 5230-E
COMPUTADOR NOTEBOOK COMPUTADORNOTEBOOK ACER ASPIRE-5740-5847
PROJETOR PROJETORMULTIMIDIA EPSON H 309 A
APARELHO DE SOM APARELHODESOM POWERPACK DVTV-728B
APARELHO DE SOM APARELHODESOM POWERPACK DVTV728B
APARELHO DE GPS APARELHODEGPS FOSTON FS-441B
APARELHO DE GPS APARELHODEGPS FOSTON FS-500DT
"APARELHO DE GPS APARELHODEGPS ORANGE, FOSTON G-520"
APARELHO DE GPS APARELHODEGPS BAK BK-4304
GPS BAK GPSBAK BAK BK 4305
APARELHO DE GPS APARELHODEGPS BAK BK-5002
SCANER SCANERMARCAAVISIONMODELOAV220D2 AVISION AV220D2
"MONITOR DE LCD MONITORDELCDv223wejbd ACER, ACER. V223W"
CADEIRA CADEIRA TECNO2000 
"CADEIRA, COR PRETA CADEIRA CORPRETA SEM MARCA "
FRAGMENTADORA FRAGMENTADORA LEADERCHIP 7342
"MAQUINA/CAMERA FOTOGRAFICA DIGITAL MAQUINA__CAMERAFOTOGRAFICADIGITAL FUJIHSIO, FUJITSU FINEPIX HSIO"
"MAQUINA/CAMERA FOTOGRAFICA DIGITAL MAQUINA__CAMERAFOTOGRAFICADIGITAL FUJIHSIO, FUJITSU FINEPIX S2500HD"
"MAQUINA/CAMERA FOTOGRAFICA DIGITAL MAQUINA__CAMERAFOTOGRAFICADIGITAL FUJIHSIO, FUJITSU FINEPIX"
APARELHO DE TELEFONE SEM FIO APARELHODETELEFONESEMFIO PANASONIC KXTG1311LA
CAMARA FILMADORA DIGITAL CAMARAFILMADORADIGITAL SONY DCR-SR47
"NOTEBOOK EMACHINES NOTEBOOKEMACHINES EMACHINE, EMACHINES 25-1330"
NOTEBOOK NOTEBBOK APPLE MACBOOK PRO A1278
APARELHO DE TELEFONE SEM FIO. APARELHODETELEFONESEMFIO_ PANACONIC KXTG2208B
APARELHO DE GPS APARELHODEGPS FOSTON 
MONITOR CRISTAL LIQUIDO MONITORCRISTALLIQUIDO LG FLATRON W22435-PF
MONITOR CRISTAL LIQUIDO MONITORCRISTALLIQUIDO AOC TFT22WG0PS
NOTEBOOK ACER NOTEBOOKACER ACER ASPIRE 5738G-6364
NOTEBOOK ACER NOTEBOOKACER ACER 
NOTEBOOK ACER NOTEBOOKACER ACER ASPIRE 5810TZ-4266
NOBREAK NOBREAK ENERMAX 0808110425446000099
NOBREAK NOBREAK ENERMAX ENERMAX
RADIO HT TPH600 5206-APARELHOSEEQUIPAMENTOSDECOMUNICACAO EADS / TELECOM 
EQUIPAMENTO CENTRAL DE REDE EQUIPAMENTODEREDEMICROTIC_ MICROTIC 
IMPRESSORA IMPRESSORAgodexdetermotranferenciaez-1105pluserso GODEX EZ1105
PLASTIFICADORA PLASTIFICADORA SF 38/2010 SF38/2010
"SCANER DE MESA COLORIDO SCANERDEMESA VISION BRAND, VISION AV220D2+"
CAMERA FILMADORA TIPO DIGITAL CAMERAFILMADORATIPODIGITAL SONY HDR-HC9
"HD EXTERNO, MARCA SEAGATE, 640GB HDEXTERNO MARCASEAGATE 640GB SEAGATE, CANON "
"HD EXTERNO, MARCA SEAGATE, 640GB HDEXTERNO MARCASEAGATE 640GB CANON "
MAQUINA FOTOGRAFICA CANON COS 3000 QD MAQUINAFOTOGRAFICACANONCOS3000QD CANON 
"ESCADA EXTENSIVA, TRES LANCES, ALUMINIO, 13 DEGRAUS ESCADAEXTENSIVA TRESLANCES ALUMINIO 13DEGRAUS ESCADA, CANON "
COFRE COM SEGREDO MECANICO COFRECOMSEGREDOMECANICO DIGITAL 
LANCADOR DE MUNIÇÃO MENOS LETAL CALIBRE 40MM (40X46) LANCADORESDEMUNICOESNAOLETAIS AM640_ CONDOR AM-640
LANCADOR DE MUNIÇÃO MENOS LETAL CALIBRE 68MM LANCADORESDEMUNICOESNAOLETAIS FN-303_ WELSER FN 303
MARTELO DE INERCIA PARA TESTE BALISTICO MARTELODEINERCIAPARATESTEBALISTICOMOD:QUICK-N-EZ FRANKFORD ARSENAL 
"BOROSCOPIO COM DISPLAY WIRELESS BOROSCOPIOCOMASSESSORIOS INSTRUTERM, INSTRUTEMP ITBR450"
LASER SCX 5835NX/XAZ IMPRESSORALASERMULTIFUNCIONAL SCX5835NX SAMSUNG SCX5835NX/XZ
"LASER SCX 5835NX/XAZ IMPRESSORALASERMULTIFUNCIONAL SCX5835NX SAMSUNG, SAMSING SCX5835NX/XZ"
SCANER SCANERMOD_AV220D2 AVISION AV220D2
MAQUINA PLASTIFICADORA MAQUINAPLASTIFICADORASF OFFICE  BRASIL 
IMPRESSORA DE ETIQUETAS DE CODICOS DE BARRA IMPRESSORADEETIQUETASDECODICOSDEBARRAMODELOEZ-1105 GODEX EZ-1105
IMPRESSORA DE ETIQUETAS DE CODICOS DE BARRA IMPRESSORADEETIQUETASDECODICOSDEBARRAMODELOEZ-1105 GODEX EZ
COFRE COFREDIGITALCOMP_72 S/MARCA 
HD EXTERNO 1TB SEAGATE HDEXTERNO1TBPORTATILUSB2_0 SEAGATE 
"MAQUINA/CAMERA FOTOGRAFICA DIGITAL MAQUINA__CAMERAFOTOGRAFICADIGITAL SX30 CANON., CANON SX30"
ESCADA EM ALUMINIO ESCADAEMALUMINIO COM12DEGRAUS S/M 
"MICROCOMPUTADOR PESSOAL TIPO NOTEBOOK COM ACESSORIOS MICROCOMPUTADORPESSOALTIPONOTEBOOKCOMACESSORIOS LENOVO/THINKPAD, LENOVO T410"
FRIGOBAR CORBRANCA 220VOLTS 120LITROS _FRIGOBAR_ CONSUL CRC12ABBNA
GUILHOTINA GUILHOTINA MENNO 
PROJETOR MULTIMÍDIA DE MARCA EPSON MODELO X14P projetormultimidiademarcaepsonmodelox14p EPSON H434A
LANTERNA C/ CÂMERA LANTERNAC__CAMERA modeloDLC-200-4MIL-RC BRITE STRIKE 
DETECTOR SCANNERCORPORAL-BODYSCAN BODY SCAN 
MICROCOMPUTADOR DESKTOP 8200 DE MARCA HP ESTAÇÃO DE TRABALHO TIPO L MicrocomputadorDesktop8200ElitecomTecladoeMouse_ HP XL509AV 137-8200
MICROCOMPUTADOR DESKTOP 8200 DE MARCA HP  MicrocomputadorDesktop8200ElitecomTecladoeMouse_ HP XL509AV 137-8200
MICROCOMPUTADOR DESKTOP 8200 DE MARCA HP ESTAÇÃO DE TRABALHO TIPO L MicrocomputadorDesktop8200ElitecomTecladoeMouse_ HP XL509AV 168-8200 ELITE
"MONITOR DE VIDEO DE 19"" MONITORDEVIDEODE19_comCameradeVideo HP L190HB"
"MONITOR DE VIDEO DE 19"" MONITORDEVIDEODE19_comCameradeVideo HP LA2205WG"
"MONITOR DE VIDEO DE 19"" MONITORDEVIDEODE19_comCameradeVideo HP LA2205G"
MICROCOMPUTADOR DESKTOP 8200 DE MARCA HP ESTAÇÃO DE TRABALHO TIPO L MicrocomputadorDesktop8200ElitecomTecladoemouse_ HP LX509AV.112-8200 ELITE
MICROCOMPUTADOR DESKTOP 8200 DE MARCA HP ESTAÇÃO DE TRABALHO TIPO L MicrocomputadorDesktop8200ElitecomTecladoemouse_ HP LX509AV.110-8200 ELITE
"MONITOR DE VIDEO DE 19"" MONITORDEVIDEODE19_ComWebcam_ HP LA2205WG"
"MONITOR DE VIDEO DE 19"" MONITORDEVIDEODE19_ComWebcam_ HP L190HB"
SCANER MARCA AVISION MODELO AV220D2 scanermarcaavisionmodeloav220d2 AVISION AV220D2
CARREGADOR DE CELULARES UNIVERSAL CARREGADORDECELULARESUNIVERSAL SOFREMI 
CHAVEADOR DE VIDEO TECLADO E AUDIO CHAVEADORDEVIDEOTECLADOEAUDIO SOFREMI 
DISPOSITIVO PARA CONEXAO EXTERNA DE DISCO RIGIDO DISPOSITIVOPARACONEXAOEXTERNADEDISCORIGIDO SOFREMI 
DISPOSITIVO PARA  CONEXAO EXTERNA DE DISCO RIGIDO DISPOSITIVOPARACONEXAOEXTERNADEDISCORIGIDO SOFREMI 
DISPOSITIVO PARA CONEXÃO EXTERNA DE DISCO RIGIDO DISPOSITIVOPARACONEXAOESTERNADEDISCORIGIDO SOFREMI 
"DISCO RIGIDO,1500GB,7200RPM,PADRAO SERIAL SATA II. DISCORIGIDO 1500GB 7200RPM PADRAOSERIALSATAII_ SOFREMI "
DUPLICADOR DE DISCO PERICIAL DUPLICADORDEDISCOPERICIAL SOFREMI 
EQUIPAMENTOS DE PERICIA EM INFORMATICA EQUIPAMENTOSDEPERICIAEMINFORMATICA SOFREMI 
EQUIPAMENTOS PARA EXTRAÇÃO DE DADOS DE TELEFONES CELULARES EQUIPAMENTOSPARAEXTRACAODEDADOSDETELEFONESCELULARESTIPO2 SOFREMI 
ESTACAO PERICIAL DE INFORMATICA (HW E SW) ESTACAOPERICIALDEINFORMATICA_HWESW_ SOFREMI 
GRAVADOR DE AUDIO/VIDEO 4GB GRAVADORDEAUDIO__VIDEO4GB SOFREMI 
PENDRIVE 4 GB PENDRIVE4GB SOFREMI 
SUPRIMENTO DE CARTÃO EXPRESSCARD Suprimentodecartaoexpresscarde-sata SOFREMI 
PROTOCOLADORES ELETRICOS. PROTOCOLADORESELETRICOS_ HENRY PROT 
FILMADORA WEB MINIDV FILMADORAWEBMINIDV SOFREMI 
FONE DE OUVIDO FONEDEOUVIDO SOFREMI 
"PLACA CONTROLADORA VIDEO,ATE 16 CAMERAS PLACACONTROLADORAVIDEO ATE16CAMERAS SOFREMI "
"CARRO PARA TRANSPORTE DE CARGA ATE 150KG,COM ELASTICO CARROPARATRANSPORTEDECARGAATE150KG COMELASTICO CARRO "
COMPUTADOR TIPO NOTEBOOK COMPUTADORTIPONOTEBOOK HP ELITEBOOK
"NOTEBOOK TIPO ESTACAO PORTATIL, PARA COLETA DE PADRAO DE VOZ. NOTEBOOKTIPOESTACAOPORTATIL PARACOLETADEPADRAODEVOZ_ SOFREMI "
SWITCH 48 PORTAS SWITCH48PORTAS HP 
APARELHO MICROGRAVADOR APARELHOMICROGRAVADOR SONY ICD-PX820
CARRINHO PARA TRANSPORTE CARRINHOPARATRANSPORTE CARRINHO BRASIL 
FRIGOBAR FRIGOBAR120LTS-110__220V-CORBRANCA ELETROLUX 
SANDUICHEIRA E GRILL SANDUICHEIRAEGRILL MONDIAL 
"CARRINHO DE DISTRIBUICAO,EM ACO INOX C/2BANDEJAS CARRINHODEDISTRIBUICAO EMACOINOXC__2BANDEJAS XRN "
COMPUTADOR PESSOAL TIPO NOTEBOOK COMPUTADORPESSOALTIPONOTEBOOK LENOVO THINKPAD T420 4180G41
CHAVEADORA KVM CONSOLE DISPLAY REFERENCIA JKM 1U 16P CHAVEADORAKVMCONSOLEDISPLAYREFERENCIAJKM1U16P TUBARAO HKG
COMPUTADOR COMPUTADOR SEM MARCA 
"DISPOSITIVO PARA CONEXÃO EXERNA DE DISCO RÍGIDO ICE BOX DISPOSITIVOPARACONEXAOEXERNADEDISCORIGIDOICEBOX ICY BOX, ICE BOX IB110STUS2-B"
DUPLICADOR FORENSE DE DADOS TIPO 2 DUPLICADORFORENSEDEDADOSTIPO2 LOGICUBE FORENSIC DOSSIER STANDALONE
"LAVADORA DE ALTA PRESSAO, TRIFASICA LAVADORADEALTAPRESSAO TRIFASICALKX-15220V__60HZTRIFASICA LAVADOR LAVADORA ALTA PRESSAO"
APARELHO DE TELEFONE SEM FIO APARELHODETELEFONESEMFIO SEM MARCA PANASONIC
APARELHO DE TELEFONE SEM FIO APARELHODETELEFONESEMFIO PANASONIC KX-TG6511LA
"APARELHO DE TELEFONE SEM FIO APARELHODETELEFONESEMFIO PANASONIC, SEM MARCA KX-TGA403LA"
APARELHO DE TELEFONE SEM FIO APARELHODETELEFONESEMFIO SEM MARCA 
"APARELHO DE TELEFONE SEM FIO APARELHODETELEFONESEMFIO PANASONIC, SEM MARCA "
APARELHO DE TELEFONE SEM FIO APARELHODETELEFONESEMFIO SEM MARCA KX-TGA403LA
APARELHO DE TELEFONE SEM FIO APARELHODETELEFONESEMFIO PANASONIC KX-TGA654LA
APARELHO DE TELEFONE SEM FIO APARELHODETELEFONESEMFIO PANASONIC KX-TGA403LA
"APARELHO DE TELEFONE SEM FIO APARELHODETELEFONESEMFIO PANASONIC, SEM MARCA KX-TG011LAT"
APARELHO DE TELEFONE SEM FIO APARELHODETELEFONESEMFIO PANASONIC KX-TG1381LB
"APARELHO DE TELEFONE SEM FIO APARELHODETELEFONESEMFIO PANASONIC, SEM MARCA KX-TG1381LB"
"APARELHO DE TELEFONE SEM FIO APARELHODETELEFONESEMFIO PANASONIC, PANACONIC KX-TG1381LB"
APARELHO DE TELEFONE SEM FIO APARELHODETELEFONESEMFIO PANASONIC KX-TG4011LA
CAMERA FILMADORA DIGITAL SONY DCR-SX65 C/ ACESS. CAMERAFILMADORADIGITALSONYDCR-SX65C__ACESS_ SONY DCR-SX65
CAMARA FILMADORA DIGITAL SONY HDR-XR160 C/ ACESS. CAMARAFILMADORADIGITALSONYHDR-XR160C__ACESS_ SONY HDR-XR160
CAMERA  FOTOGRAFICA DIGITAL PANASONIC DMC-FH3 ROSA CAMERAFOTOGRAFICADIGITALPANASONICDMC-FH3ROSA PANASONIC DMC-FH3
CAMERA  FOTOGRAFICA DIGITAL PANASONIC DMC-FH3 CAMERAFOTOGRAFICADIGITALPANASONICDMC-FH3 PANASONIC DMC-FH3
CAMERA  FOTOGRAFICA DIGITAL PANASONIC DMC-FH3 CAMERAFOTOGRAFICADIGITALPANASONICDMC-FH3 PANASONIC 
CAMERA  FOTOGRAFICA DIGITAL PANASONIC DMC-FP3 CAMERAFOTOGRAFICADIGITALPANASONICDMC-FP3 PANASONIC 
CAMERA  FOTOGRAFICA DIGITAL PANASONIC DMC-FP3 CAMERAFOTOGRAFICADIGITALPANASONICDMC-FP3 PANASONIC DMC-FP3
"CAMERA  FOTOGRAFICA DIGITAL PANASONIC DMC-FP3 CAMERAFOTOGRAFICADIGITALPANASONICDMC-FP3 PANASONIC, LUMIX DMC-FP3"
"CAMERA  FOTOGRAFICA DIGITAL SAMSUMG HMX-Q10TN/XAP CAMERAFOTOGRAFICADIGITALSAMSUMGHMX-Q10TN__XAP SAMSUNG, SAMSUMG HMX-Q10TN/XAP"
CAMERA  FOTOGRAFICA DIGITAL SAMSUMG HMX CAMERAFOTOGRAFICADIGITALSAMSUMGHMX SAMSUMG 
CAMERA FILMADORA DIGITAL SAMSUMG CAMERAFILMADORADIGITALSAMSUMG SAMSUMG 
"CAMERA FILMADORA DIGITAL SAMSUMG SMX CAMERAFILMADORADIGITALSAMSUMGSMX SAMSUNG, SAMSUMG SMX-F40BN/XAA"
CAMERA FOTOGRAFICA DIGITAL CANON SX-210IS CAMERAFOTOGRAFICADIGITALCANONSX-210IS CANON SX-210IS
CAMERA FOTOGRAFICA DIGITAL CANON SX30IS CAMERAFOTOGRAFICADIGITALCANONSX30ISC__ACESSORIO CANON SX30IS
CAMERA FOTOGRAFICA DIGITAL OLYMPUS SP800 CAMERAFOTOGRAFICADIGITALOLYMPUSSP800 OLYMPUS SP-800UZ
CAMERA FOTOGRAFICA DIGITAL SONY DSC-510 CAMERAFOTOGRAFICADIGITALSONYDSC-510 SONY DSC-W510
CAMERA FOTOGRAFICA DIGITAL SONY DSC-W510 CAMERAFOTOGRAFICADIGITALSONYDSC-W510 SONY DSC-W510
CAMERA FOTOGRAFICA DIGITAL SONY DSC-510 CAMERAFOTOGRAFICADIGITALSONYDSC-510 SONY 
CAMERA FOTOGRAFICA DIGITAL SONY DSC-510 CAMERAFOTOGRAFICADIGITALSONYDSC-510 SONY CAMARA DIGITAL DSC-510
CAMERA FOTOGRAFICA DIGITAL SONY DSC-T99 CAMERAFOTOGRAFICADIGITALSONYDSC-T99 SONY DSC-T99
CAMERA FOTOGRAFICA DIGITAL SONY DSC-T99 CAMERAFOTOGRAFICADIGITALSONYDSC-T99 SONY 
FILMADORA PANASONIC AG-HMC 150P FILMADORAPANASONICAG-HMC150P PANASONIC AG-HMC 150P
LENTE OBJETIVA PARA CAMERA FOTOGRAFICA NIKON 55-200 MM LENTEOBJETIVAPARACAMERAFOTOGRAFICANIKON55-200MM NIKON 55-200 MM
LENTE P/ MAQ. FOTOGRAFICA CANON 50MM LENTEP__MAQ_FOTOGRAFICACANON50MMCANNON CANNON 
"FRAGMENTADORA DE PAPEIS, CAPACIDADE MINIMA 14 FOLHAS FRAGMENTADORADEPAPEIS CAPACIDADEMINIMA14FOLHAS ROYAL "
APARELHO DE TELEVISAO COLORIDA APARELHODETELEVISAOCOLORIDA LG 
"APARELHO DE GPS, GARMIN V, COM ACESSORIOS APARELHODEGPS GARMINEtrex20 GARMIN, GPS GARMIN ETREX 20"
"APARELHO DE GPS, GARMIN V, COM ACESSORIOS APARELHODEGPS GARMINEtrex20 GPS GARMIN ETREX 20"
"CONDICIONADOR DE AR, TIPO SPLIT, MIDEA, 9.000 BTU CONDICIONADORDEAR TIPOSPLIT MIDEA 9_000BTU MULT-AR, SMILE SPLINT"
"CONDICIONADOR DE AR, TIPO SPLIT, MIDEA, 9.000 BTU CONDICIONADORDEAR TIPOSPLIT MIDEA 9_000BTU MULT-AR, SMILE SPLIT"
"EVAPORADOR DE AR SPLIT - 9000BTUS - 220V MSE/09CR/INTERNO EVAPORADORDEARSPLIT-9000BTUS-220VMSE__09CR__INTERNO MULT-AR, SMILE SPLINT"
"EVAPORADOR DE AR SPLIT - 9000BTUS - 220V MSE/09CR/INTERNO EVAPORADORDEARSPLIT-9000BTUS-220VMSE__09CR__INTERNO MULTI-AR, SMILE SMILE WH"
"TELEVISOR 42"" LCD TELEVISOR42_LCD LG, LG-ELETRONICS LED LCD"
APARALHO TRANSMISSOR E RECPTOR APARALHOTRANSMISSORonixspyll ONIXSAT SPY LL
FRAGMENTADORA DE PAPEL MENNO SECRETA FRAGMENTADORADEPAPELMENNOSECRETA MENNO 
NOTEBOOK HP C/FONTE E MALETA NOTEBOOKHPC__FONTEEMALETA HP 
PAQUIMETRO DIGITAL PAQUIMETRODIGITAL COSA 
COMPUTADOR TIPO NOTEBOOK COM ACESSORIOS COMPUTADORTIPONOTEBOOKCOMACESSORIOS LENOVO T410
COMPUTADOR TIPO NOTEBOOK COM ACESSORIOS COMPUTADORTIPONOTEBOOKCOMACESSORIOS LENOVO 
COMPUTADOR C/MOUSE E TECLADO COMPUTADORC__MOUSEETECLADO HP 
COMPUTADOR C/MOUSE E TECLADO COMPUTADORC__MOUSEETECLADO HP COMPAQ 6005 PRO SFF
MONITOR MONITORLCD19POL_ HP 
MONITOR MONITORLCD19POL_ HP L190HP
MITSUBISHI L200 L200CABINEDUPLA PRATATECNO_ MITSUBISHI L200
MITSUBISHI L200 L200CABINEDUPLA PRETOONIX_ MITSUBISHI L200
NOBREAK FONTEDEALIMENTACAOINITERRUPTA-NOBREAKDE5KVA CONFORMEESPECIFICADONOITEM13DOANEXOXIDOTR_MARCA:HDSMAXXIMONO HDS MAXXI MONO 
PLACA BALÍSTICA _PAR_PLACABALISTICADORSAL__FRONTALNIVELIII_STAND-ALONE_ INBRA-TEXTIL 
ARMARIO ALTO SEMI-ABERTO ARMARIOALTOSEMI-ABERTO ORIGEM 
ARMARIO ALTO COM PORTAS E PRATELEIRAS ARMARIOALTOCOMPORTASEPRATELEIRAS-800X490X1680_ ORIGEM 
COLETE BALISTICO COLETESBALISTICOS:  -54PP;65P;288M;106G;28GG_ RONTAN 
POLTRONA DE CHEFIA POLTRONADECHEFIA F.F.FARIA PAULILO 
COLETE BALISTICO COLETEBALISTICONIVELII RONTAN 
COLETE BALISTICO COLETEBALISTICONIVELII_ RONTAN 
"COLETE BALISTICO, TAMANHO GG, Nº DE SÉRIE: 5215700629 COLETEBALISTICONIVELII RONTAN "
"COLETE BALISTICO uso masculino, Modelo RT2NG4, Lote 6900.4459, Tamanho: G, Número de Série: 42157.00874 COLETEBALISTICONIVELII-ModeloRT2NG4 RONTAN "
FORD FOCUS SEDAN FORDFOCUSPRATAMETALICO_ FORD FOCUS
"COLETE BALISTICO, TAMANHO GG, Nº DE SÉRIE: 5215700425 COLETEBALISTICONIVELII_ RONTAN "
MITSUBISHI PAJERO PAJERODAKAROSTENSIVO MITSUBISHI PAJERO
PLACA BALÍSTICA _PAR_PLACABALISTICADORSAL__FRONTALNIVELIII_STAND-ALONE__ INBRA-TEXTIL 
PISTOLA DE DESCARGA ELETRICA TASER M26/X26 PISTOLADEDESCARGAELETRICATASERX26 COMCOLDREEMPOLIMEROEBATERIASOBRESSALENTEXDPM TASER X26
PLACA BALÍSTICA _PAR_PLACABALISTICADORSAL__FRONTALNIVELIIISTAND-ALONE_ INBRADEFESA 
PLACA BALÍSTICA _PAR_PLACABALISTICADORSAL__FRONTALNIVELIIISTANDALONE_ INBRA TEXTIL 
"CIRCUITO FECHADO DE TV, COM ACESSORIOS CIRCUITOFECHADODETV COMACESSORIO_01DVR 08CAMERASCOM08FONTES 16CONECTORESE01HDDE2TB_ TECVOX VENETIAN "
FRAGMENTADORA FRAGMENTADORA DESTROY DW1001
FILMADORA DIGITAL FILMADORADIGITAL PANASONIC SDR H-101
TELEVISAO TELEVISAO-TELALED32_ SAMSUNG UN32EH5000
"REVOLVER, TAURUS, CALIBRE 357 REVOLVER TAURUS CALIBRE357 TAURUS "
COMPUTADOR TIPO NOTEBOOK COMPUTADORTIPONOTEBOOK LG LGS43
"COMPUTADOR TIPO NOTEBOOK COM ACESSORIOS COMPUTADORTIPONOTEBOOKCOMACESSORIOS THINKPAD T420, THINKPAD LENOVO"
SCANNER DE MESA ALTA RESOLUCAO SCANNERDEMESAALTARESOLUCAO PANASONIC KV S1046C
"SCANNER DE MESA ALTA RESOLUCAO SCANNERDEMESAALTARESOLUCAO PANASONIC, KV S1046C E7931RB1266"
CAMERA FOTOGRAFICA COM CABOS E BOLSA CAMERAFOTOGRAFICACOMCABOSEBOLSA-MODELOHDR-CX200 SONY 
PEUGEOT 307 SEDAN automoveldepassageiro-marcapeugeot-modelo:feline-descricaocomplementar:cilindradas 16valvulas injecaoeletronicamultiponto cambiomecanicode5marchas freiosdianteirosadiscosventilados PEUGEOT PEUGEOT
FORD FOCUS SEDAN FOCUSSEDAN2_0FLEX PRETO FORD FOCUS SEDAN
SOFA 02 LUGARES SOFA02LUGARES AMERICAN CONFORT 
SOFA DE 03 LUGARES SOFADE03LUGARES AMERICAN CONFORT 
MITSUBISHI PAJERO PAJERODAKAROSTENSIVAPARATRANSPORTEDECUSTODIADOS CORPRETA MITSUBISHI PAJERO DAKAR
MITSUBISHI PAJERO PAJERODAKAR3_2LDM__T PRETO MITSUBISHI PAJERO DAKAR
"CAIXA COLETORA DE LIXO TIPO CONTANER,PADRAO SLU CAIXACOLETORADELIXOTIPOCONTANER PADRAOSLU FIBER GLASS FIBRAS LTDA "
MITSUBISHI L200 L200TRITONOSTENSIVA MITSUBISHI L200
"BEBEDOURO ELETRICO COM REFRIGERACAO, MARCA NATUGEL. BEBEDOUROELETRICOCOMREFRIGERACAO MARCANATUGEL_ NATUGEL "
COLETE BALISTICO COLETEBALISTICONIVELII_ RONTAM 
"COLETE BALISTICO, COM CAPA PRETA, TAMANHO: PP. COLETEBALISTICONIVELII_ RONTAM "
FORD FOCUS SEDAN FOCUSSEDAN2_0FLEX OSTENSIVO_ FORD FOCUS SEDAN
PLATAFORMA DE COMUTACAO DIGITAL PLATAFORMADECOMUTACAODIGITAL GUARDIAN 
COMPUTADOR NOTEBOOK COMPUTADORNOTEBOOK SAMSUNG 
"ROTEADOR ROTEADOR CLOUD, LOUD ATIV BOOK4 CI5/4GB/500W8"
APARELHO DE TELEFONE SEM FIO. APARELHODETELEFONESEMFIO_ PHILIPS 
MULTIFUNCIONAL COLOR LASERJET CM1312MFP - HP MULTIFUNCIONALCOLORLASERJETCM1312MFP-HP HP DJIA 5525 AIO CZ282A
APARELHO DE TELEVISAO APARELHODETELEVISAO LG LED
BINOCULO BINOCULO TASCO 
"TAPETE MEDINDO 2,00 X 3,00 M TAPETEMEDINDO2 00X3 00M TAPETE PERSA "
FIAT SIENA FIATSIENAESSENCE1_6 CINZACROMO_ FIAT SIENA
FIAT SIENA FIATSIENAESSENCE1_6 AZULBUZIOS_ FIAT SIENA
FIAT SIENA FIATSIENAESSENCE1_6 CINZATELLURIUM_ FIAT SIENA
ROTEADOR ROTEADOR CTIS 
FRAGMENTADORA DE PAPEL MENNO SECRETA FRAGMENTADORADEPAPELMENNOSECRETA MENNO SECRETA 15C
FRAGMENTADORA DE PAPEL MENNO SECRETA FRAGMENTADORADEPAPELMENNOSECRETA MENNO SECRETA 15A
"MICROONDAS FORNOMICROONDAS CAPACIDADE30LITROS ELETROLUX, ELECETROLUX NEF41"
"TELEFONE SEM FIO, INTELBRAS TELEFONESEMFIO INTELBRAS INTELBRAS TS40 ID"
"TELEFONE SEM FIO, PANASONIC TELEFONESEMFIO PANASONIC PANASONIC, PANASONIC. PNLC1010"
VW - VOLKSWAGEN AMAROK AMAROKPRATASARGAS_ VW - VOLKSWAGEN AMAROK
FRAGMENTADORA FRAGMENTADORA ELGIN 
FRAGMENTADORA FRAGMENTADORA ELGIN FC-7150C
COFRE COFRE SEM MARCA 
UMIDIFICADOR DE AMBIENTE UMIDIFICADORDEAMBIENTE VENTISOL 
APARELHO DE TELEFONE APARELHODETELEFONE INTELBRAS DTMF PRETO
APARELHO DE TELEFONE APARELHODETELEFONE INTELBRAS 
COMPUTADOR COMPUTADOR THINKCENTRE 3209CE2
COMPUTADOR (CPU + MONITOR MODELO LS1922wA 2012.10.20 FRU NUMBER 03X7951 E SERIE V3G8870. COMPUTADOR THINKCENTRE 3209CE2
APARALHO DE AR CONDICIONADO 12.000 BTUS APARALHODEARCONDICIONADOPORTATIL12_000BTUS KOMECO 
REFRIGERADOR REFRIGERADOR280L CONSUL FROST FREE
"MICROCOMPUTADOR DESKTOP  ATHLON 64- DUAL CORE,MEM.2GB,HD160G MICROCOMPUTADORDESKTOPATHLON64-DUALCORE MEM_2GB HD160G POSITIVO "
"MICROCOMPUTADOR DESKTOP  ATHLON 64- DUAL CORE,MEM.2GB,HD160G MICROCOMPUTADORDESKTOPATHLON64-DUALCORE MEM_2GB HD160G POSITIVO      (DPF/DF 78.658). "
"MICROCOMPUTADOR DESKTOP  ATHLON 64- DUAL CORE,MEM.2GB,HD160G MICROCOMPUTADORDESKTOPATHLON64-DUALCORE MEM_2GB HD160G POSITIVO, POSITIVO      (DPF/DF 78.658). "
"MONITOR DE 21"" MONITORDE21_ MONITOR LCD "
COMPUTADOR TIPO NOTEBOOK  E ACESSORIOS COMPUTADORTIPONOTEBOOKEACESSORIOS NOTEBOOK HP 4440S 
"BEBEDOURO DE AGUA DE GARRAFAO ELETRICO, CAPACIDADE DE 20 L BEBEDOURODEAGUADEGARRAFAOELETRICO CAPACIDADEDE20L IBBL - GFN 2000, IBBL GFN 2000"
DEPURADOR/EXAUSTOR AR DEPURADOR__EXAUSTORAR ELETROLUX DE60B
"FOGAO 06 BOCAS, COR BRANCA, SERIE: AP125680 FOGAO05BOCAS CORBRANCA SERIE:AP125680 CONSUL, CONSUL. CF475"
"MICROCOMPUTADOR DESKTOP  ATHLON 64- DUAL CORE,MEM.2GB,HD160G MICROCOMPUTADORDESKTOPATHLON64-DUALCORE MEM_2GB HD160G CORELDRAW "
"LANTERNA A BATERIA DE ALTA DURAÇÃO, CABO ANATÔMICO COM MAIOR DURABILIDADE LanternataticacomlampadadeLed Zoomajustavelde1a2000x bateriadelitiorecarregavel carregadorbivolteveicular resistenteaaguaechoques minimode36_000lumens_ POLICE LED "
"APARELHO TELEVISOR LED 40"" APARELHOTELEVISORLED 40_SAMSUNG FULLHD 03HDMI CONVERSORDIGITAL SAMSUNG "
MICROCOMPUTADOR MICROCOMPUTADORHPMOD_COMPAQ8200ELITE_ HP 
MONITOR MONITORDELCD19POLEGADAS MOD_HPL190hb_ HP 
NO-BREACK NO-BREACKCLASSIC500VE:380EVS:220E_ SCHENEIDER NO-BREACK
SCANNER GT-S55 B11B202201 SCANNEREPSONGT-S55B11B202201 EPSON GT-S55 B11B202201
"MAQUINA FILMADORA FILMADORAPOSSUIRFORMATODIGITALPORTATIL;COMSINALPADRAONTSC;PESODENOMAXIMO615G_COMBATERIA PROTETORDELENTEEAPOIOPARAMAO_;ALIMENTACAOEM127VE220VCOMCHAVEAMENTOAUTOMATICO_ADAPTADORECARREGADOR_;DISCORIGIDOINTERNODENOMINIMO20GBYTES;POSSIBILITARCAPTURARIMAGENSFOTOGRAFICASDENOMINIMO1_UM_MEGAPIXELGRAVADASDIRETAMENTENOHD;SISTEMADEAUTODESLIGAMENTODOHDEMCASODEQUEDADOEQUIPAMENTO;COMZOOMOPTICODENOMINIMO10X;ZOOMDIGITALDENOMINIMO20X;DIAMETROMINIMODALENTEDE30MM;DISTANCIAFOCALMINIMADENOMAXIMO5 1MM;DISTANCIAFOCALMAXIMADENOMINIMO36MM;TELALCDLATERALCOMNOMINIMO2 5POLEGADASDIAGONAL;COMGIRODE270?_180?+90?_GARANTINDOAVISAODATELAPORQUEMESTASENDOFILMADO NAOSENDOPERMITIDAIMAGEMINVERTIDA_DEPONTACABECA_;GRAVARFILMESEMFORMATO4:3E16:9;TELASENSIVELAOTOQUE_TOUCHSCREEN_OUCONTROLETIPOJOYSTICK__JOYPAD;CABOOUESTACAOPARACONECCAOCOMMICROCOMPUTADORPADRAOUSB2_0OUI_LINK;CONECCAOCOMMICROCOMPUTADORPADRAOUSB2_0OUI_LINK;COMCCDCOMNOMINIMO1MEGAPIXEL_SERAACEITO3CCDCONSIDERANDOOSOMATORIODOSPIXELSEFETIVOSDECADACCD_;SISTEMAESTABILIZADORDEIMAGENSDIGITAL;COMNOMINIMO ASINTERFACES:SAIDAS-VIDEO_COMRESPECTIVOCABO_ SAIDAA__VPADRAORCA_ACEITA-SEAUTILIZACAODECABOADAPTADOR_;MICROFONEESTEREO;AUDIOESTEREODIGITAL;COMGRAVACAODEPELOMENOS7HORAS_420MIN_SEQUENCIAISPARARESOLUCAOMINIMADE720X480A8_5MBPS;CONTROLEREMOTOSEMFIOQUEPERMITAAOPERACAODAFILMADORAADISTANCIA;FOCOAUTOMATICOEMANUAL;EMSUABASEACONECCAOPADRAOPARASAPATADETRIPE;POSSUIRILUMINADOREMBUTIDOECONTROLEDEILUMINACAO_AUTOMATICOEMANUAL_PARAOPROCESSODEFILMAGEMEPARAOPROCESSODEFOTOGRAFIA;OILUMINADORDEVEPERMANECERDESLIGADOOULIGADOININTERRUPTAMENTEDURANTEOPROCESSODEFILMAGEM;APRESENTARAUTOFALANTEINTERNOPARAREPRODUCAODEAUDIO;POSSUIRINFORMACAODECARGADABATERIA_PERCENTUALDECARGA_;MENUMULTI-IDIOMANATELADOLCD;ALIMENTACAOATRAVESDEBATERIAEATRAVESDEENERGIAELETRICACOMERCIALUTILIZANDO-SEDEADAPTADORCAADEQUADO_SIMULTANEOOUNAO_;ACOMPANHARCOMACAMERA:POSSUIRADAPTADORAC;BATERIA;CARREGADORDEBATERIA;CABOSDEAUDIO__VIDEO;CABOUSBOUI_LINK;TAMPAPARAALENTE;PROGRAMAPARACAPTURAEEDICAODIGITAL;DRIVERS;MALETAPROPRIAPARATRANSPORTE;POSSUIRCOMPATIBILIDADECOMWINDOWS2000EXP;GARANTIA:OEQUIPAMENTODEVERATERGARANTIATOTAL SONY, FILMADORA DCR-PG6"
"MAQUINA FILMADORA FILMADORAPOSSUIRFORMATODIGITALPORTATIL;COMSINALPADRAONTSC;PESODENOMAXIMO615G_COMBATERIA PROTETORDELENTEEAPOIOPARAMAO_;ALIMENTACAOEM127VE220VCOMCHAVEAMENTOAUTOMATICO_ADAPTADORECARREGADOR_;DISCORIGIDOINTERNODENOMINIMO20GBYTES;POSSIBILITARCAPTURARIMAGENSFOTOGRAFICASDENOMINIMO1_UM_MEGAPIXELGRAVADASDIRETAMENTENOHD;SISTEMADEAUTODESLIGAMENTODOHDEMCASODEQUEDADOEQUIPAMENTO;COMZOOMOPTICODENOMINIMO10X;ZOOMDIGITALDENOMINIMO20X;DIAMETROMINIMODALENTEDE30MM;DISTANCIAFOCALMINIMADENOMAXIMO5 1MM;DISTANCIAFOCALMAXIMADENOMINIMO36MM;TELALCDLATERALCOMNOMINIMO2 5POLEGADASDIAGONAL;COMGIRODE270?_180?+90?_GARANTINDOAVISAODATELAPORQUEMESTASENDOFILMADO NAOSENDOPERMITIDAIMAGEMINVERTIDA_DEPONTACABECA_;GRAVARFILMESEMFORMATO4:3E16:9;TELASENSIVELAOTOQUE_TOUCHSCREEN_OUCONTROLETIPOJOYSTICK__JOYPAD;CABOOUESTACAOPARACONECCAOCOMMICROCOMPUTADORPADRAOUSB2_0OUI_LINK;CONECCAOCOMMICROCOMPUTADORPADRAOUSB2_0OUI_LINK;COMCCDCOMNOMINIMO1MEGAPIXEL_SERAACEITO3CCDCONSIDERANDOOSOMATORIODOSPIXELSEFETIVOSDECADACCD_;SISTEMAESTABILIZADORDEIMAGENSDIGITAL;COMNOMINIMO ASINTERFACES:SAIDAS-VIDEO_COMRESPECTIVOCABO_ SAIDAA__VPADRAORCA_ACEITA-SEAUTILIZACAODECABOADAPTADOR_;MICROFONEESTEREO;AUDIOESTEREODIGITAL;COMGRAVACAODEPELOMENOS7HORAS_420MIN_SEQUENCIAISPARARESOLUCAOMINIMADE720X480A8_5MBPS;CONTROLEREMOTOSEMFIOQUEPERMITAAOPERACAODAFILMADORAADISTANCIA;FOCOAUTOMATICOEMANUAL;EMSUABASEACONECCAOPADRAOPARASAPATADETRIPE;POSSUIRILUMINADOREMBUTIDOECONTROLEDEILUMINACAO_AUTOMATICOEMANUAL_PARAOPROCESSODEFILMAGEMEPARAOPROCESSODEFOTOGRAFIA;OILUMINADORDEVEPERMANECERDESLIGADOOULIGADOININTERRUPTAMENTEDURANTEOPROCESSODEFILMAGEM;APRESENTARAUTOFALANTEINTERNOPARAREPRODUCAODEAUDIO;POSSUIRINFORMACAODECARGADABATERIA_PERCENTUALDECARGA_;MENUMULTI-IDIOMANATELADOLCD;ALIMENTACAOATRAVESDEBATERIAEATRAVESDEENERGIAELETRICACOMERCIALUTILIZANDO-SEDEADAPTADORCAADEQUADO_SIMULTANEOOUNAO_;ACOMPANHARCOMACAMERA:POSSUIRADAPTADORAC;BATERIA;CARREGADORDEBATERIA;CABOSDEAUDIO__VIDEO;CABOUSBOUI_LINK;TAMPAPARAALENTE;PROGRAMAPARACAPTURAEEDICAODIGITAL;DRIVERS;MALETAPROPRIAPARATRANSPORTE;POSSUIRCOMPATIBILIDADECOMWINDOWS2000EXP;GARANTIA:OEQUIPAMENTODEVERATERGARANTIATOTAL SONY, FILMADORA DCR-PJ6/B"
COMPUTADOR MICROHPALL-IN-ONE23-F200BRQZ338AA_PAVILIONTOUCHCOMMONITORWIDESCREENFULLHDDE23POL_NADIAGONALCOMILUMINACAOAUXILIARPORLED_PROCESSADORINTELCORE MEMORIAPV3128000DDR38GB_UNIDADEDEDISCORIGIDOSERIALDE7_200RPME1TB_ HP MICRO HP ALL-IN-ONE 23-F200BR QZ338AA. PAVILION TOUCH
COMPUTADOR MICROHPALL-IN-ONE23-F200BRQZ338AA_PAVILIONTOUCHCOMMONITORWIDESCREENFULLHDDE23POL_NADIAGONALCOMILUMINACAOAUXILIARPORLED_PROCESSADORINTELCORE MEMORIAPV3128000DDR38GB_UNIDADEDEDISCORIGIDOSERIALDE7_200RPME1TB_ HP MICRO HP ALL-IN-ONE 23-F200BR QZ338AA.
MICROCOMPUTADOR HP ALL-IN-ONE 23-F200BR QZ338AA MICROHPALL-IN-ONE23-F200BRQZ338AA_PAVILIONTOUCHCOMMONITORWIDESCREENFULLHDDE23POL_NADIAGONALCOMILUMINACAOAUXILIARPORLED_PROCESSADORINTELCORE MEMORIAPV3128000DDR38GB_UNIDADEDEDISCORIGIDOSERIALDE7_200RPME1TB_ HP MICRO HP ALL-IN-ONE 23-F200BR QZ338AA. PAVILION TOUCH
MICROCOMPUTADOR MICROHPALL-IN-ONE23-F200BRQZ338AA_PAVILIONTOUCHCOMMONITORWIDESCREENFULLHDDE23POL_NADIAGONALCOMILUMINACAOAUXILIARPORLED_PROCESSADORINTELCORE MEMORIAPV3128000DDR38GB_UNIDADEDEDISCORIGIDOSERIALDE7_200RPME1TB_ HP ALL-IN-ON
"IPAD AIR WI 4G 32GB SPACE IPADAIRWI4G32GBSPACECOMTELATOUCHSCREENPARALEITURADELIVROS MANUAIS EXECUCAODEAPLICATIVOSEACESSOAREDESWIFIE3G_ IPAD SPACE AIR WI-FI, IPAD AIR A1475"
"IPAD AIR WI 4G 32GB SPACE IPADAIRWI4G32GBSPACECOMTELATOUCHSCREENPARALEITURADELIVROS MANUAIS EXECUCAODEAPLICATIVOSEACESSOAREDESWIFIE3G_ IPAD SPACE AIR WI-FI, IPAD AIR MD792BZ/A"
AEROMODELO QUADRICÓPTERO AEROMODELO TIPOQUADRICOPTEROPARAGERACAODEIMAGENS XFLY BRASIL 
"MONITOR LED 23"", LG, E2350V (SF) MONITORLED23_ LG E2350V_SF_ LG "
"MONITOR LED 23"", POSITIVO MONITORLED23_ LG POSITIVO POSITIVO "
"MONITOR LED 23"", POSITIVO MONITORLED23_ POSITIVO POSITIVO "
CPU CPU LG 
IMPRESSORA PORTATIL IMPRESSORAPORTATIL MODELOMOBILE100_ HP 
IMPRESSORA HP COLOR LASERJET IMPRESSORAHPCOLORLASERJETENTERPRISE500M551DN HP 
"MICROCOMPUTADOR HP COM MOUSE OPTICO E TECLADO, MODELO 6305 PRO MICROCOMPUTADORHPCOMMOUSEOPTICOETECLADO MODELO6305PRO HP "
"MONITOR DE VÍDEO COLORIDO, HP, LCD, 20 POLEGADAS MONITORDEVIDEOCOLORIDO HP LCD 20POLEGADAS HP "
IMPRESSORA A LASER MULTIFUNCIONAL MONOCROMATICA IMPRESSORAALASERMULTIFUNCIONALMONOCROMATICA SAMSUNG SCX5835NX
"IMPRESSORA, ESCANER E COPIADORA. IMPRESSORA ESCANERECOPIADORA_ CANOM "
HARDWARE DE LEITURA AVANÇADA DE DOCUMENTOS. HARDWAREDELEITURAAVANCADADEDOCUMENTOS  CANOM 
HARDWARE DE LEITURA AVANÇADA DE DOCUMENTOS. HARDWAREDELEITURAAVANCADADEDOCUMENTOS_ CANOM 
HARDWARE DE LEITURA AVANÇADA DE DOCUMENTOS HARDWAREDELEITURADEDOCUMENTOS_ CANOM 
HARDWARE DE LEITURA AVANÇADA DE DOCUMENTOS HARDWAREDELEITURAAVANCANDADEDOCUMENTOS CANOM 
HARDWARE DE LEITURA AVANÇADA DE DOCUMENTOS. HARDWAREDELEITURAAVANCADADEDOCUMENTOS CANOM 
HARDWARE DE LEITURA AVANÇADA DE DOCUMENTOS. HARDWARELEITURAAVANCADADEDOCUMENTOS_ CANOM 
HARDWARE DE LEITURA AVANÇADA DE DOCUMENTOS HARDWAREDELEITURAAVANCADADEDOCUMENTOS DERMALOG VB E-PASS 
"HARDWARE DE LEITURA AVANÇADA DE DOCUMENTOS HARDWAREDELEITURAAVANCADADEDOCUMENTOS DERMALOG VB E-PASS, REGULA DERMALOG VB E-PASS"
LICENCA DE SOFTWARE LICENCADOSOFTWAREDEVIRTUALIZACAOZ__VM DERMALOG VB E-PASS 
"ULTRABOOK T440/i5 COM CABO, MOUSE E BOLSA

 ULTRABOOKT440__i5-4300U__8GB__SS256GB__W8PDG____14HD__3+3CELL__CAM-TRINKPADLENOVO LENOVO T440"
"ULTRABOOK nº PE00HZAD ULTRABOOKmodeloT440COREi5 tela14polegadas_  Acompanha:carregador mouseemochila_ LENOVO/THINKPAD, LENOVO T440"
"MICROCOMPUTADOR PESSOAL NOTEBOOK Microcomputadorpessoalnotebookultrafino processadorI5 8GBRAMDDR3 HDSSD256GB Windows8Pro MicrosoftOfficePro2013 Mochilaparatransporte mouseUSB_ LENOVO/THINKPAD, THINKPAD T440"
ULTRABOOK ULTRABOOKLAPTOPULTRAFINO LENOVO THINKPAD T440
CPU COMPUTADOR CPUMASTER_ROHS_ POSITIVO 
ULTRABOOK ULTRABOOKLAPTOPULTRAFINO LENOVO 
ULTRABOOK LENOVO T440/I5 ULTRABOOKLENOVOT440__I5COMMINIMOUSEOPTICO MOCHILAECABOSACESSORIOS LENOVO 
ULTRABOOK LENOVO T440/I5 ULTRABOOKLENOVOT440__I5acompanhaMINIMOUSEOPTICO MOCHILA CABODECONEXAOP__HDMI FONTE BATERIAEXTERNAeLICENCADOOFFICEPRO2013_   LENOVO TECNOLOGIA BRASIL LTDA 
ULTRABOOK LENOVO T440/I5 ULTRABOOKLENOVOT440__I5COMMINIMOUSEOPTICO MOCHILAECABOSACESSORIOS LENOVO TECNOLOGIA BRASIL LTDA 
MICROCOMPUTADOR PESSOAL NOTEBOOK MicrocomputadorPessoalNotebook ultrafino marcaLENOVO modeloThinkPadT440_ LENOVO 
NOTEBOOK LENOVO NOTEBOOKLENOVOULTRAFINOMODELOT440-TELAHD14POLEGADAS-8GMEMORIARAM-PROCESSADORINTELI5-HD266GIGA LENOVO 
FRAGMENTADORA DE PAPEIS FRAGMENTADORADEPAPEIS PARAUSOEMESCRITORIO TAMANHOMEDIO PESOMAXIMODE50KG CORTETIPOTIRAS__PARTICULAS ACIONAMENTOAUTOMATICO_LIGAQUANDOCOLOCAOPAPELEDESLIGAAOTERMINAR_ CAPACIDADETRITURACAODENOMINIMO25FOLHASPORVEZ LIXEIRACOMCAPACIDADEMINIMADE70LITROS VOLTAGEMDE220V_ SECRETA 
PISTOLA DE DESCARGA ELETRICA TASER M26/X26 PISTOLADEDESCARGAELETRICATASERX26IMOBILIZACAO TASER X26
"KIT CONFECÇÃO PASSAPORTE IDENTIFICADOR BIOMÉTRICO DIGITAL, SOFTWARE LEITURA FACIAL E DIGITAL KITCONFECCAOPASSAPORTEIDENTIFICADORBIOMETRICODIGITALCOMSOFTWAREDELEITURAFACIALESOFTWAREDELEITURADIGITAL CANON 126291"
"KIT CONFECÇÃO PASSAPORTE IDENTIFICADOR BIOMÉTRICO DIGITAL, SOFTWARE LEITURA FACIAL E DIGITAL KITCONFECCAOPASSAPORTEIDENTIFICADORBIOMETRICODIGITALCOMSOFTWAREDELEITURAFACIALESOFTWAREDELEITURADIGITAL CANON "
"KIT CONFECÇÃO PASSAPORTE IDENTIFICADOR BIOMÉTRICO DIGITAL, SOFTWARE LEITURA FACIAL E DIGITAL KITCONFECCAOPASSAPORTEIDENTIFICADORBIOMETRICODIGITALCOMSOFTWAREDELEITURAFACIALESOFTWAREDELEITURADIGITAL CANON DS126291"
"KIT CONFECÇÃO PASSAPORTE IDENTIFICADOR BIOMÉTRICO DIGITAL, SOFTWARE LEITURA FACIAL E DIGITAL KITCONFECCAOPASSAPORTEIDENTIFICADORBIOMETRICODIGITALCOMSOFTWAREDELEITURAFACIALESOFTWAREDELEITURADIGITAL CANON DS"
ULTRABOOK LENOVO T440/I5 ULTRABOOKLENOVOT440__I5COMMINIMOUSEOPTICO MOCHILAECABOSACESSORIOS UltrabookThinkPadT440 Lenovo Mod_20B7S27400+Mouse+Cabohdmi+Mochila      LENOVO T440/I5
"MONITOR DELL P2213T DE 22"" MonitorDellP2213Tde22_ DELL "
TELEVISOR EM CORES TELEVISOREMCORES LG 42LN549E SA
"MICROCOMPUTADOR PESSOAL NOTEBOOK MICROCOMPUTADORPESSOALNOTEBOOK _NOTEBOOKSULTRAFINOS_ COMACESSORIOS TIPOMINI-MOUSE MOCHILAEXECUTIVAECABOS_ LENOVO/THINKPAD, LENOVO T440"
"MICROCOMPUTADOR MICROCOMPUTADORDELLOPTIPLEX9010DESKTOP MOUSEOPTICOMOD_MS111USB TECLADOKB212B MIDIAC__DRIVERSP__REINSTALACAO WINDOWS8PRO64BIT KITCOMMIDIA DELL, HP DESKJET OPTIPLEX 9010"
ULTRABOOK LENOVO T440/I5 ULTRABOOKLENOVOT440__I5COMMINIMOUSEOPTICO MOCHILAECABOSACESSORIOS LENOVO/THINKPAD 
CATRACA ELETRONICA DE ACESSO CATRACAELETRONICADEACESSO BLANTECH 
FRIGOBAR FRIGOBAR120L CORBRANCA 220V CONSUL CRC12ABBNA
IMPRESSORA MULTIFUNCIONALA LASER IMPRESSORASAMSUNGMULTIFUNCIONALALASERP&ampB MODELOSCX-5835FN_ SAMSUNG 
IMPRESSORA LASERJET MULTIFUNCIONAL IMPRESSORAMULTIFUNCIONALlaserdemarcasansungscx-5835nx_2_comcopiadora escanner edigitalizasaoetc_ SANSUNG 
"IDENTIFICADOR BIOMETRICO PARA LEITURA POUSADA DE DIGITAIS IDENTIFICADORBIOMETRICOPARALEITURAPOUSADADEDIGITAISCOMSOFTWAREPARAFUNCIONAMENTO_ 3M, CANON CSD450F"
MAQUINA FOTOGRAFICA DIGITAL C/ASSESSORIO PARA CONTROLE MIGRATORIO MAQUINAFOTOGRAFICADIGITALCOMFLASHEMSUPORTEGIRATORIOPARACONTROLEMIGRATORIO CANON EOS REBEL T3
PAINEL PARA CENARIO FOTOGRAFICO DE CONTROLE MIGRATORIO PAINELPARACENARIOFOTOGRAFICODECONTROLEMIGRATORIOQUEPERMITAPRODUZIRFOTOSCOMFUNDOTOTALMENTEBRANCO_ CANON 
ULTRABOOK ULTRABOOK LENOVO ULTRABOOK
VW - VOLKSWAGEN GOL GOL1_6 PRETONINJA_ VW - VOLKSWAGEN GOL
VW - VOLKSWAGEN SAVEIRO SAVEIRO1_6 PRATASIRIUS_ VW - VOLKSWAGEN SAVEIRO
ULTRABOOK ULTRABOOKLAPTOPULTRAFINO THINKPAD 
"NOTEBOOK, DELL LATITUDE E7440 NOTEBOOK MARCADELL MODELOLATITUDEE7440 ACOMPALHADODEMALETADECOURO MOUSE6BOTOESWIRELESS UNIDADEOPTICALEITOREGRAVADORDEDVD ADAPTADORDECORRETEALTERNADADE65wCOMCABODEFORCA ADAPTADORDELLMINIDISPLAYPRORTMPARAVGA MIDIADOSISTEMAOPERACIONALWINDOWS7PROFESSIONAL64BITSspl SISTEMAOPERACIONALWINDOWS7PROFESSIONALEMPORTUGUES64bitCOMLICENCAEMIDIAINCLUSO_ DELL "
"NOTEBOOK, MARCA DELL, MODELO LATITUDE E7440 NOTEBOOK MARCADELL MODELOLATITUDEE7440 ACOMPANHADODEUNIDADEOPTICALEITOREGRAVADORDEDVD MALETADECOUROPARANOTEBOOKDEATE14POLEGADAS MOUSE6BOTOESWIRELESS DELL "
"KIT CONFECÇÃO PASSAPORTE IDENTIFICADOR BIOMÉTRICO DIGITAL, SOFTWARE LEITURA FACIAL E DIGITAL KITCONFECCAOPASSAPORTEIDENTIFICADORBIOMETRICODIGITALCOMSOFTWAREDELEITURAFACIALESOFTWAREDELEITURADIGITAL VIA BRASIL, CANON 126291"
"LICENCA DE SOFTWARE LICENCADOSOFTWAREDEVIRTUALIZACAOZ__VM VIA BRASIL, CANON 126291"
COMPUTADOR PESSOAL TIPO NOTEBOOK COMPUTADORPESSOALTIPONOTEBOOK DELL 
COMPUTADOR COMPUTADORcommouseetecladomasterd570_ROHS_ POSITIVO 
"MONITOR DE VIDEO LCD 22"" MONITORDEVIDEOLCD22_E2241VP POSITIVO 23MB35PHB"
IDENTIFICADOR BIOMETRICO PARA LEITURA POUSADA DE DIGITAIS IDENTIFICADORBIOMETRICOPARALEITURAPOUSADADEDIGITAISCOMSOFTWAREPARAFUNCIONAMENTO_ DERMALOG 
SCANNER DIGITAL PARA LEITURA DE DOCUMENTOS DE MIGRAÇÃO SCANNERDIGITALPARALEITURADEDOCUMENTOSDEMIGRACAO_ DERMALOG 
ULTRABOOK ULTRABOOKLAPTOPULTRAFINO THINKPAD T440
"ULTRABOOK ULTRABOOKLAPTOPULTRAFINO LENOVO, THINKPAD T440"
NOTEBOOK LENOVO NOTEBOOKLENOVOG400S INTELCOREi7 8GB WIN8 LED14_TOUCH LENOVO 
"TELEVISOR, A CORES, VIDEO DE 55"", CORRENTE ELETRICA 120V. TELEVISORLED55_LG LG "
MITSUBISHI PAJERO PAJEROHPEBLINDADADESCARACTERIZADA PRETA_ MITSUBISHI PAJERO
COMPUTADOR (ESTACAO DE TRABALHO) COMPUTADOR_ESTACAODETRABALHO_ HARPIA 
"WORKSTATION PARA GEOPROCESSAMENTO HP Z820, COM SOFTWARES E DOIS MONITORES HP MODELO E241i / LA2405x INCLUÍDOS. WORKSTATIONPARAGEOPROCESSAMENTOHPZ820 COMSOFTWARESEDOISMONITORESHPMODELOE241i__LA2405xINCLUIDOS_ HP Z820"
"WORKSTATION PARA GEOPROCESSAMENTO HP Z820, COM SOFTWARES E DOIS MONITORES HP MODELO E241i / LA2405x INCLUÍDOS. WORKSTATIONPARAGEOPROCESSAMENTOHPZ820 COMSOFTWARESEDOISMONITORESHPMODELOE241i__LA2405xINCLUIDOS_ HP "
EQUIPAMENTO PARA EXTRAÇÃO DE DADOS DE TELEFONES SISTEMADEPLATAFORMADECOMUNICACAODIGITALACOMPANHA HARDWAREEOUTROSEQUIPAMENTOS _GUARDIAO__ DIVERSOS 
COMPUTADOR HP Z420 ComputadorHPZ420 HDSATA256GB 16GBDDR3-1600ECC_4x4GB_BR_ HP Z420
COMPUTADOR HP Z620 ComputadorHPZ620 HDSATA256 32GBDDR3-18668X4GB_ HP Z620
MONITOR HP 24 POL. MonitorHP24Polegadas E241i__LA2405x HP E24LI
MONITOR HP 24 POL. MonitorHP24Polegadas E241i__LA2405x HP LA2405X
MONITOR HP 24 POL. MonitorHP24Polegadas E241i__LA2405x HP LA
MONITOR HP 24 POL. MonitorHP24Polegadas E241i__LA2405x HP 
FORD FOCUS SEDAN FOCUSSEDAN2_0DESCARACTERIZADO PRETO_ FORD FOCUS
FORD FOCUS SEDAN FOCUSSEDAN2_0FLEXDESCARACTERIZADO PRETO_ FORD FOCUS
PISTOLA GLOCK G19 9MM PISTOLAGLOCKG19 CAL_9MM MALETAKITDELIMPEZA MANUALEMPORTUGUES 03CARREGADORESG19P__15CARTUCHOS COLDREGLOCKCOMBATE__ESPORTE PORTACARREGADOREGRAVACAO_LOGOBRASAODAREPUBLICA_-DPF_ GLOCK G19
HARDWARE DE LEITURA AVANÇADA DE DOCUMENTOS HARDWAREDELEITURAAVANCADADEDOCUMENTOS VISION-BOX 
IMPRESSORA LASERJET IMPRESSORAHPLASERJETPRO400M401DW HP 
MONITOR HP 24 POL. MonitorHP24Polegadas E241i__LA2405x HP E241I
FILMADORA FILMADORAGOPROHERO3 GO PRO 
COLETE BALISTICO COLETEBALISTICOEXCLUSIVAMENTEFEMININO COMBOJO SEMCOSTURA NIVELIII-A CAPASEXTERNASOPERACIONAISECAPASDETRANSPORTEDEARMAZENAMNETO_TAMANHOP_ INBRATERRESTRE 
COLETE BALISTICO COLETEBALISTICOEXCLUSIVAMENTEFEMININO COMBOJO SEMCOSTURA NIVELIII-A CAPASEXTERNASOPERACIONAISECAPASDETRANSPORTEDEARMAZENAMNETO_TAMANHOPP INBRATERRESTRE 
COLETE BALISTICO COLETEBALISTICOEXCLUSIVAMENTEFEMININO COMBOJO SEMCOSTURA NIVELIII-A CAPASEXTERNASOPERACIONAISECAPASDETRANSPORTEDEARMAZENAMNETO_TAMANHOP INBRATERRESTRE 
COLETE BALISTICO COLETEBALISTICOEXCLUSIVAMENTEFEMININO COMBOJO SEMCOSTURA NIVELIII-A CAPASEXTERNASOPERACIONAISECAPASDETRANSPORTEDEARMAZENAMNETO_TAMANHOM INBRATERRESTRE 
COLETE BALISTICO COLETEBALISTICOEXCLUSIVAMENTEFEMININO COMBOJO SEMCOSTURA NIVELIII-A CAPASEXTERNASOPERACIONAISECAPASDETRANSPORTEDEARMAZENAMNETO_TAMANHOG INBRATERRESTRE 
HARDWARE DE LEITURA AVANÇADA DE DOCUMENTOS HARDWAREDELEITURAAVANCADADEDOCUMENTOS FILE 
HARDWARE DE LEITURA AVANÇADA DE DOCUMENTOS leitorparacodigodebarra FILIZOLA MF3 
CAMERA FILMADORADIGITAL PANACONIC 
CAMERA CAMERAFOTOGRAFICADIGITAL_ FILISOLA 
CAMERA CAMERAFOTOGRAFICADIGITAL_ FILE 
NOBRAK NOBREAK-700VA----POTENCIAMINIMADE700VA;MICROPROCESSADO;INTERATIVOEREGULACAOON-LINE;ESTABILIZADORINTERNOCOMQUATROESTAGIOSDEREGULAGEM;FILTRODELINHAEMMODOCOMUMEDIFERENCIAL;BIVOLTTRANSFORMADOR_ENTRADABIVOLTCOMSELECAOAUTOMATICADETENSAO115VOU220VESAIDA115V_;PROTECAOEMQUATRONIVEIS:CONTRADESCARGATOTALDASBATERIAS;CONTRASUB__SOBRETENSAODAREDEELETRICA;CONTRASOBRECARGAECURTO-CIRCUITONOINVERSOR;CONTRASOBREAQUECIMENTONOINVERSOR_ALARMEEPOSTERIORMENTEDESLIGAMENTOAUTOMATICO_;ALARMEAUDIOVISUALINTERMITENTEPARAQUEDADEREDE FIMDETEMPODEAUTONOMIAESOBREAQUECIMENTODOINVERSOR;RECARGAAUTOMATICADASBATERIAS;TEMPODEAUTONOMIAACARGATOTALDEPELOMENOS10_DEZ_MINUTOS;PROTETORTELEFONICOPADRAORJ-11 EMMODOCOMUMEDIFERENCIAL EMCONFORMIDADECOMAUNIAOINTERNACIONALDETELECOMUNICACOESK-20;PERMITESERLIGADONAAUSENCIADEREDEELETRICA_DCSTART_;PROTECAOCONTRASURTOSDETENSAONAENTRADAESAIDA_PROTECAOENTREFASEENEUTRO FASEETERRA NEUTROETERRA ENASAIDAENTREFASEENEUTRO_;CHAVELIGA-DESLIGATEMPORIZADAPARAEVITARACIONAMENTOS__DESACIONAMENTOACIDENTAISEINVOLUNTARIOS;INIBIDORDEALARMESONORO_FUNCAOMUTE_;INVERSORSINCRONIZADOCOMAREDE_SISTEMAPLL_; SMS 
COMPUTADOR COMPUTADOR POSITIVO MASTER D570
ULTRABOOK LENOVO T440/I5 ULTRABOOKLENOVOT440__I5COMMINIMOUSEOPTICO MOCHILAECABOSACESSORIOS-MICROCOMPUTADORPESSOALNOTEBOOK  NotebooksUltrafinos:a_Onotebookultrafinodeveraatingirindicede nominimo 170_centoesetenta_pontosparaodesempenhomedidocomosoftwareBAPCOSYSmark2012ounominimo 2300_doismiletrezentos_nosoftwarePCMark7Overall b_Aconfiguracaopropostadeveatingirumdosindiceslistadosnoitemanterior aescolhadalicitante deacordocomosprocedimentosdescritoslogoabaixo c_OequipamentotestadodeverapossuirtodososComponentes LENOVO ULTRABOOK
MONITOR DE VIDEO MONITORDEVIDEOLED21 5_ AOC 
RELOGIO DE PONTO DIGITAL BIOMETRICO RELOGIODEPONTODIGITALBIOMETRICO HENRY 
SERVIDOR DE REDE POWEREDGE DELL SERVIDORDEREDEPOWEREDGEDELL DELL SERVIDOR
SERVIDOR DE REDE POWEREDGE DELL SERVIDORDEREDEPOWEREDGEDELL DELL POWEREDGE
TELEVISOR TELEVISORDE32_DELED_ SAMSUNG 
CAMERA FOTOGRAFICA CAMERAFOTOGRAFICACOMLENTE3_5-5_6__18-55__COMACESSORIOS__NEX5 SONY NEX5
MAQUINA FOTOGRAFICA DIGITAL MAQUINAFOTOGRAFICADIGITALSEMLENTENIKOND600 NIKON D600
MITSUBISHI PAJERO PAJEROHPEBLINDADADESCARACTERIZADA_PRETA_ MITSUBISHI PAJERO
POLTRONA GIRATORIA COM RODIZIOS POLTRONAGIRATORIACOMRODIZIOS FLEXFORM ROMA
ULTRABOOK ULTRABOOK MARCATHINKPAD MODELOT440 DISCOSATAIII6GB RAM8GB DDR3 TELALED 14POLEGADAS 110__220VOLTS COMMOCHILANAILONPRETA OFFICEPROFISSIONAL2013_ LENOVO PE015E00
ULTRABOOK ULTRABOOK MARCATHINKPAD MODELOT440 DISCOSATAIII6GB RAM8GB DDR3 TELALED 14POLEGADAS 110__220VOLTS COMMOCHILANAILONPRETA OFFICEPROFISSIONAL2013_ LENOVO PE016JQM
"MESA DE ESCRITORIO,DELTA,PARA ESTACAO DE TRABALHO MESADEESCRITORIO DELTA PARAESTACAODETRABALHOFORTLINE FORTLINE "
"MAQUINA FOTOGRAFICA DIGITAL, MARCA NIKON. MAQUINAFOTOGRAFICADIGITAL MARCANIKONP530 NIKON "
MICROONDAS FORNOMICROONDASLG CAPACIDADE30LITROS LG 
CAMA BOX SOLTEIRO CAMABOXSOLTEIRO190X90cm SEM MARCA APARENTE 
"FOGAO A GAS DOMESTICO, 06 BOCAS, AUTOMATICO FOGAOAGASDOMESTICOESMALTEC 06BOCAS AUTOMATICOCORBRANCA ESMALTEC "
MICROCOMPUTADOR C/TECLADO E MOUSE MICROCOMPUTADORC__TECLADOEMOUSE POSITIVO 
COLETE BALISTICO COLETEBALISTICOEXCLUSIVAMENTEFEMININO COMBOJO SEMCOSTURA NIVELIII-A CAPASEXTERNASOPERACIONAISECAPASDETRANSPORTEDEARMAZENAMENTO_TAMANHOP_LOTE27561 INBRATERRESTRE 
COLETE BALISTICO COLETEBALISTICOEXCLUSIVAMENTEFEMININO COMBOJO SEMCOSTURA NIVELIII-A CAPASEXTERNASOPERACIONAISECAPASDETRANSPORTEDEARMAZENAMENTO_TAMANHOPP_LOTE27563 INBRATERRESTRE 
COLETE BALISTICO COLETEBALISTICOEXCLUSIVAMENTEFEMININO COMBOJO SEMCOSTURA NIVELIII-A CAPASEXTERNASOPERACIONAISECAPASDETRANSPORTEDEARMAZENAMENTO_TAMANHOP_LOTE27564 INBRATERRESTRE 
COLETE BALISTICO COLETEBALISTICOEXCLUSIVAMENTEFEMININO COMBOJO SEMCOSTURA NIVELIII-A CAPASEXTERNASOPERACIONAISECAPASDETRANSPORTEEARMAZENAMENTO_TAMANHO_LOTE27225_ INBRATERRESTRE 
COLETE BALISTICO COLETEBALISTICOEXCLUSIVAMENTEFEMININO COMBOJO SEMCOSTURA NIVELIII-A CAPASEXTERNASOPERACIONAISECAPASDETRANSPORTEDEARMAZENAMENTO_TAMANHOP_LOTE27357_ INBRATERRESTRE 
APARELHO PURIFICADOR DE AGUA APARELHOPURIFICADORDEAGUAELETRICOBIVOLT AQUAFLEXLIBELL LIBELL 
COLETE BALISTICO COLETEBALISTICOEXCLUSIVAMENTEFEMININO COMBOJO SEMCOSTURA NIVELIII-A CAPASEXTERNASOPERACIONAISECAPASDETRANSPORTEDEARMAZENAMENTO_TAMANHOP_LOTE27685 INBRATERRESTRE 
COLETE BALISTICO COLETEBALISTICOEXCLUSIVAMENTEFEMININO COMBOJO SEMCOSTURA NIVELIII-A CAPASEXTERNASOPERACIONAISECAPASDETRANSPORTEDEARMAZENAMENTO_TAMANHOP_LOTE27402 INBRATERRESTRE 
COLETE BALISTICO COLETEBALISTICOEXCLUSIVAMENTEFEMININO COMBOJO SEMCOSTURA NIVELIII-A CAPASEXTERNASOPERACIONAISECAPASDETRANSPORTEDEARMAZENAMENTO_TAMANHOM_LOTE27403 INBRATERRESTRE 
COLETE BALISTICO COLETEBALISTICOEXCLUSIVAMENTEFEMININO COMBOJO SEMCOSTURA NIVELIII-A CAPASEXTERNASOPERACIONAISECAPASDETRANSPORTEDEARMAZENAMENTO_TAMANHOG_LOTE27212_ INBRATERRESTRE 
COLETE BALISTICO COLETEBALISTICOEXCLUSIVAMENTEFEMININO COMBOJO SEMCOSTURA NIVELIII-A CAPASEXTERNASOPERACIONAISECAPASDETRANSPORTEDEARMAZENAMENTO_TAMANHOPP_LOTE27700   INBRATERRESTRE 
COLETE BALISTICO COLETEBALISTICOEXCLUSIVAMENTEFEMININO COMBOJO SEMCOSTURA NIVELIII-A CAPASEXTERNASOPERACIONAISECAPASDETRANSPORTEDEARMAZENAMENTO_TAMANHOP_LOTE27701   INBRATERRESTRE 
COLETE BALISTICO COLETEBALISTICOEXCLUSIVAMENTEFEMININO COMBOJO SEMCOSTURA NIVELIII-A CAPASEXTERNASOPERACIONAISECAPASDETRANSPORTEDEARMAZENAMENTO_TAMANHOM_LOTE27701   INBRATERRESTRE 
COLETE BALISTICO COLETEBALISTICOEXCLUSIVAMENTEFEMININO COMBOJO SEMCOSTURA NIVELIII-A CAPASEXTERNASOPERACIONAISECAPASDETRANSPORTEDEARMAZENAMENTO_TAMANHOM_LOTE27702   INBRATERRESTRE 
COLETE BALISTICO COLETEBALISTICOEXCLUSIVAMENTEFEMININO COMBOJO SEMCOSTURA NIVELIII-A CAPASEXTERNASOPERACIONAISECAPASDETRANSPORTEDEARMAZENAMENTO_TAMANHOP_LOTE27702   INBRATERRESTRE 
SMARTPHONE APARELHOTELEFONICOCELULARSMARTPHONE_ APPLE 
MARRETA DE ENTRADA TÁTICA MARRETAPARAENTRADATATICA BLACKHAWK 
MARRETA DE ENTRADA TÁTICA MARRETADEENTRADATATICATELESCOPICA BLACKHAWK 
COLETE BALISTICO COLETEBALISTICOEXCLUSIVAMENTEFEMININO COMBOJO SEMCOSTURA NIVELIII-A CAPASEXTERNASOPERACIONAISECAPASDETRANSPORTEEARMAZENAMENTO_TAMANHOP_LOTE27333 INBRATERRESTRE 
"APARELHO DE AR-CONDICIONADO, TIPO SPLIT, 18.000 BTUS APARELHODEAR-CONDICIONADOMIDEA TIPOSPLIT 18_000BTUS MIDEA "
NOTEBOOK HP PAVILION NOTEBOOKHPPAVILION14-V065BRINTELCORE17-4510U 8GB 1TB WIN8 SL64 HP 
APARELHO TELEFONICO DIGITAL MARCA ERICSSON  MODELO DBC 213SERIE TO1000NNBA aparelhotelefonicodigitalmarcaericssonmodelodbc213serieto1000nnba ERICCSON 
APARELHO TELEFONICO DIGITAL   MARCA ERICSSON MODELO DBC 223 COM TECLADO  aparelhotelefonicodigitalmarcaericssonmodelodbc223comteclado ERICSSON 
APARELHO TELEFONICO DIGITAL FUNÇÃO MULTILINHA ALIMENTAÇÃO 35 V  COM VIVA VOZ MARCA ERICSSON MODELO DBC 222 APARELHOTELEFONICOdigitalfuncaomultilinhaalimentacao35vcomvivavozmarcaericssonmodelodbc222 ERICSSON 
SCANNER SCANNERFUJITSUMODFI-7260 FUJITSU 
EQUIPAMENTO DE COMPUTAÇÃO(FORENSE) COM SOFTWARE PARA EXTRAÇÃO E ANALISE DE DADOS DE TELEFONE CELULAR. EQUIPAMENTODECOMPUTACAO_FORENSE_COMSOFTWAREPARAEXTRACAOEANALISEDEDADOSDETELEFONECELULAR_ UFED 
"SCANNER MESA PARA DIGITALIZACAO DE IMAGEM 9600 DPI SCANNERMESAPARADIGITALIZACAODEDOCUMENTOSEIMAGEMDEMARCAFUJITISOMODELOFL-6770E600-DPI FUJITISU, FUJITSU FI-6770"
"SCANNER FUJITSU SCANNERFUJITSU FUJITISU, FUJITSU FI 6770"
SMARTPHONE APARELHOTELEFONICOCELULARAPPLEIPHONE516GB APPLE 
BEBEDOURO AGUA GELADA/NATURAL BEBEDOUROAGUAGELADA__NATURAL LIBELL 
"FRAGMENTADORA   DE PAPEL FRAGMENTADORADEPAPEL ELGIL, ELGIN FC27150C"
FRAGMENTADORA   DE PAPEL FRAGMENTADORADEPAPEL ELGIN FC7150C
FRAGMENTADORA   DE PAPEL FRAGMENTADORADEPAPEL ELGIN ELGIN
FRAGMENTADORA   DE PAPEL FRAGMENTADORADEPAPEL ELGIN 
MONITOR MONITORHP23_ HP 
"TELEFONE COM FIO C/ IDENTIFICADOR DE CHAMADA, COR PRETA TELEFONECOMFIOC__IDENTIFICADORDECHAMADA CORPRETA KEO "
COMPUTADOR COMPUTADORlg processadorintelI5-4440 3 1GHZ__LGA1150 LG 
MONITOR LCD 22 POL MONITORLCD22POLLEDDesktop LG 
MONITOR LCD 22 POL MONITORLCD22POLLEDDesktop LG 509SPWQ0X905
IDENTIFICADOR BIOMETRICO DIGITAL IDENTIFICADORBIOMETRICODIGITAL HENRY 
"ARQUIVO DESLIZANTE, MARCA TECNOLACH ARQUIVODESLIZANTE MARCATECNOLACH TECNOLACH "
"EQUIPAMENTO DE COMPUTAÇÃO(FORENSE) COM SOFTWARE PARA EXTRAÇÃO E ANALISE DE DADOS DE TELEFONE CELULAR. EQUIPAMENTODECOMPUTACAO_FORENSE_COMSOFTWAREPARAEXTRACAOEANALISEDEDADOSDETELEFONECELULAR_ CELLEBRITE, SEM MARCA UFED TOUCH"
BEBEDOURO BEBEDOUROPARAGARRAFAO20LITROS_ SAMSUNG 
"COMPUTADOR LENOVO COM ACESSORIOS MOUSE, TECLADO E CABO COMPUTADORLENOVOCOMACESSORIOSMOUSE TECLADOECABO LENOVO "
HD DOKING STATION  HDDOKINGSTATION_CLONADORDEHD_ FEASSO 
MONITOR LCD 21 POL MONITORLCD21POL PHILIPPS 
"EQUIPAMENTO DE COMPUTAÇÃO(FORENSE) COM SOFTWARE PARA EXTRAÇÃO E ANALISE DE DADOS DE TELEFONE CELULAR. EQUIPAMENTODECOMPUTACAO_FORENSE_COMSOFTWAREPARAEXTRACAOEANALISEDEDADOSDETELEFONECELULAR_ TECHBIZ, UFED "
FIAT BRAVO HatchmaiorFiatBravoEssence1_8L 16V Flex_descaracterizado_CINZA FIAT BRAVO ESSENCE
RENAULT SANDERO Hatchmenor_descaracterizado_CINZA RENAULT SANDERO
RENAULT SANDERO Hatchmenor_descaracterizado_PRATA RENAULT SANDERO DYNAMIQUE 1.6
RENAULT SANDERO Hatchmenor_descaracterizado_CINZAACIER RENAULT SANDERO DYNAMIQUE 1.6
MESA PARA REUNIAO MESADEREUNIAOREDONDA MODILAC 
RENAULT SANDERO HATCHMENOR_DESCARACTERIZADO_SANDERODYNAMIQUE1_6 RENAULT SANDERO
EQUIPAMENTO DE DUPLICAÇÃO E BLOQUEIO DE ESCRITA DE MIDIAS DE ARMAZENAMENTO COMPUTACIONAIS EQUIPAMENTODEDUPLICACAOEBLOQUEIODEESCRITADEMIDIASDEARMAZENAMENTOCOMPUTACIONAIS HWeSW_ TABLEAU TD3-B FORENSIC IMAGER
FIAT BRAVO HATCHMAIORFIATBRAVOESSENCE1_8L 16V FLEX_DESCARACTERIZADO_PRATABARI FIAT BRAVO
FONE DE OUVIDO FONEDEOUVIDO SONY 
FRAGMENTADORA CORTADEIRADEPAPEL_FRAGMENTADORA__MODELOSECURITYRS21S-220V SECURITY RS 215 - S
CARRINHO DE AÇO PARA COPA CARRINHODEACOPARACAFE GERAÇÃO 
FRIGOBAR FRIGOBAR100l220V__BRANCO_ CONSUL 
"MONITOR LED 23"", LG, E2350V (SF) MONITORLED23_ LG 23mb35vq-h_vga_HDMI LG "
ESPINGARDA BENELLI CAL. 12 ESPINGARDACALIBRE12__MODELOM3__SEMIAUTO__PUMPACTION_ BENELLI M3
CAMINHAO Caminhao-Guincho_caracterizado_VERTIS90V18_Marca-IVECOPRETOVULCANO IVECO VERTIS
"DRONE AERONAVE NÃO TRIPULADA DRONEAERONAVENAOTRIPULADAOPERADAPORCONTROLEREMOTO PHANTOM, DJI PHANTOM, 3"
APARELHO TELEFONICO COMUM APRELHOTELEFONICOCOMUMDETECLAS PANASONIC 
APARELHO TELEFONICO COMUM APRELHOTELEFONICOCOMUMDETECLAS MOTOROLA 
CAMERA CAMERAMOVEL CAMERAMOVELPTZDEVENDOPOSSUIRASSEGUINTESCARACTERISTICASTECNICAS:CAMERATIPOSPEEDDOME ESPECIFICASPARAUSOEXTERNO CANON 
FILMADORA DIGITAL FILMADORADIGITAL GOPRO 
RENAULT MASTER Utilitario-VandePassageiros_descaracterizado_BRANCO RENAULT MASTER MINIBUS
"MONITOR LED 23"", LG, E2350V (SF) MONITORLED23_ LG "
SCANNER SCANNERKODAKi2820-DUPLEX-70ppm KODAK 
SUPORTE PARA NOTEBOOK SUPORTEPARANOTEBOOK ERGOLIFE 
MICROONDAS FORNOMICROONDAS MATERIALACOINOXIDAVEL CAPACIDADE27L POTENCIA1_500W VOLTAGEM220V CARACTERISTICASADICIONAISPAINELDIGITAL TRAVASEGURANCA RELOGIODIGITAL FUNCOESALARME TEMPORIZADOR AUTO&amp 8208;AQUECIMENTOEDESCONGELA_ ELETROLUX 
IMPRESSORA IMPRESSORA ZEBRA 
"MONITOR LED 23"", LG, E2350V (SF) MONITORLED23_ LG 23MB35VQ-H"
CADEIRA COM ESPALDAR MEDIO CADEIRACOMESPALDARMEDIO COMAPOIA-BRACOSFIXOS;ESTRUTURA:EMACOTUBULARCONTINUODESECAOCILINDRICAABNT1010 COMDIAMETRODE25 4MMEESPESSURAMINIMADAPAREDEDE2 5MM CURVADOPNEUMATICAMENTEEMFORMADE?S?EDESLIZADORESEMNYLON POLIAMIDA6;ASSENTOEENCOSTO:FORMATOANATOMICO;ESTOFADOSCOMESPUMADEPOLIURETANOINJETADODEDENSIDADEMINIMADE60KG__M?E50KG__M?PARAASSENTOEENCOSTORESPECTIVAMENTE;ANATOMICAMENTEMOLDADA;FIXADOSNACONCHA_ESTRUTURAINTERNAEMRESINAPOLIESTERREFORCADACOMFIBRADEVIDROTERMOFORMADAOUCOMFIODEACOPARAEVITARDEFORMACAO_LARGURAAPROXIMADADOENCOSTODOASSENTO45CM;ALTURAMINIMADOENCOSTODE45CM;CONTRA-ENCOSTO:CONTRAENCOSTOEMPOLIPROPILENOEXPANDIDOTEXTURIZADOOURESINADEPOLIESTERREFORCADACOMFIBRADEVIDRO;COMACABAMENTOPERFEITONASBORDASTANTODOENCOSTOCOMODOASSENTO;APOIA-BRACO:FIXO;INJETADOEMPOLIAMIDA6EFIXADONAPARTEINFERIORDOASSENTOATRAVESDEESTRUTURAEMTUBODEACOOUDEALUMINIO UNINDOOASSENTOAOENCOSTO;MINIMO0 9MMDEESPESSURA GRAMATURAMINIMADE700G__M2 NACORPRETA TENSAOMINIMADERUPTURALONGITUDINAL270N__5CMETRANSVERSAL250N__5CM FLAMABILIDADEMAXIMADE100MM__MINUTO COMESSENCIADECOURO COMADITIVOSCONTRARAIOSULTRA-VIOLETAS IMPEDINDOQUEAINCIDENCIADELUZALTEREATONALIDADEE__OURESSEQUEOMATERIAL EADITIVOSANTI-CHAMA FORRADODEJERSEIMISTODE50 ALGODAOE50 POLIESTER;ESTRUTURA:EMALUMINIOPOLIDONACORNATURALOUACOTEMPERADOCOMPINTURAEPOXIPOPRETA_TRATAMENTODASSUPERFICIESMETALICAS:TODASASPECASEMMETALFERROSODEVEMRECEBERTRATAMENTOANTI-FERRUGINOSO_FOSFATIZACAO_;TODASASPECASMETALICASDEVEMRECEBERPINTURAPELOPROCESSOELETROSTATICOCOMTINTAEPOXIPONAPRETA_OMOBILIARIO NOQUECONCERNEASCARACTERISTICASFISICAS DIMENSIONAIS ERGONOMICASEDEENSAIOSDEESTABILIDADE RESISTENCIAEDURABILIDADE DEVERAATENDERASNORMASDAABNTNBR13962__2002 NBR14110 NR17 DIN?53354EISO3795 DEVENDOALICITANTEVENCEDORAAPRESENTARCERTIFICADODEMARCADECONFORMIDADEDAABNT EMITIDOPORORGANISMOACREDITADODECERTIFICACAODEPRODUTO?OCP_ TECNO2000 ESPALDAR MEDIO
RENAULT FLUENCE SEDANMEDIOCARACTERIZADOCOMADAPTACOESRENAULTFLUENCE RENAULT FLUENCE DYNAMIQUE 2.0
"MONITOR LED 23"", LG, E2350V (SF) MONITORLED23_   LG "
MITSUBISHI PAJERO Veiculoautomotor tipocaminhoneta tracao4x4 commotorizacaominimade160v MitsubishiPageroHDcustomizado corpretaonixpeart_ MITSUBISHI HD 3.2L M/T
"MONITOR LED 23"", LG, E2350V (SF) MONITORLED23_ LG E2350V_SF_ LG 23 POL "
CAMERA FOTOGRAFICA COM ACESSORIOS CAMERAFOTOGRAFICA NIKON AW130
SOFA 01 LUGAR SOFA01LUGAR KORAL 
SOFA 03 LUGARES SOFA03LUGARES KORAL 
ARMARIO ARMARIOBAIXO2PORTAS OFFICE MAX 
ARMARIO ARMARIOALTOCOMPORTASEPRATELEIRAS OFFICE MAX 
GAVETEIRO. GAVETEIROVOLANTEQUATROGAVETAS OFFICE MAX 
MESA ESTACAODETRABALHOEML1600X1600X600X600 OFFICE MAX 
LENTE PARA CAMERA FOTOGRAFICA LenteMaquinaFotograficaCanon10-18mmEF-S CANON 
CAMERA FilmadoraGoProHero4Silver GOPRO 
NOTEBOOK NOTEBOOKdemarcaDELwifi1820modelolatitude143470eacessorios DELL 
NOTEBOOK NOTEBOOKdemarcaHPmodeloelitebook8470plcd14polrgadaseacessorios HP 
"FUZIL DE ASSALTO HK G36 5,56MM FUZILDEASSALTOHKG365 56X45MM-COMPLETOCOMPROTETORDEMAOPICATINNY TRILHODEVISAOPICATINY CORONHAESOLEIRARETRATILCOMDESCANSODEBOCHECHAAJUSTAVEL ALCADETRANSPORTE 01CARREGADORDE30MUNICOES_VAZIO_EMANUALDOUSUARIO HK HK G36CV"
SUPORTE PARA NOTEBOOK SUPORTEPARANOTEBOOKdemarcaergolife ERGOLIFE 
COLETE BALISTICO COLETEBALISTICOMASCULINONIVELIII-ARETEX2884__13_PAINELHPI-500_TAMANHOMCORPRETO INBRATERRESTRE 
COLETE BALISTICO COLETEBALISTICOMASCULINONIVELIII-ARETEX2884__13_PAINELHPI500_TAMANHOM INBRATERRESTRE 
COLETE BALISTICO COLETEBALISTICOMASCULINONIVELIII-ARETEX2884__13_PAINELHPI-500_TAMANHOG INBRATERRESTRE 
COLETE BALISTICO COLETEBALISTICOMASCULINONIVELIII-ARETEX2884__13_PAINELHPI-500_TAMANHOM INBRATERRESTRE 
COLETE BALISTICO COLETEBALISTICOMASCULINONIVELIII-ARETEX2884__13_PAINELHPI-500_TAMANHOGG INBRATERRESTRE 
COLETE BALISTICO COLETEBALISTICOMASCULINONIVELIII-A RETEX2884__13_PAINELHPI-500_TAMANHOPP INBRATERRESTRE 
COLETE BALISTICO COLETEBALISTICOMASCULINONIVELIII-A RETEX2844__13_PAINELHPI-500_TAMANHOM INBRATERRESTRE 
COLETE BALISTICO COLETEBALISTICOMASCULINONIVELIII-A RETEX2884__13_PAINELHPI__500_TAMANHOP INBRATERRESTRE 
RENAULT FLUENCE SEDANMEDIO_DESCARACTERIZADO_PRATAKNH RENAULT FLUENCE
COMPARADOR ESPECTRAL ComparadorEspectralparaanalisededocumentos cedulas passaporte etc DELL 4307
COMPUTADOR DELL COMPUTADORDELL DELL XPS 8900
MONITOR MONITOR DELL UP3216Q
FIAT BRAVO HATCHMAIORFIATBRAVOESSENCE1_8L 16V FLEX_DESCARACTERIZADO_BRANCO FIAT BRAVO ESSENCE
FIAT PALIO WEEKEND FIATPALIOWEEKEND FIAT WEEKEND
"FILMADORA GOPRO HERO 4 SILVER FILMADORAGOPROHERO4SILVER GOAL PRO, GOPRO HERO 4 SILVER"
DOCK STATION - ESTAÇÃO DE ANCORAGEM ESTACAODEANCORAGEMPARANOTEBOOK__ULTRABOOKCOMCONEXAOUSB3_0 ULTRAHD4K MODELO3100_ DELL D3100
DOCK STATION - ESTAÇÃO DE ANCORAGEM ESTACAODEANCORAGEMPARANOTEBOOK__ULTRABOOKCOMCONEXAOUSB3_0 DELL 
DOCK STATION - ESTAÇÃO DE ANCORAGEM DOCKINGSTATION DELL 
DOCK STATION - ESTAÇÃO DE ANCORAGEM ESTACAODEANCORAGEMPARANOTEBOOK__ULTRABOOKCOMCONEXAOUSB3_0 DELL D3100
FORD FUSION SEDAN FORD FUSION
FRAGMENTADORA AUTOMATICA Fragmentadoradepapel corta25folhasemparticulasem40mm_Cartao CD Clips Cestode81LitrosMarcaCOMIX-ModeloS611-Serie40312 COMIX 
LOCALIZADOR DE SATELITE LOCALIZADORDESATELITE HD 
KIT EMBALAGEM BLOQUEADORA DE SINAL KITEMBALAGEMBLOQUEADORADESINAL FENIX 
APARELHO REPRODUTOR DE DVD APARELHOREPRODUTORDEDVD SATE 
BALANCA DE PRECISAO BALANCADEPRECISAO POWER 
DOCK STATION - ESTAÇÃO DE ANCORAGEM ESTACAODEANCORAGEMdemarcadellPARANOTEBOOKCOMCONEXAOUSB3_0comdoisadaptadoresdetomadasefontecarregadora DELL 
IMPRESSORA ZEBRA IMPRESSORAZEBRA ZEBRA 
LEITORA CÓDICO DE BARRA MARCA CCD1000-BT/BITATEK LEITORDECODIGODEBARRASCOMFIO ZEBRA LS2208
"KIT ESTRANGEIRO C/ CAMERA DIGITAL, LEITORA OPTICA E ACESSORI KITESTRANGEIROC__CAMERADIGITAL LEITORAOPTICAEACESSORI AMERICAN "
COMPUTADOR DESKTOP MICROCOMPUTADORDEMARCAPOSITIVO D810DCRE2016__16090-4COMWINDOS10 POSITIVO 
"MONITOR LED 23"" MONITORLED23POLEGADASDEMARCA POSITIVO POSITIVO "
LEITOR DE CODICO DE BARRA LEITORDECoDIGODEBARRADEMARCAZEBRASEMFIO ZEBRA 
LEITOR DE CODICO DE BARRA LEITORDECoDIGODEBARRADEMARCAZEBRASEMFIO  N__SBASE:16336523021988   ZEBRA MC32N0
LEITOR DE CODICO DE BARRA LEITORDECoDIGODEBARRADEMARCAZEBRASEMFIO  N__SDABASE:16336523021970     ZEBRA MC32N0
LEITOR DE CODICO DE BARRA LEITORDECODIGODEBARRADEMARCAZEBRACOMFIO ZEBRA LI4278
COMPUTADOR DESKTOP COMPUTADORDESKTOPDEMARCAPOSITIVOMASTERD810DCRE2016__15090-47COMWINDOS10PRO POSITIVO 
"MONITOR LED 23"", LG E2350V (SF) MONITORLED23POLEGADAS DEMARCAPOSITIVO POSITIVO "
CADEIRA ESTOFADA FIXA SEM BRACOS CADEIRAESTOFADAFIXASEMBRACOS PREMIUM 
POLTRONA PARA ESCRITORIO POLTRONAPARAESCRITORIO FACILITY 
FONE DE OUVIDO FONEDEOUVIDO TALKBACK PRO 
ARMARIO BAIXO ARMARIOBAIXO XXXX 
ARMARIO 2 PORTAS TIPO ESTANTE ARMARIO2PORTASTIPOESTANTE XXXX 
TELEFONE CELULAR APPLE A1778 128GB ROSA TELEFONECELULARAPPLEA1778128GBROSA APPLE A1778
CADEIRA GIRATORIA C/BRACOS TIPO POLTRONA CADEIRAGIRATORIAC__BRACOS ESPALDARALTO TIPOPOLTRONA CORPRETA LAYOUT 
SWITCH 48 PORTAS 10/100 MBPS  FAST ETHERNET. SWITCHDEBORDATIPO2COMUTADORETHERNET48PORTAS10__100__1000BASETXCOM4PORTASDEUPLINKCONDEMARCABROCADE BROCADE 
"ARMARIO DE ACO C/CHAPO 24 C/PORTA ABRIR,MED.198X90X40CM. ARMARIODEACOC__CHAPO24C__PORTAABRIR MED_198X90X40CM_ CIDADE VERDE "
ARMARIO METALICO ARMARIOMETALICO CIDADE VERDE 
ESTANTE METALICA ESTANTEMETALICA CIDADE VERDE 
MÓDULO MINI-GBIC MODULOMINI-GBICSFP1000BASESX TELTEC 
"SWITCH DE BORDA 1 COM 24 PORTAS,COM ACESSORIOS SWITCHDEBORDA1COM24PORTAS COMACESSORIOS TELTEC "
GPS GPSPORTATILDEALTASENSIBILIDADE MODGPSMP64S_ GARMIN 
MÓDULO MINI-GBIC MODULOMINI-GBICSFP1000BASESX CISCO 
"SWITCH DE BORDA 1 COM 24 PORTAS,COM ACESSORIOS SWITCHDEBORDA1COM24PORTAS COMACESSORIOS CISCO "
"CADEIRA DE ESCRITORIO,C/RODIZIOS E BRACOS,REV.PRETO CADEIRADEESCRITORIO C__RODIZIOSEBRACOS REV_PRETO GUSA "
CADEIRA FIXA PARA INTERLOCUTOR CADEIRAFIXAPARAINTERLOCUTOR GUSA 
MESA COPA/COZINHA COM 04 CADEIRAS (SALA DA COPA) MESACOPA__COZINHACOM04CADEIRAS_SALADACOPA_ GUSA 
MÓDULO MINI-GBIC MODULOMINI-GBICSFP1000BASESX DAMOVO 
SWITCH COM 48 PORTAS 10/100/1000 KBPS               *(NTI) SWITCHCOM48PORTAS10__100__1000KBPS__NTI_ DAMOVO 
BELICHE DE ACO BELICHEDEACO TRIPODE 
ARMARIO ALTO ARMARIOALTO OFFICE MAX 
ARMARIO BAIXO ARMARIOBAIXO OFFICE MAX 
BANCADA P/ MESA LABORATORIO PAPILOSCOPICAS BANCADAP__MESALABORATORIOPAPILOSCOPICAS OFFICE MAX 
ESTACAO DE TRABALHO 140X140X74 ESTACAODETRABALHO140X140X74 OFFICE MAX 
ESTACAO DE TRABALHO 140X160CM ESTACAODETRABALHO140X160CM OFFICE MAX 
ESTACAO DE TRABALHO 160X160 ESTACAODETRABALHO160X160 OFFICE MAX 
GAVETEIRO 04 GAVETAS GAVETEIRO04GAVETAS OFFICE MAX 
GAVETEIRO 3 GAVETAS GAVETEIRO3GAVETAS OFFICE MAX 
MESA DE REUNIAO REDONDA MESADEREUNIAOREDONDA OFFICE MAX 
MESA DE TRABALHO 1200X600MM MESADETRABALHO1200X600MM OFFICE MAX 
NOTEBOOK ComputadoresNotebookHPProBook440G3comProcessadorIntelCorei5-6200U Windows10Pro64 Office2013 8GB HD500GB_ HP 
CADEIRA COM ESPALDAR MEDIO CADEIRAGIRATORIACOMESPALDARMEDIOEAPOIA-BRACOS-CORPRETA FRISOKAR 
CADEIRA DE INTERLOCUTOR CADEIRADEINTERLOCUTOR CORPRETA FRISOKAR 
IPHONE 07 128 GB IPHONE07128GB APPLE 07 128 GB
MICROCOMPUTADOR DESKTOP MICROCOMPUTADORDESKTOP POSITIVO 
MICROCOMPUTADOR DESKTOP MICROCOMPUTADORDESKTOP POSITIVO POSITIVO MASTER
"SOLUÇÃO PARA COLETA, PROCESSAMENTO E ANÁLISE DE DADOS E INFORMAÇÕES A PARTIR DE PLATAFORMAS ELETRÔNICAS PORTÁTEIS-UFED SOLUCAOPARACOLETA PROCESSAMENTOEANALISEDEDADOSEINFORMACOESAPARTIRDEPLATAFORMASELETRONICASPORTATEIS-UFED UFED "
MAQUINA DE CONTAR DINHEIRO MAQUINADECONTARDINHEIRO BANKNOTE COUNTER 
COMUTADOR DADOS SWITCH COMUTADORDADOSSWITCH  CH48x10__100__1000 RUCKUS 
COMUTADOR DADOS SWITCH COMUTADORDADOSSWITCH  CH48x10__100__1000 DAMOVO 
COMUTADOR DE DADOS ( REDE MICRO SWITCH ) COMUTADORDEDADOS_REDEMICROSWITCH_  CH48__100__1000 DAMOVO 
EXTINTOR PO QUIMICO EXTINTORPOQUIMICO BC 
MITSUBISHI PAJERO MITSUBISHIPAJERODAKAR4x4SUV-CORPRATARHODIUM MITSUBISHI PAJERO
COMPUTADOR COMPUTADOR PLATINUM 
MONITOR MONITOR PHILIPS 
MONITOR MONITOR AOC 
FRAGMENTADORA FRAGMENTADORA TRITURARE 
GM - CHEVROLET ASTRA SEDAN CHEVROLETASTRASEDAN GM - CHEVROLET ADVANTEGE
FIAT STRADA FIATSTRADA FIAT STRADA
FORD FOCUS SEDAN FORDFOCUSSEDAN FORD FOCUS SEDAN
NISSAN FRONTIER NISSANFRONTIER NISSAN LE 25X4
VW - VOLKSWAGEN AMAROK VOLKSWAGENAMAROK VW - VOLKSWAGEN CD 4X4 HIGH
VW - VOLKSWAGEN GOLF VOLKSWAGENGOLF VW - VOLKSWAGEN GOLF 1.6 SPORTLINE
VW - VOLKSWAGEN GOLF VOLKSWAGENGOLF VW - VOLKSWAGEN SPORTLINE 1.6
GM - CHEVROLET ASTRA SEDAN CHEVROLETASTRASEDAN GM - CHEVROLET ASTRA ADVANTAGE
GM - CHEVROLET ASTRA SEDAN CHEVROLETASTRASEDAN GM - CHEVROLET ASTRA HB 4P ADVANTAGE
FORD ECOSPORT ECOSPORT FORD ECOSPORT
FIAT SIENA FIATSIENA FIAT SIENA
TOYOTA HILUX SW4 TOYOTAHILUX TOYOTA HILUX SW4
VW - VOLKSWAGEN VOYAGE VOLKSWAGENVOYAGE VW - VOLKSWAGEN VOYAGE CLMB
TOYOTA HILUX SW4 TOYOTAHILUX TOYOTA HILUX
MITSUBISHI PAJERO MITSUBISHIPAJERO MITSUBISHI PAJERO HPE 3.2 D
TOYOTA COROLLA TOYOTACOROLLA TOYOTA COROLLA SED
SUBMETRALHADORA HK MP5 9MM SUBMETRALHADORAHKMP59X19MM_ArmadeFogoAutomatica-Submetralhadora_metralhadora_HKMP5A5 calibre9x19mm um_01_carregadorde30municoes_vazio_emanual_ HK MP5 A5
BEBEDOURO BEBEDOUROPARAGALAODE20LITROS MODELOK20 BRANCO KARINA 
MICROONDAS FORNODEMICROONDAS LG 
COFRE PMCOFRES  COFREDIRETORDIGITAL40CM 35CM 34CM PM COFRES 
COFRE COFREDEACO130CM 50CM 50CM_ PM COFRES 
COFRE COFREDEACO150CM 90CM 50CM_ PM COFRES 
IMPRESSORA DE CARTAO/CRACHA EM PVC COLORIDA IMPRESSORADECARTAO__CRACHAEMPVCCOLORIDA SMART CH 
TABLET TABLETCOMTELATOUCHSCREENPARALEITURADELIVROS MANUAIS EXECUCAODEAPLICATIVOSEACESSOAREDESWIFIE3G APPLE 
ESTANTE ACO DESMONTAVEL ESTANTEACODESMONTAVEL CIDADE VERDE 
MITSUBISHI L200 Camionetescabinedupla_ostensivas_MitsubishiL-200TritonGLPRETA MITSUBISHI L 200
MITSUBISHI PAJERO CAMIONETAS4X4SUV_OSTENSIVAS_MITSUBISHIPAJERODAKARPRETO MITSUBISHI PAJERO DAKAR
CAMERA DISSIMULADA Conjuntodecameradeposte compostoporcameradissimuladaparainstalacaoemposteououtrosuporte comsistemawifi modem3G__4G;caixapequenaparaposte;cameradesegurancaIP;gravadorIPparacameradeseguranca4canais;HardDiskdeumTb;Roteador4Gdesbloqueado;fonte12V__5Abivolt110__220;caixadeplasticovedadaemABS;conectoresP4parafontedealimentacao_ GENERICA 
IMPRESSORA IMPRESSORA  MULTIFUNCIONAL  MX622ADHE  LASERMONO LEXMARK 
MONITOR DE VIDEO. MONITORDEVIDEO  27  LEDWidscreen PHILIPS 
BATERIA 12V (VOLTAGE CONVERTER 12V) BATERIA12V  NOBREAK  ACULUMADORELETRICODECHUMBO-ACIDO WEG 
ESTANTE ACO ESTANTEACOCOM08PRATELEIRAS PROL 
SCANER SCANER  ComMesadigitalizadora KODAK ALARIS 
CADEIRA CADEIRACOMENCOSTODECABECAEPORTAPALETO_CHEFIA_ LAYOUT 
SOFA 02 LUGARES SOFA02LUGARESPRETO MILAN 
WORKSTATION RAZOR EDGE 32 COMPUTADOR  WORKSTATIONRAZOREDGE32INTELCOREI9  COMLICENCAWINDOWS10PROFESSIONAL RAZOR 
MONITOR MONITORAOC18_5 AOC 
HARDWARE DE LEITURA AVANÇADA DE DOCUMENTOS BLUERAY EXTERNO HARDWAREDELEITURAAVANCADADEDOCUMENTOS  BLUERAYEXTERNO RAZOR 
SOFA 02 LUGARES SOFA02LUGARES MILAN 
ARMARIO ALTO 02 PORTAS ARMARIOALTO02PORTAS OFFICE MAX 
ESTACAO DE TRABALHO 1400X1400 ESTACAODETRABALHO1400X1400 OFFICE MAX 
ESTACAO DE TRABALHO 160X160CM ESTACAODETRABALHO160X160CM OFFICE MAX 
GAVETEIRO VOLANTE GAVETEIROVOLANTE OFFICE MAX 
MESA DE REUNIAO CIRCULAR MESADEREUNIAOCIRCULAR OFFICE MAX 
MESA RETANGULAR MESARETANGULAR OFFICE MAX 
ARMARIO BAIXO 02 PORTAS ARMARIOBAIXO02PORTAS OFFICE MAX 
COMPUTADOR TIPO NOTEBOOK COM ACESSORIOS COMPUTADORTIPONOTEBOOKCOMACESSORIOS LENOVO THYNKPAD
COMPUTADOR TIPO NOTEBOOK COM ACESSORIOS COMPUTADORTIPONOTEBOOKCOMACESSORIOS LENOVO THINKPAD
"IMPRESSORA LASER,COLORIDA IMPRESSORALASER COLORIDA LEXMARK "
TABLET TABLET APPLE IPAD 32GB
CADEIRA INTERLOCUTOR FIXA CADEIRAINTERLOCUTORFIXA_ GUSA DO BRASIL 
CADEIRA CADEIRAA09COMRODIZIOSMODELOA TOK A09
BEBEDOURO AGUA/GARRAFAO BEBEDOUROAGUA__GARRAFAO LIBELL 
NOTEBOOK NOTEBOOKLENOVOT480 ACOMPANHAMOUSE MOCHILAETRAVADESEGURANCA LENOVO T480
CADEIRA CADEIRAA09COMRODIZIOMODELOA TOK A09
CADEIRA CADEIRAA10INTERLOCUTORMODELOA TOK A10
DOCK STATION - ESTAÇÃO DE ANCORAGEM ESTACAODEANCORAGEMPARANOTEBOOK__ULTRABOOKCOMCONEXAOUSB3_0   DELL 
CADEIRA COM RODÍZIOS MODELO B CADEIRAA09COMRODIZIOSMODELOA TOK A09
NOTEBOOK NOTEBOOK LENOVO/THINKPAD T480
MONITOR MONITORLG23 8   LG 
MONITOR MONITORPOSITIVO POSITIVO 
ULTRABOOK ULTRABOOKLAPTOPULTRAFINO LENOVO T480
NOTEBOOK NOTEBOOKHP15-BS158CLCND7501079 HP 15-BS158CL
ULTRABOOK LENOVO THINKPAD MODELO T480 NOTEBOOKULTRAFINOTHINKPADT480WINDOWS10PROACOMPANHA:MOCHILALENOVOACTIVEBACKPACKMEDIUMLENOVOMOUSELASERUSB2000DPICOMPS2CABODESEGURANCAKENSINGTONCABLELOCKADAPTADOR LENOVO THINKPAD T480
ULTRABOOK LENOVO T480 NOTEBOOKULTRAFINOTHINKPADT480WINDOWS10PROACOMPANHA:MOCHILALENOVOACTIVEBACKPACKMEDIUMLENOVOMOUSELASERUSB2000DPICOMPS2CABODESEGURANCAKENSINGTONCABLELOCKADAPTADOR LENOVO THINKPAD T480
ARMARIO ALTO 02 PORTAS ARMARIOALTO02PORTAS ITALIA 
ESTACÃO DE TRABALHO EM L  COD.ETB1 ESTACAODETRABALHOEMLCOD_ETB1 ITALIA 
NOTEBOOK NOTEBOOK MARCALENOVO MODELOTHIKPADT480 LENOVO 
ULTRABOOK ULTRABOOKNOTEBOOKULTRAFINO ACOMPANHADODEMOUSE MOCHILAETRAVADESEGURANCACOMCABO_ LENOVO T480
NOTEBOOK NOTEBOOKLENOVOCOMKIT-MOUSEUSB MOCHILADANKA15POLEGADASCABODESEGURANCAEADAPTADORDETOMADADONOVOPARAOANTIGO_ LENOVO/THINKPAD 
"NOTEBOOK NotebookUltrafino acompanhadodemouse mochilaetravadesegurancacomcabo modeloLENOVOThinkpadT480_ LENOVO/THINKPAD, LENOVO THINKPAD T480"
NOTEBOOK NOTEBOOKTHINKPADT480__WINDOWS10PRO_ LENOVO 
NOTEBOOK NOTEBOOKTHINKPADT480__WINDOWS10PRO ULTRAFINO ACOMPANHAMOUSE MOCHILA FONTEETRAVADESEGURANCA_ LENOVO 
ESTANTE ACO ESTANTEACOABERTA8PRATELEIRAS100Kg TSW 
APARELHO TELEFÔNICO IP GRANDSTREAMGXV3370-TelefoneIPMultimidiaAndroid GRANDSTREAM 
APARELHO TELEFÔNICO IP GRANDSTREAMGXP2170-TelefoneIPcom12Linhas GRANDSTREAM 
APARELHO TELEFÔNICO IP GRANDSTREAMGXP1630-TelefoneIP GRANDSTREAM 
RACK METALICO RACKMETALICO U42X19 Compativelcomainstalacaodeequipamentoscomprofundidadedeaproximadamente780mm capacidade1000kg_ WOMER 
SOLUÇÃO PARA ARMAZENAMENTO NAS SOLUCAOPARAARMAZENAMENTONAS 08BAIAS COMDISCOSDE10TB_ SYNOLOGY 
ULTRABOOK ULTRABOOKULTRAFINO ACOMPANHADODEMOUSE MOCHILA ETRAVADESEGURANCA  COMCABO_ THINKPAD 
CAMA BELICHE COM ESTRUTURA EM ACO BELICHE__ESTRUTURACONFECCIONADAEMTUBODEACOINDUSTRIAL?3? COMESPESSURAMINIMA4_00MM COMAALTURAMINIMADE1700MMEALTURAMAXIMA1800MM;DEVERATERNOMINIMODUASTRAVASLONGITUDINAISEMTUBODEACOINDUSTRIALRETANGULAR50X30MM COMESPESSURAMINIMA3_00MM;DESMONTAVEL CAMASINFERIORESUPERIORCOMLARGURAMINIMADE800MMECOMPRIMENTOMINIMO1900MM;ESCADADEACESSOACAMASUPERIOREMTUBODEACOINDUSTRIALCOMSECCAOCIRCULAROUQUADRADAMINIMADE20MM COMESPESSURAMINIMADE3_00M;ESTRADOINTEIRICOEMPLACADEMADEIRACOMPENSADADE8MMSOBREBARRASTRANSVERSAISDEREFORCO;DEPESOAPROXIMADAMENTE110KG;PINTURAEPOXI-ELETROSTATICOPONACORBRANCA;TRATAMENTODASCHAPASETUBOSPELOSISTEMADEBANHOSQUIMICOSQUEPROTEJAMCONTRACORROSAO ELIMINANDOAPOSSIBILIDADEDEFORMACAODEFERRUGENS; TRIPODE 
SMARTPHONE APARELHOTELEFONICOCELULARSMARTPHONE_  IPHONE6-32GB APPLE 
SMARTPHONE APARELHOTELEFONICOCELULARSMARTPHONE_  IPHONE6SPLUS-16GB APPLE 
SMARTPHONE APARELHOTELEFONICOCELULARSMARTPHONE_  IPHONE732GB APPLE 
SMARTPHONE APARELHOTELEFONICOCELULARSMARTPHONE_  IPHONE7PLUS128GB APPLE 
SMARTPHONE APARELHOTELEFONICOCELULARSMARTPHONE_  IPHONE8-256GB APPLE 
SMARTPHONE APARELHOTELEFONICOCELULARSMARTPHONE_  IPHONE8-64GB APPLE 
SMARTPHONE APARELHOTELEFONICOCELULARSMARTPHONE_  RESISTENTE  MODELOB25 CATERPILLAR 
SMARTPHONE APARELHOTELEFONICOCELULARSMARTPHONE_  RESISTENTEIP68 CATERPILLAR 
SMARTPHONE APARELHOTELEFONICOCELULARSMARTPHONE_  MOTOC MOTOROLA 
SMARTPHONE APARELHOTELEFONICOCELULARSMARTPHONE_  K8 LG 
SMARTPHONE APARELHOTELEFONICOCELULARSMARTPHONE_  GALAXYJ5PRIME SAMSUMG 
SMARTPHONE APARELHOTELEFONICOCELULARSMARTPHONE_  MIX6GB__256GB XIAOMI 
ULTRABOOK ULTRABOOKLAPTOPULTRAFINO LENOVO NOTEBOOK ULTRAFINO - THINKPAD T480
ULTRABOOK ULTRABOOKULTRAFINO ACOMPANHADODEMOUSE MOCHILA ETRAVADESEGURANCA  COMCABO_ LENOVO 
MONITOR MonitorLG23 824BL550J_Ajustedealtura Pivot VGA HDMI DispleyPort FullHD1920X1080_ LG 23MB35PH
DOCK STATION - ESTAÇÃO DE ANCORAGEM DOCKSTATION-ESTACAODEANCORAGEM DELL D6000
SWITCH 10 GB COMUTADOR PCT7024 24 SWITCH10Gbe24Portas NETGEAR XS728T
ESTAÇÃO DE TRABALHO EM L  COD.ETB2 ESTACAODETRABALHOEMLCOD_ETB2 ITALIA 
ESTAÇÃO DE TRABALHO EM L  COD.ETB3 ESTACAODETRABALHOEMLCOD_ETB3 ITALIA 
ULTRABOOK LENOVO THINKPAD MODELO T480 NOTEBOOKULTRAFINOTHINKPADT480WINDOWS10PROACOMPANHA:MOCHILALENOVOACTIVEBACKPACKMEDIUMLENOVOMOUSELASERUSB2000DPICOMPS2CABODESEGURANCAKENSINGTONCABLELOCKADAPTADOR LENOVO T480
SWITCH SWITCH1GBE24PORTASPROSAFES3300-28X28-PORTGIGABIT INTERRUPTORGERENCIAVELINTELIGENTEEMPILHAVELCOM2COBRE10G ONUMERODAPECADOFABRICANTEGS728TX-100NES LINHADEPRODUTOSPROSAFE SERIEDEPRODUTOSS3300 MODELODOPRODUTOS3300-28X TIPODEPRODUTOINTERRUPTORDECAMADA NETGEAR 
GM - CHEVROLET ONIX CHEVROLETONIX1_4LTZ GM - CHEVROLET ONIX
FIAT PALIO WEEKEND FIATPALIOWEEKENDELX FIAT PALIO WEEKEND
VW - VOLKSWAGEN GOLF GOLFCONFORTLINE1_6MSIAUTOMATICO VW - VOLKSWAGEN GOLF
HONDA CG 150 FAN ESI HONDACG150FAN HONDA CG 150 FAN ESI
HONDA CIVIC HONDACIVICLXL HONDA CIVIC SEDAN
HONDA CBR 600 F MOTOCICLETACBR600RR HONDA CBR 600 RR
VW - VOLKSWAGEN JETTA SEDANJETTA2_0 VW - VOLKSWAGEN JETTA
VW - VOLKSWAGEN JETTA SEDAN2_0T VW - VOLKSWAGEN JETTA
RENAULT DUSTER VEICULOSUV-CAMIONETA RENAULT DUSTER
TOYOTA HILUX TOYOTAHILUXCD4X4SRV TOYOTA HILUX
TOYOTA HILUX TOYOTAHILUXCD4X4SRV TOYOTA HILUX SW4
VW - VOLKSWAGEN VOYAGE VOLKSWAGENVOYAGE1_6 VW - VOLKSWAGEN 1.6
MOTOCICLETA HONDA MOTOCICLETAHONDA TWISTER TWISTER
MOTOCICLETA HONDA CBR 1000RR MOTOCICLETAHONDA HONDA CBR 1000 RR
TOYOTA HILUX TOYOTAHILUXSRX TOYOTA CD SRX
RELÓGIO PROTOCOLADOR ELETRONICO PROTOCOLADORELETRONICAHENRYPROII HENRY HENRY PROT
HONDA CIVIC HONDACIVICLXL2012 HONDA SEDAN
VW - VOLKSWAGEN GOLF VOLKSWAGENGOLFCOMFORTLINE1_6TSI140CVAUT_2015 VW - VOLKSWAGEN HATCH
UNIDADE DIGITAL DE ARMAZENAMENTO SERVIDORDEALTADENSIDADEPARAPROCESSAMENTODEEVIDENCIASELETRONICAS_ SUPERMICRO 
UNIDADE DIGITAL DE ARMAZENAMENTO STORAGE16BAIAS SUPERMICRO 
ULTRABOOK LENOVO THINKPAD T480 ULTRABOOKLENOVOTHINKPADT480COMMINIMOUSEOPTICO MOCHILAECABOSACESSORIOS LENOVO 
SOFA COM ESTOFADO DE 01 LUGAR Sofacomestofadode01lugar 830mmx800mmx450mmx780mm MARTIFLEX 
DRONE AERONAVE NÃO TRIPULADA DRONEAERONAVENAOTRIPULADAOPERADAPORCONTROLEREMOTO DJI 
MONITOR HP LCD MONITORHPLCDE241I HP 
MONITOR HP LCD MONITORHPLCDE241I   HP 
NOTEBOOK NOTEBOOKTHINKPADT480AcompanhadodeMOCHILA MOUSE CABODESEGURANCA LENOVO T480
MICROONDAS FORNOMICROONDAS CAPACIDADE30LITROS ELECTROLUX 
GM - CHEVROLET CRUZE SEDAN CHEVROLETCRUZELTHB GM - CHEVROLET LT HB
VW - VOLKSWAGEN GOLF GOLFCOMFORTILINE VW - VOLKSWAGEN COMFORTILINE
HONDA CIVIC HONDACIVICTOURING HONDA TOURING
MOTOCICLETA HONDA CG160 MOTOCICLETAHONDACG160FAN HONDA 
IMPRESSORA PARA CRACHA SMART-51S IDP 
ULTRABOOK ULTRABOOKLAPTOPULTRAFINO ACOMPANHADODEMOUSE MOCHILAETRAVADESEGURANCACOMCABO_ LENOVO 
ULTRABOOK ULTRABOOKULTRAFINO ACOMPANHADODEMOUSE MOCHILA ETRAVADESEGURANCA  COMCABO_ LENOVO/THINKPAD 
EXTRA FINO NOTEBOOK (ULTRABOOK) NOTEBOOKEXTRAFINO_ULTRABOOK__ LENOVO 
"EXTRA FINO NOTEBOOK (ULTRABOOK) NOTEBOOKEXTRAFINO_ULTRABOOK_ THINKPADT480-WINDOWS10PRO LENOVO/THINKPAD, LENOVO T480"
DOCK STATION - ESTAÇÃO DE ANCORAGEM DOCKSTATION-ESTACAODEANCORAGEM DELL 
IMPRESSORA MULTIFUNCIONAL IMPRESSORAMULTIFUNCIONALLEXMARKMX622ADHELASERMONO LEXMARK MX622ADHE
CAMA BELICHE EM AÇO REVERSÍVEL EM DUAS CAMAS CAMABELICHEEMACOREVERSIVELEMDUASCAMAS 2000MMX950MMX1750MM_ PROL 
IMPRESSORA MULTIFUNCIONAL IMPRESSORAMULTIFUNCIONAL LEXMARK MX622ADHE
NOTEBOOK NOTEBOOK LENOVO T480
NOTEBOOK NOTEBOOKULTRAFINO LENOVO T480
COMPUTADOR MICROCOMPUTADOR_PLACAMAETECNOLOGIADE266 70  SEGURANCA TRUSTEDPLTFORMMODULE__TPM_   ARQUITETURAITX PROCESSADORLNTELCOREI7  4750T2GHZ 8MCACHECOM4NUCLEOSDE  PROCESSAMENTO MEMORIADE12 8GB__SPORCANAL   EFETUARCOMPUTACAOSIMULTANEADE32BITS E64  BITS COOLER EXPANSAODEMEMORIA PARA-16GB   BARRAMENTOPCLEXPRESSX16 S__YTA6_0GB__S   MEMORIARAM MEMORIADE8GB_OITOGIGABYTES_ 2  X4GBCOM RECURSODUALCHANNEL DPR3PC3-12800  DE-_1600MHZ SLOTSPCI 5PORTAS USBS3_0 SAIDADE  VIDEOPADRAOVGA DISCORIGIDOCOM_CAPACIDADE  DE500GBPADRAO SATACOMVELOCIDADEDE6_0  GBIT__S 8GBSSHD VELOCIDADEDEROTACAODE5400  RPM CACHEDE64MBECOMTECNOLOGIASMARTNI   CONTROLADORAGRAFICACOMTECNOLOGIA3D   DIRECTXII_1EOPENGL 4_0 TRANSMISSAODE10__100__1000  MBPSEMMODOFULL-DUPLEX REDESEMFIO  _WIRELESS_PADRAOLEEE802_11B__G__N PLACADEREDE  SEMFIOINTERNAAOGABINETE SOM_ONBOARD_  PADRAOPLUG-AND-PIAY FONTEDEALIMENTACAOCOM  COMPTACAOAUTOMATICA_ LENOVO CTO
MONITOR MONITOR-MONITORLCD20POLEGADASDFT TELADE45 00  LEDFORMATOWIDESCREEN16:9 PIXELPITCHDE800:1  MM BRILHODE250CD__M2 TEMPODERESPOSTA6MS   ANGULODEVISAOHORIZONTAL160GRAUS ANGULODE  VISAOVERTICAL160GRAUS_ LG E2011PX
MONITOR MONITOR-LEDFORMATO16:9 TAMANHO DEVISAODE83 30  21 5 RESOLUCAODE1440X900 _1680X1050E 1920X  1080 CONTRASTEDE1000:1 BRILHODE250NITS PIXEL  PITCHDE0 248MM ANGULODEVISAOHORIZONTALDE  160 EXIBICAODE;16 7MILHOESDECORES AJUSTEDE  POSICAO_TILT_-5-30 GIRATORIODE+__-45E  ELEVACAODEALTURA ALIMENTACAO 100-240VAC   COMSUPORTEEML PARAENCAIXEDECPU   ACOMPANHADODEFECHADURAESPECIALTIPO  TUBULARPARATINY__TECLADO__MOUSECOMCABO1 5M  PARAMONITOR_ LENOVO LT2223PWC
ULTRABOOK ULTRABOOKLAPTOPULTRAFINOMARCALENOVOMODELOT480 LENOVO T480
ULTRABOOK ULTRABOOKULTRAFINO ACOMPANHADODEMOUSE MOCHILA ETRAVADESEGURANCA  COMCABO_ LENOVO T480
NOTEBOOK NOTEBOOKTHINKPADT480 LENOVO 
NOTEBOOK NOTEBOOKTHINKPADT480 acompanhamouselaserusb mochilalenovo cabodesegurancaeadaptadorparatomadapadraonovoparaantigo LENOVO 
ULTRABOOK ULTRABOOKLAPTOPULTRAFINO LENOVO__THINKPADT480 COMMOCHILA MOUSETRAVADESEGURANCAETRAVA_ LENOVO/THINKPAD 
"MESA DIGITALIZADORA MESADIGITALIZADORA-ALARISINTEGRATEDA4__LEGALSIZEFLATBEDACCESSORY KODAK ALARIS, KODAK ALARIS INTEGRATED A4/LEGAL SIZE FLATBED ACCESSORY"
"SCANNER SCANNER MARCAKODAK MODELOALARISS2070 KODAK ALARIS, KODAK ALARIS S2070 SCANNER"
MICROONDAS MICROONDAS PANASONIC NN -S53BH
EQUIPAMENTO PORTÁTIL HUB EQUIPAMENTOPORTATILHUBUSBTIPOC WAVLINK 
DOCK STATION - ESTAÇÃO DE ANCORAGEM ESTACAODEANCORAGEMDOCKSTATIONUSBTIPOC WAVLINK 
ESTAÇÃO DE ANCORAGEM ESTACAODEANCORAGEMDOCKSTATIONUSBTIPOC WAVLINK 
DOCK STATION - ESTAÇÃO DE ANCORAGEM ESTACAODEANCORAGEMPARANOTEBOOK+ADAPTADOR DELL 
CITROEN C4 PALLAS CITROENC4LOUNGEEXCLUSIVEAUT_THP PRATA ALCOOL__GASOLINA 2014__2015 CITROEN CITROEN C4 LOUNGE EXCLUSIVE AUT. THP
"IPHONE  TELEFONECELULARAPPLEIPHONE8PLUS64G APPLE, IPHONE 8 PLUJS"
SMARTPHONE SMARTPHONEXIAOMIMIA2BLACK128GB XIAOMI MI A2
"NOTEBOOK, APPLE, MACBOOK-AIR NOTEBOOK APPLE MACBOOK-AIR13 COMACESSORIOS APPLE AIR 13"
"NOTEBOOK, APPLE, MACBOOK-AIR NOTEBOOK APPLE MACBOOK-AIR13 COMACESSORIOS APPLE AIR-13"
"FURADEIRA, PARAFUSADEIRA FURADEIRACOMPARAFUSADEIRA IMPACTOABATERIA MANDRILDE3__8POLEGADAS TENSAODABATERIADE12VOUSUPERIOR COMROTACAOREVERSIVEL COMAJUSTEDETORQUE CAPACIDADENOACOECONCRETODE10MM CAPACIDADENAMADEIRADE25MM COM2_DUAS_BATERIAS COMROLAMENTO VELOCIDADEVARIAVELDE0A1400RPM COMMALETAPARATRANSPORTE GARANTIAMINIMADE1_UM_ANO_ MONDIAL PF-08"
MALETA DE TRANSPORTE MALETADETRANSPORTE MONDIAL 
"ULTRABOOK ULTRABOOKLAPTOPULTRAFINO LENOVO, THINKPAD THINPAD T480"
APARELHO CELULAR APARELHOCELULAR APPLE A2111
MITSUBISHI OUTLANDER VeiculodeapoiooperacionaldescaracterizadotipocamionetacomblindagemnivelIIIACORPRETA MITSUBISHI OUTLANDER
"ULTRABOOK LENOVO THINKPAD MODELO T480 NOTEBOOKTHINKPADT480WINDOWS10PROACESSORIOSMochilaLenovoActiveBackpackMediumCabodeSegurancaKensingtonCableLockAdaptadorpTomadaPadraoNovopAntigoSMSNBR14136eThinkpadUSBMouse     LENOVO THINKPAD, LENOVO/THINKPAD T 480"
"ULTRABOOK LENOVO THINKPAD MODELO T480 NOTEBOOKULTRAFINOTHINKPADT480WINDOWS10PROACOMPANHA:MOCHILALENOVOACTIVEBACKPACKMEDIUMLENOVOMOUSELASERUSB2000DPICOMPS2CABODESEGURANCAKENSINGTONCABLELOCKADAPTADOR LENOVO THINKPAD, LENOVO/THINKPAD T480"
"ULTRABOOK LENOVO T480/I5 NOTEBOOKTHINKPADT480WINDOWS10PROACESSORIOSMochilaLenovoActiveBackpackMediumCabodeSegurancaKensingtonCableLockAdaptadorpTomadaPadraoNovopAntigoSMSNBR14136eThinkpadUSBMouse LENOVO THINKPAD, LENOVO/THINKPAD T 480"
ULTRABOOK LENOVO THINKPAD MODELO T480 NOTEBOOKULTRAFINOTHINKPADT480WINDOWS10PROACOMPANHAMOCHILALENOVOACTIVEBACKPACKMEDIUMTHINKPADMOUSEUSBCABODESEGURANCAKENSINGTONCABLELOCK LENOVO THINKPAD T480
"ULTRABOOK LENOVO THINKPAD MODELO T480 NOTEBOOKTHINKPADT480WINDOWS10PROACESSORIOSMochilaLenovoActiveBackpackMediumCabodeSegurancaKensingtonCableLockAdaptadorpTomadaPadraoNovopAntigoSMSNBR14136eThinkpadUSBMouse LENOVO THINKPAD, LENOVO/THINKPAD T 480"
ULTRABOOK LENOVO THINKPAD MODELO T480 NOTEBOOKULTRAFINOTHINKPADT480WINDOWS10PROACOMPANHAMOCHILALENOVOACTIVEBACKPACKMEDIUMTHINKPADMOUSEUSBCABODESEGURANCAKENSINGTONCABLELOCKADAPTADORPARATOMADAPADRAONOVOPANTIGOSMSNBR1 LENOVO T480
"ULTRABOOK LENOVO THINKPAD MODELO T480 NOTEBOOKULTRAFINOTHINKPADT480WINDOWS10PROACOMPANHA:MOCHILALENOVOACTIVEBACKPACKMEDIUMLENOVOMOUSELASERUSB2000DPICOMPS2CABODESEGURANCAKENSINGTONCABLELOCKADAPTADOR LENOVO THINKPAD, LENOVO T480"
COMPUTADOR COMPUTADORHPZ8G4T HP 
MONITOR MONITORHPZDisplayZ27nG2US27 HP 
MONITOR MONITORHPZDisplayZ27nG2US27pol HP 
ULTRABOOK LENOVO THINKPAD MODELO T480 NOTEBOOKULTRAFINOTHINKPADT480WINDOWS10PROACOMPANHAMOCHILALENOVOACTIVEBACKPACKMEDIUMTHINKPADUSBMOUSECABODESEGURANCAKENSINGTONCABLELOCKADAPTADORPARATOMADAPADRAONOVOPARAANTIGOSMS LENOVO THINKPAD T480
COMPUTADOR COMPUTADORHPZ8G4T HP Z8G4T
MONITOR MONITORHPZDisplayZ27nG2US27pol HP Z27N
MONITOR MONITORHPZDisplayZ27nG2US27pol HP Z17N
IPHONE IPHONEmodeloMQAG2ZDA   APPLE MQAG2ZD/A
MITSUBISHI L200 MITSUBISHIL200TRITONSPORTGLS24D4X4AT   MITSUBISHI L-200 TRITON
MITSUBISHI L200 MITSUBISHIL200TRITONSPORTGLS24D4X4AT MITSUBISHI L-200 TRITON
PEUGEOT 207 HATCH XS MOTOR1_616V PEUGEOT 207
RENAULT SANDERO RENAULTSANDERO RENAULT SANDERO
"DRONE AERONAVE NÃO TRIPULADA DRONEAERONAVENAOTRIPULADAOPERADAPORCONTROLEREMOTO  MAVICPROFLY MAVIC PRO MAVIC PRO FLY, DJ1 MAVIC PRO FLY"
"CAMERA CAMERAFOTOGRAFICADIGITALCANONREBELT7i CANON REBEL, CANON T6 EOS"
"CAMERA CAMERAFOTOGRAFICADIGITALCANONREBELT6 CANON REBEL, CANON T6 EOS"
"FILMADORA DIGITAL

HERO 6 BLACK FILMADORADIGITAL GOPRO HERO "
FILMADORA DIGITAL FILMADORADIGITAL  FORPROFESSIONALUSE SONY. 
FILMADORA DIGITAL SONY PXW-X70  FILMADORADIGITALSONYPXWX70 SONY. 
FILMADORA DIGITAL FILMADORADIGITALDJIOSMOPOCKET  OT110 DJI OSMO 
LENTE LenteLUMIXG1442 LUMIX 
LENTE LenteLUMIXFFS14140 LUMIX 
APARELHO VEICULAR DE LOCALIZACAO GEOGRAFICA PORTATIL RESOLUCAO1280XRGBX480  TAMANHODATELA686 GT R8A 
APARELHODE DE LOCALIZACAO GEOGRAFICA PORTATIL ETREX10 GARMIN ETREX 
APARELHODE DE LOCALIZACAO GEOGRAFICA PORTATIL GPSMAP64S GARMIN GPSMAP 64S 
IPAD IPADAPPLE6THGENERATIONWIFI APPLE 
MITSUBISHI L200 MITSUBISHIL200TRITOMSPORTGLS24D4X4ATCDUPDIESEL5P106T190CV MITSUBISHI MMC/TRITOM SPORT GLS AT
MITSUBISHI L200 MITSUBISHIL200 MITSUBISHI L200
LETREIRO LOGOMARCAACOGALVANIZADOESPESSURA19MM ROUTER 
TOTEM TOTEMEXTERNOSEMLONATRANSLUCIDO STARFLEX 
RENAULT DUSTER RENAUTDUSTER20D4X2 RENAULT 4X2
AUDI A4 AUDIA420TFSI AUDI A4
FORD FIESTA HATCH FORDFIESTAHATCH FORD FIESTA HATCH
VW - VOLKSWAGEN FUSCA VEICULOHATCHIVWFUSCAAA VW - VOLKSWAGEN I/VW FUSCA AA
LAND ROVER EVOQUE LANDROVEREVOQUESEDYNAMIC LAND ROVER SE DYNAMIC
MERCEDES BENZ C-180 SEDANC180FF MERCEDES BENZ CLA-180
LEXUS ES-350 SEDANLEXUSES350 LEXUS I/LEXUS ES350
TOYOTA COROLLA SEDANXEI20FLEX TOYOTA COROLLA
HONDA HR-V VEICULOSUV-CAMIONETA HONDA HONDA/HR-V EXL CVT
BMW X1 VEICULOSUVCAMIONETABMWX1SDRIVE18 BMW X1
PEUGEOT 5008 VEICULOSUVCAMIONETAPEUGEOT5008 PEUGEOT 5008
DODGE JOURNEY VEICULOSUVCAMIONETADODGEJOURNEYRT DODGE I/DODGE JOURNEY R/T
PEUGEOT 5008 VEICULOSUVCAMIONETAIPEUGEOT5008 PEUGEOT 5008
JAC T50 VEICULOSUVCAMIONETAIJACT5016 JAC I/JAC T50 1.6
TOYOTA COROLLA TOYOTACOROLLAALTISFLEX TOYOTA COROLLA ALTISFLEX
CONTAINER CONTAINERmedindo606x244x225 METHA 
ARMA DE AIRSOFT/GAS COMPRIMIDO RifledeAirsoftAEGAPSM4KompetitorBlowbackBlkCal6mm   AIRSOFT 
ARMA DE AIRSOFT/GAS COMPRIMIDO RifledeAirsoftAEGMP5fullmetaleletrica AIRSOFT 
ARMA DE AIRSOFT/GAS COMPRIMIDO PistolaglockG17metalpropenogreengasPISTOLAPARAMANEJOCORVERMELHAMODELOG17P AIRSOFT 
GM - CHEVROLET TRAILBLAZER SUVCAMIONETA4X4TRAILBLAZERLT28LDIESEL GM - CHEVROLET CAMINHONETE 4X4 TRAILBLAZER LT 2.8L
GM - CHEVROLET TRAILBLAZER SUVCAMIONETA4X4TRAILBLAZERLT28LDIESEL GM - CHEVROLET CAMINHONETE 4X4 TRAILBLAZER LT 2.8L DIESEL
GM - CHEVROLET TRAILBLAZER SUVCAMIONETACAMINHONETE4X4TRAILBLAZERLT28LDIESEL GM - CHEVROLET CAMINHONETE 4X4 TRAILBLAZER LT 2.8L
TOYOTA COROLLA COROLLAXEI20LFFVCVT TOYOTA COROLLA XEI 2.0L FFV CVT
TOYOTA COROLLA COROLLAXEI20LFFVCVT TOYOTA COROLLA XEI 2.0 FFV CVT
SCANNER SCANNER AVISION FF1902B
EQUIPAMENTO DE DUPLICAÇÃO E BLOQUEIO DE ESCRITA DE MIDIAS DE ARMAZENAMENTO COMPUTACIONAIS EQUIPAMENTODEDUPLICACAODEMIDIASTIPO01 ATOLA 
EQUIPAMENTO DE ENTRADA E SAIDA DE DADOS EQUIPAMENTODEDUPLICACAODEMIDIASTIPO02 ATOLA 
TENDA PIRAMIDAL TENDAPIRAMIDAL3X2mtsCINZA DF TENDAS 
JAC T50 IJACT50 JAC 
TOYOTA COROLLA TOYOTACOROLLAALTIS TOYOTA 
CADEIRA COM RODÍZIOS MODELO B CADEIRACOMRODIZIOSMODELOB FLEXFORM SEM APOIO DE CABEÇA
CADEIRA COM RODÍZIOS MODELO A CADEIRACOMRODIZIOSMODELOA FLEXFORM COM APOIO DE CABEÇA
CITROEN C4 PALLAS C4LOUNGELIVETHP173FLEXAUT   CITROEN C4 LOUNGE LIVE
FRAGMENTADORA FRAGMENTADORA MENNO 
GRAVADOR NVR IP GRAVADORNVRIP HIKIVISION 
APARELHO DE AR CONDICIONADO SPLIT APARELHODEARCONDICIONADOSPLIT DAIKIN STK18P5V
BEBEDOURO BEBEDOURO BELFRIO 
BEBEDOURO BEBEDOURO SEM MARCA 
FORD RANGER RANGERXLT FORD RANGER XLT
FORD RANGER RANGERXLT FORD RANGER
CADEIRA UTILIZADA EM TODOS OS AMBIENTES DE REUNIÃO CADEIRAAGILETELAPRESIDENTEPTASSENTOC01CBRACOFPG8B1ITEM12  FK GRUPO KAGI-AGILE GIRATORIA
CADEIRA COM RODÍZIOS MODELO B CADEIRAGRIDPRESIDENTECLOMBARCMOLAHASTEEXTENSORAAITEM16  F-WAY RGRI-GRID GIRATORIA
MICROCOMPUTADOR DELL OPTIPLEX 7010 DESKTOP MicrocomputadorDellOptiplex3080COREI3010100TRAM16GBSSD256GBWIFIDELLCLIENTSYSTEMUDPATEWIN10SUPORTEMETALICOTRASEIROMOUSEOPTICOTECLADO DELL 
"MONITOR DELL 23,8"" MONITORDELL23 8_ DELL "
MONITOR DELL 23'8 MONITORDELL23 8 DELL 
"MONITOR DEL 23,8"" MONITORDELL238 DELL "
"MONITOR DEL23,8"" MONITORDELL238 DELL "
"MONITOR DELL 23,8"" MONITORDELL238 DELL "
"MONITOR DELL  23,8"" MONITORDELL238 DELL "
"MONITOR DELL23,8"" MONITORDELL238 DELL "
FRIGOBAR Frigobar MIDEA MRC12B
LEITOR BIOMÉTRICO - IMPRESSÃO DIGITAL LEITORBIOMETRICOIMPRESSAODIGITAL SAMSUNG S20 PLUS SM-G985F
HONDA CIVIC CIVIC  ANOMODELO2017 HONDA CIVIC
VW - VOLKSWAGEN VIRTUS VIRTUSSEDAN VW - VOLKSWAGEN VIRTUS
NISSAN FRONTIER CAMINHONETE NISSAN FRONTIER
VW - VOLKSWAGEN GOLF VWGOL VW - VOLKSWAGEN 1.6 L
JEEP COMPASS JEEPCOMPASS JEEP COMPASS LONGITUDE
TOYOTA RAV4 TOYOTASW4 TOYOTA HILUX SW4
MESA CONTROLADORA CFTV MesaControladoraCFTV HIKIVISION 
LEITOR BIOMÉTRICO - IMPRESSÃO DIGITAL LEITORBIOMETRICO-IMPRESSAODIGITAL WATSON MINI 
PAINEL PARA CENARIO FOTOGRAFICO KITCENARIOMOVEL AKIYAMA 
REFLETOR holofotemicroledsmd SEVEN 
CONJUNTO DE LIXEIRA COLETA SELETIVA CONJUNTODE4LIXEIRASCOLETASELETIVA META 
CITROEN C4 PALLAS SEDANFLEXGASOLINA166CVALCOOL173CVCAMBIOAUTOMATICODE6MARCHAS CITROEN C4 PALLAS
CITROEN C4 PALLAS SEDANFLEXGASOLINA166CVALCOOL173CVCAMBIOAUTOMATICODE6MARCHAS CITROEN C4L LIVE AUT
GM - CHEVROLET TRAILBLAZER CAMINHONETETRAILBLAZERLTD4A GM - CHEVROLET TRAILBLAZER
IMPRESSORA A LASER - COLORIDA IMPRESSORAmarcaHPmodeloM180NWColorlaserjetPROMFP HP M180NW
FIAT TORO FIATTOROSportUtilityPickUpSUP FIAT TORO
MESA AUTOPORTANTE MESAAUTOPORTANTETAMPO1400X1400MMMESALSISTEMAZAVESTRGRPAINELCM MARELLI MESA L SISTEMA Z
APARELHO DE GRAVAÇÃO GRAVADORICDPX240 SONY 
"APARELHO DE GRAVAÇÃO GRAVADORDIGITALSONYICDPX470 SONY   _____________________, "
GRAVADOR DE DVD GRAVADORDEDVD HIKVISION 
PAINEL ELETRÔNICO LED PAINELELETRONICODIODOLEDPARAMENSAGENS MEDINDO677X108X44mm TRICOLOR MICHELANGELO PAINEIS ELETRONI 
ESTAÇÃO DE TRABALHO AVANÇADA (WORKSTATION) ESTACAODETRABALHODELLPRECISION7920TCOMTECLADOSMARTCARDDELLMOUSELASERWIREDMS3220CABODESEGURANCAKENSINGTONMICROSAVERTBARCHAVE DELL PRECISION 7920T
MONITOR MONITORDELLDE27P2720D DELL P2720D
"MONITOR LG 23,8"" MONITORLG23 8_ LG "
ESTAÇÃO DE TRABALHO AVANÇADA (WORKSTATION) ESTACAODETRABALHOAVANCADA_WORKSTATION_ DELL 
MONITOR MONITOR DELL 
CELEBRITE - UFED 4PC ULTIMATE SW RENEWAL (LICENÇA) UFED4PCULTIMATESWRENEWAL_LICENCA_ TECHBIZ 
CELLEBRITE - UFED 4PC ULTIMATE SW RENEWAL (LICENÇA) UFEDCLOUDANALYZERSWRENEWAL TECHBIZ 
SOLUÇÃO INTEGRADA DE CAPTAÇÃO MINIATURIZADA DE VÍDEO SOLUCAOINTEGRADADECAPTACAOMINIATURIZADADEVIDEODEALTAPERFORMANCECOMPROTOCOLOSVARIADOSPARAINSTALACOESENTRADASEVIGILANCIASSIGILOSASLentepinholeFoVangularde30graussuportedemontagemcameraM12HDSDIrobustaeestojoESuportedefixacao CLARESYS 
NOTEBOOK NOTEBOOKTIPOIIPADRAOMODELODCM3A4MARCADATEN DATEN DCM3A-4
TOYOTA COROLLA COROLLAXEI TOYOTA COROLLA XEI
ADOBE CREATIVE CLOUD ADOBECREATIVECLOUD ADOBE 
GM - CHEVROLET TRAILBLAZER CHEVTRAILBLAZERLTD4A   GM - CHEVROLET TRAILBLAZER
LICENÇA OFFICE PROFISSIONAL 2010 PORTUGUÊS LicencaOfficeProfissional2010portugues MICROSOFT 
CELLEBRITE - UFED 4PC ULTIMATE STANDARD UFED4PCULTIMATESTANDARD CELEBRITE 
CELEBRITE - UFED 4PC ULTIMATE SW RENEWAL (LICENÇA) UFED4PCULTIMATESWRENEWALLICENCA CELEBRITE 
TOYOTA COROLLA COROLLAXEI20LFFVCVT   TOYOTA COROLLA XEI 2.0L FFV CVT
TOYOTA COROLLA SEDANMEDIOTOYOTACOROLLAXEi20CVT177CV4CIL16VFLEX TOYOTA COROLLA XEI 2.0 CVT
TOYOTA COROLLA SEDANMEDIOTOYOTACOROLLAXEi20CVT177CV4CIL16VFLEX TOYOTA COROLLA
TOYOTA COROLLA COROLLAXEI20LFFVCVT TOYOTA COROLLA XEI 2.0
"IPHONE IPHONEXRWHITEA1984128GB APPLE, APLLE A1984 XR"
SMARTWATCH - RELÓGIO RelogioSmarphoneAppleWatchSE40mmGoldAluPinkSendSportBandModelA2351 APPLE A2351
SMARTWATCH - RELÓGIO RelogioSmarphoneAppleWatch40mmSerie5SilverAluWhiteModelA2092 APPLE A2092
MESA AUTOPORTANTE MESAAUTOPORTANTETAMPO1400X1400MM MARELLI MESA L SISTEMA Z
IPAD Ipad7thGenerationWifi32GbSilverModelA2197 APPLE A 2197 SILVER
NOTEBOOK NOTEBOOKUDPPORTATILDATENDCM3A4AMDRYZEN3PRO4450UWIN10PROMOUSEUSBOPTICOPT1000DPIEMALETAPOLIESTERPT DATEN DCM3A-4
FORNO MICROONDAS FORNOMICROONDASCONSUL20L CONSUL CMA20
CADEIRA COM RODÍZIOS MODELO A CADEIRAFIXA AGILE 
CADEIRA COM RODÍZIOS MODELO B CADEIRACOMRODIZIOS AGILE 
CELLEBRITE - UFED CLOUD ANALYZER SW RENEWAL (LICENÇA) UFEDCLOUDANALYZERSWRENEWAL_LICENCA_ TECHBIZ 
CELEBRITE - UFED ANALYTICS DESKTOP BASIC SW RENEWAL (LICENÇA) UFEDANALYTICSDESKTOPBASICSWRENEWAL TECHBIZ 
CELLEBRITE - UFED TOUCH ULTIMATE SW RENEWAL (LICENÇA) UFEDTOUCHULTIMATESWRENEWAL TECHBIZ 
CAMERA FOTOGRAFICA DIGITAL CAMERAFOTOGRAFICADIGITAL NIKON P1000
"CADEIRA UTILIZADA EM TODOS OS AMBIENTES DE REUNIÃO CADEIRAAGILETELAPRESIDENTEPTASSENTOC01BRACO   FK GRUPO KAGI, AGILE GIRATÓRIA"
NOTEBOOK NOTEBOOKACOMPANHAMALETAPOLIESTEREMOUSEUSBOPTICO DATEN DCM3A-4
NOTEBOOK NOTEBOOKDCM3A4 DATEN 
LEITOR DE CODIGO DE BARRAS (COM FIO) LEITORDECODIGODEBARRASCOMFIOIDBT901Usb COMPEX 
SCANNER SCANNEREPSONPERFECTIONV600 EPSON PERFECTON V600
ARMÁRIO ALTO COM PORTAS E PRATELEIRAS ARMARIOALTOCOMPORTASEPRATELEIRASALTURA1600MM MARELLI 
ARMÁRIO SUPER ALTO COM PORTAS E PRATELEIRAS ARMARIOSUPERALTOCOMPORTASEPRATELEIRAS MARELLI 
GAVETEIRO VOLANTE GAVETEIROVOLANTECOMQUATROGAVETAS MARELLI 
MESA AUTOPORTANTE MESAAUTOPORTANTE1400X1400MM MARELLI 
MESA AUTOPORTANTE MESAAUTOPORTANTE1600X1600MM MARELLI 
SOFÁ DE 02 LUGARES SOFADE02LUGARES MARELLI 
"CADEIRA COM RODÍZIOS MODELO B CADEIRAGRIDPRESIDENTECLOMBARCMOLAHASTEEXTENSORAAAGMGTV F-WAY, F-WAY FABRICANTE: FK GRUPO S/A RGRI, GRID GIRATÓRIA"
PISTOLA GLOCK G19 9MM PISTOLAGLOCKG19GEN5COMMALETAGLOCK3CARREGADORESVARETADELIMPEZA4BACKSTRAPSCSUPORTEPINOALONGADODOALOJAMENTODOMECANISMODOGATILHOEMUNICIADORRAPIDO GLOCK G19 GEN5
"CADEIRA COM RODÍZIOS MODELO B CADEIRACOMRODIZIOSMODELOBCADEIRAGRIDPRESIDENTECLOMBARCMOLAHASTEREXTENSORAAAGMGTV F-WAY, F-WAY FABRICANTE: FK GRUPO S/A RGRI, GRID GIRATÓRIA"
CAMERA FOTOGRAFICA DIGITAL CAMERAFOTOGRAFICADIGITALEOSREBELT7COMLENTE ID 
FLASH EXTERNO COM SUPORTE FLASHEXTERNOGERADORIDBIOTLAUTOVOLT ID 
NOTEBOOK NOTEBOOKUDPPORTATILDATENDCM3A4AMDRYZEN3PRO4450UWIN10PRO DATEN 
MITSUBISHI OUTLANDER OUTLANDERHPES30AWDAT MITSUBISHI OUTLANDER
DESKTOP ULTRACOMPACTO DESKTOPULTRACOMPACTO  OPTIPLEX3080  COREI310100TRAM16SSD256GBWIFIWIN10PRO DELL OPTIPLEX 3080
DESKTOP ULTRACOMPACTO DESKTOPULTRACOMPACTO  OPTIPLEX3080  COREI310100TRAM16SSD256GBWIFIWIN10PRO DELL OPTPLEX 3080
DESKTOP ULTRACOMPACTO DESKTOPULTRACOMPACTO  OPTIPLEX3080  COREI310100TRAM16SSD256GBWIFIWIN10PRO DELL OPTOPLEX 3080
MONITOR MONITOR  238POLEGADAS  P2422H DELL 
SMARTWATCH - RELÓGIO RELOGIOSMARTWATCHSERIES06 APPLE SERIES 6
"CADEIRA DE INTERLOCUTOR PARA OS AMBIENTES DE TRABALHO CADEIRAAGILETELAPRESIDENTEPTASSENTOC01ESTRUTURAFIXA FK GRUPO KAGI, AGILE FIXA"
DRONE AERONAVE NÃO TRIPULADA DRONEAERONAVENAOTRIPULADAOPERADAPORCONTROLEREMOTORPATIPO1MODELOMAVIC3 DJI 
"CADEIRA DE INTERLOCUTOR PARA OS AMBIENTES DE TRABALHO CADEIRADEINTERLOCUTORPARAOSAMBIENTESDETRABALHOCADEIRAAGILETELAPRESIDENTEPTASSENTOC01ESTRUTURAFIXA FK GRUPO KAGI, AGILE FIXA"
CÂMERA WIFI CAMERAWIFIKITDE4CAMERASWIFIPARACV100DOMTK709X4 MEMTEX MTK709X4 WIFI 647
KIT CAPTAÇÃO AMBIENTAL ÁUDIO/VIDEO KITCAPTACAOAMBIENTALAUDIOVIDEOCV100MTX538 MEMTEX MTX538
FRIGOBAR FrigobarMIDEA124LMRC12B22020V MIDEA MRC12B2
NETBOOK NOTEBOOKDATENDCM3A4processadorarquiteturax86AMDRyzencomsuporte32e64bitsmemoriaDDR416GBcommouseopticomaletaecabodesegurancaWindows10PRO DATEN 
DRONE AERONAVE NÃO TRIPULADA DRONEAERONAVENAOTRIPULADAOPERADAPORCONTROLEREMOTOMARCADJIMAVIC3FLYMORECOMBO DJI MAVIC 3
ESTAÇÃO DE TRABALHO AVANÇADA (WORKSTATION) ESTACAODETRABALHOAVANCADAWORKSTATIONPRECISION7920T DELL PRECISION 7920T
MONITOR MONITORP2720D DELL P2720D
"MONITOR LG 23,8"" MONITORLG238LED LG 24BL550J"
"MONITOR LG 23,8"" MONITORLG238LED LG "
SOFÁ DE 02 LUGARES SOFADE02LUGARESCS02COUROPRETOSINTETICOLISO CS 
DODGE RAM 2500 DODGERAM2500LARAMIEPRATA DODGE RAM 2500 LARAMIE
IPHONE 12 PRO 128 GB IPHONE12PRO1285GB APPLE 
IPHONE 12 PRO MAX 256GB IPHONE12PROMAX256GB IPHONE 
IPHONE 12 PRO MAX 128GB IPHONE12PROMAX128GB IPHONE 
IPHONE 12 128 GB IPHONE12128GB IPHONE 
IPAD APPLE 256GB IPADAPPLE256GB IPHONE 
IPAD APPLE 64 GB IPADAPPLE64GB IPHONE 
CASE PARA LEITOR BIOMÉTRICO - SMARTPHONE CASEPARALEITORBIOMETRICO AKIYAMA 
LEITOR BIOMÉTRICO - IMPRESSÃO DIGITAL LEITORBIOMETRICOIMPRESSAODIGITAL AKIYAMA 
ESTAÇÃO DE TRABALHO AVANÇADA (WORKSTATION) ESTACAODETRABALHOAVANCADAWORKSTATIONDELLPRECISION7920TCOMTECLADOSMARTCARDDELLMOUSELASERWIREDMS3220CABODESEGURANCAKENSINGTONMICROSAVERTBARCHAVE DELL PRECISION 7920T
APARELHO DE AR CONDICIONADO SPLIT APARELHODEARCONDICIONADOSPLIT  18KTUFRIOINVERTER AGRATTO 
APARELHO DE AR CONDICIONADO SPLIT APARELHODEARCONDICIONADOSPLIT  12KBTU AGRATTO 
COLETE BALISTICO COLETEBALiSTICOOSTENSIVONIVELIIIACAPAPAINELEBOLSA MKU LIMITED 
APARELHO DE AR CONDICIONADO SPLIT APARELHODEARCONDICIONADOSPLIT ELGIN 
MONITOR MONITORDellP2720Dde27 DELL P2720D
FOGÃO FOGAOCOOKTOPELETRICOFOGAREIRO2BOCAS2 BAY PAY 
TRANSMISSOR/RECEPTOR DE VÍDEO TRANSMISSORRECEPTORDEVIDEOBTV BTV 
CAMERA FILMADORA DIGITAL CAMERAFILMADORADIGITALHDRCX440 SONY 
VÍDEO GAME MICROSOFT XBOX ONE S 1TB VIDEOGAMECOM03CONTROLES MICROSOFT 
COMPRESSOR DE AR COMPRESSORDEARCOMEXTENSAOELETRICA FEELING 
FORNO MICROONDAS FORNOMICROONDAS  LGMICROONDASGRILL30LMH7097ARAPRETO220V60HZ   LG 
VÍDEO PORTEIRO VIDEOPORTEIROIV7010COMMODULOEXTERNO INTELBRAS 
"PROJETOR PROJETORDEIMAGEMOPTOMAUHD60 OPTOMA, OPTMA UHD60"
COLCHÃO ColchaoD4588x188 MULTIFLEX 
GM - CHEVROLET TRAILBLAZER SUVCAMIONETACHEVROLETTRAILBLAZERPREMIERD4AMOTOR28L4X4DIESEL4CIL16V200C GM - CHEVROLET TRAILBLAZER PRE D4A
GM - CHEVROLET TRAILBLAZER SUVCAMIONETACHEVROLETTRAILBLAZERPREMIERD4AMOTOR28L4X4DIESEL4CIL16V200CV GM - CHEVROLET TRAILBLAZER PRE D4A
TOYOTA COROLLA TOYOTACOROLLAXEI  20FLEX TOYOTA COROLLA
CARREGADOR DE BATERIA CarregadordeBateriaInteligenteeCabodeTransmissao VONDER 
FONTE PARTIDA EXTERNA AUXILIARDEPARTIDA BLACK & DECKER 
ACESS POINT UBIQUITI ACESSPOINTUBIQUITI UBIQUITI 
ACESS POINT UBIQUITI ROTEADORWIFI UBIQUITI 
SWITCH ETHERNET switchTPLINK TP LINK 
SWITCH ETHERNET SWITCHETHERNET TP LINK 
SWITCH ETHERNET SWITCHETHERNET MIKROTIK 
GM - CHEVROLET TRAILBLAZER SUVCAMIONETA GM - CHEVROLET CHEV/TRAILBLAZER PRE D4A
RENAULT FLUENCE SEDAN  IRENAULTFLUENCEDYN20A RENAULT FLUENCE
RENAULT FLUENCE SEDAN  IRENAULTFLUENCEDYN20A RENAULT DYNAMIQUE 2.0 HI-FLEX - CVTX-TRONIC
RENAULT FLUENCE SEDAN  IRENAULTFLUENCE RENAULT FLUENCE
NOTEBOOK TIPO II - PADRÃO ARP NOTEBOOKMARCADATENMODELODCM3A4 DATEN DCM3A4
HONDA CIVIC HONDACIVICLXL HONDA LXL
FORNO MICROONDAS FORNOMICROONDASCOMERCIAL1000WATS34LITROSMARCAPRATICAMODELOFINISHER110220VACOINOX PRATICA FINISHER
"SANDUICHEIRA SANDUICHEIRAMISTEIRA16UNIDADESDE110VE04UNIDADESDE220V SAFF CROYDON, SAFF CROYDON"
FORNO ELETRICO FORNOELETRICOHOTGRILLLINEBRANCO44L127V FISCHER HOT GRILL LINE
CAMERA FOTOGRAFICA DIGITAL CAMERAFOTOGRAFICADIGITALMARCANIKON MODELOCOOLPIXP1000 BOLSA MONOPE SD64GBADICIONAISDOISCARTOESD-80SLR FLASHEMBUTIDO BATERIAION TIPODIGITAL RESOLUCAO10_2MPX TIPOFOCOAUTOMATICO TIPOMEMORIASD2GBESD4GB NIKON COOLPIX P1000
APARELHO DE AR CONDICIONADO SPLIT APARELHODEARCONDICIONADOSPLITINVERTERICS18FR40218KBTU SPLIT INVERTER ICS18F R4 02 18KBTU
APARELHO DE AR CONDICIONADO SPLIT APARELHODEARCONDICIONADOSPLITINVERTERNEOTOPICST12FR4-02 SPLIT INVERTER NEO TOP ICST12FR4-02
COLETE BALISTICO COLETEBALISTICOOVERVESTPROTECTIONLEVELLIIIA MKU LIMITED 
"FLASH EXTERNO COM SUPORTE FLASHEXTERNOCOMSUPORTE IDBIO, ID BIO FLASH GER. ID BIO TL"
CAMERA FOTOGRAFICA DIGITAL CAMERAFOTOGRAFICADIGITAL CANON EOS REBEL T7
EXTRA FINO NOTEBOOK (ULTRABOOK) NOTEBOOKEXTRAFINO VAIO VAIO FE14
FRIGOBAR Frigobar MIDEA MRC12B1/B2
REFRIGERADOR REFRIGERADORDUPLEX 02PORTAS FROSTFREE 483LITROS PANASONIC BT55 BRANCO
"DRONE AERONAVE NÃO TRIPULADA compoem08bateriasTB60;01EstacaodeRecargadebateriainteligente;01SmartControllerEnterprise;02paresdehelices2110;04baterias modeloWB37 Paracontroleremoto;02SuportesarticuladoparacolocacaodetabletnosdronesDJI;01CamerasZenmuseH20T;02CartoesdememoriaMicroSD SandiskExtremePro64GB_ DJI MATRICE 300 RTK, DJI"
DRONE AERONAVE NÃO TRIPULADA compoem01Pistasdepousodobravel55cm;01Carregadorveicular marcaDJI 65W;01SuporteparacolocacaodesmartphoneetabletnosdronesdroneMavic3;02CartoesdememoriaMicroSD SandiskExtremePro64GB_ DJI MAVIC 3 FLY MORE COMBO
MESA RETANGULAR INDIVIDUAL MESARETANGULARINDIVIDUAL MARELLI 
KIA MOTORS SORENTO SUVCAMIONETA  SORENTOEX235G27 KIA MOTORS 
FOGÃO FOGAO04BOCASCF04NABUNA CONSUL CF04NABUNA
CAFETEIRA ELÉTRICA CAFETEIRAAUTOMATICA6LITROS CARACTERISTICASADICIONAISAROCOADOREMACO DISPENSAUSODEFILTRODEPANO POTENCIA1_000W MARCHESONI CF1692
TOYOTA COROLLA SEDAN  COROLLAXEi20flex16VAUTOMATICO TOYOTA COROLLA
COLETE BALISTICO COLETEBALISTICOMARCA:PROTECOP-NIVELIIIA-NIJ0101_06-GPBDH75N__PROPB002 PROTECOP 
COLETE BALISTICO COLETEBALISTICOMARCA:PROTECOP-NIVELIIIANIJ0101_06-GPBDH75N__PROPB002 PROTECOP 
APARELHO DE AR CONDICIONADO SPLIT APARELHODEARCONDICIONADOSPLIT ELGIN SPLIT
SMART TV LED SMARTTVLED43UHD4KTCL43P615VA60HZ+ANDROIDWI-FIBLUETOOTHHDR31USB TCL 43P615
FURADEIRA ELÉTRICA FURADEIRAELETRICA3__8_FPV300220V   VONDER 
PARAFUSADEIRA PARAFUSADEIRA BOSCH 
DRONE AERONAVE NÃO TRIPULADA DRONEAERONAVENAOTRIPULADAOPERADAPORCONTROLEREMOTO  DRONEDJIAIR2SFLYMORECOMBO DJI 
ASPIRADOR DE PO ASPIRADORDEPO ELETROLUX STK13
PISTOLA GLOCK G19 9MM PISTOLAGLOCKG19GEN5MOS COMMALETAGLOCK 3CARREGADORES VARETADELIMPEZA 2BACKSTRAPS PINOALONGADO MINISACAPINO MUNICIADORRAPIDOE4PLACASADAPTADORASMOSEXTRASCOMCHAVEALLENE4PARAFUSOS GLOCK G19 GEN5 MOS
APARELHO DE VIDEOCONFERENCIA APARELHODEVIDEOCONFERENCIA INTELBRAS EVC 2000
MONITOR MONITORMULTI24POL_60HZOFFICEULTRA   MULTILASER L 1752SQ
"SMART TV LED SMARTTVLED  50_  BWZ+CABO GENERAL ELETRIC, LG 50UR871C0SABWZSLJZ"
NOTEBOOK NOTEBOOK  APPLEMACBOOKM1256GB APPLE MACBOOK
NOTEBOOK NOTEBOOK  APPLEMACBOOKPRO13INCH  256GB APPLE MACBOOK PRO
DRONE AERONAVE NÃO TRIPULADA DRONEAERONAVENAOTRIPULADAOPERADAPORCONTROLEREMOTO  DJIMINI2FLYMORECOMBO DJI MINI 2 FLY MORE COMBO
NOTEBOOK NOTEBOOK POSITIVO VAIO FE 14 VJFE49F11X
NOTEBOOK NOTEBOOK VAIO VJFE49F11X-B0111H
SMART TV LED SMARTTVLED654KGOOGLETVWIFICOMANDODEVOZ PHILCO 
CONCENTRADOR DE OXIGENIO CONCENTRADORDEOXIGENIO  PULMAOMECANICO__MANEQUIM LAERDAL 
NOTEBOOK NOTEBOOKVAIOFE14VJFE49F11X-B0111H  DRCE2023__07145-8 VAIO VJFE49F11X-B0111H
COLETE BALISTICO COLETEBALISTICOVELADO NIVELIIIA_NIJ0101_06_ REFERENCIAGPBDH75N__PROPB002_ PROTECOP 
FORD RANGER FORD__RangerXLS3_2LAT   FORD RANGER
COFRE ELETRONICO DIGITAL COFREELETRONICODIGITAL36X40X40 GOLD SAFE 
"SMART TV LED SMARTTVLED55_55UR871C0SA_BMZ LG ELECTRONICS DO BRASIL, LG 55UR87"
EQUIPAMENTO DE ANALISE QUIMICA DE SOLIDOS E LIQUIDO TECNOLOGIA RAMAN EQUIPAMENTODEANALISEQUIMICADESOLIDOSELIQUIDOTECNOLOGIARAMAN RIGAKU PROGENY RESQ FLX
COMPUTADOR DESKTOP COMPUTADORDESKTOP POSITIVO C4400
DESKTOP DESKTOP POSITIVO C4400
"MONITOR LG 23,8"" MONITORLG23 8_ LG, LG ELECTRONICS 24BL550J"
ESPECTRÔMETRO EspectrometroRaman tipoportatil paraidentificacaodedrogas incluindoNSP RIGAKU PROGENYRESQ FLX
CAMERA FOTOGRAFICA DIGITAL CAMERAFOTOGRAFICADIGITALGOPRO_ GO PRO HERO 10 BLACK CPKG1
"SIMULADOR DE PREENCHIMENTO DE FERIDA SIMULADORDEPREENCHIMENTODEFERIDA ARMADA, GEAR.BR "
TERMINAL DE VIDEOCONFERÊNCIA TERMINALDEVIDEOCONFERENCIA INTELBAS 
DRONE AERONAVE NÃO TRIPULADA DRONEAERONAVENAOTRIPULADAOPERADAPORCONTROLEREMOTO DJI MINI 3 PRO
CAMERA FOTOGRAFICA DIGITAL CAMERAFOTOGRAFICADIGITALNIKONCOOLPIXP1000   NIKON COOLPIX P1000 
ESTAÇÃO DE TRABALHO AVANÇADA (WORKSTATION) ESTACAODETRABALHODELLPRECISION3660 COREI7 DELL PRECISION 3660 TOWER
RENAULT DUSTER SUV__CAMIONETA RENAULT DUSTER
MESA DE REUNIÃO CIRCULAR MESADEREUNIAOREDONDA1200X755MMMDP TECNO2000 
MESA DE REUNIÃO OVALADA MESADEREUNIAOOVAL3000X1200X740MMMDPCINZA TECNO2000 
HARDWARE DE LEITURA AVANÇADA DE DOCUMENTOS HARDWAREDELEITURAAVANCADADEDOCUMENTOSCOMRESPECTIVALICENCAESOFTWARESDEINTEGRACAOCOMOSISTEMADETRAFEGOINTERNACIONAL-STI AKIYAMA 
SERVIDOR DE REDE SERVIDORDEREDEDellPowerEdgeR7525TIPOI 2xAMD7313 8xRAM16GB 128GB_8x16GB_RDIMM 6xDiscorigidoNLSASde12TB SSD480GB OpenManageEtpAdvPlus IDRAC9DataCx5_ DELL POWEREDGE R7525 TIPO I
NOBREAK NobreakVNS3000VA VLP 
"DRONE AERONAVE NÃO TRIPULADA DRONEAERONAVENAOTRIPULADAOPERADAPORCONTROLEREMOTO DJI 111, 2 FLY MORE"
"DRONE AERONAVE NÃO TRIPULADA DRONEAERONAVENAOTRIPULADAOPERADAPORCONTROLEREMOTO DJI PHANTOM, 3SE"
DRONE AERONAVE NÃO TRIPULADA DRONEDJIMINI3PROSEMTELAANATELDJI014 DJI 1581F4XFC226A00771N8
DRONE AERONAVE NÃO TRIPULADA DRONEDJIMINI3PROSEMTELAANATELDJI014 DJI 1581F4XFC226A00771R8
RADIO WALKTALKMOTOROLAT47035MILHASPARBIVOLT MOTOROLA 
CAMERA FOTOGRAFICA DIGITAL CAMERAGOPROHERO12BLACK27MP53K60FPSCHDHX121RWPRETO GOPRO HERO 
IMPRESSORA MULTIFUNCIONAL IMPRESSORAMULTIFUNCIONALTANQUEDETINTAMEGATANKG7010  COLORIDAWIFIFAZCONEXAOETHERNETBIVOLTCANONCX1UN CANON 
IMPRESSORA TÉRMICA IMPRESSORAPORTATILHPOFFICEJET200JATODETINTATERMICOCORWIFI  CZ993A HP 
IPAD APPLEIPAD1010964GBWIFI5GMQ6J3LLASILVER2022 APPLE 
MONITOR GAMERVA24SAMSUNGFULLHDODYSSEYG30 SAMSUNG 
NOTEBOOK NOTEBOOKI712GEN512SSD12GBTELA15LENOVONACIONAL LENOVO 
NOBREAK NOBREAK POWER VISION 
FORNO MICROONDAS FORNOMICROONDASMATERIALACOINOXIDAVEL CAPACIDADE31L POTENCIA1_400W VOLTAGEM220V CARACTERISTICASADICIONAISTIMER PRATOGIRATORIO AUTODESCONGELAMENTO__CONSUL__CMS46 CONSUL CMS46
KIT DE TREINAMENTO KITDETREINAMENTODEEQUIPAMENTOHOSPITALARPOSSUIOBJETIVODESERUTILIZADOEMENSAIOSOPERACIONAIS SEM MARCA INFORMADA 
"IMPRESSORA JATO DE TINTA IMPRESSORAJATODETINTA HP, HEWLETT-PACKARD T250"
APARELHO DE AR CONDICIONADO APARELHODEARCONDICIONADOCAPACIDADEREFRIGERACAO12000BTU TENSAO110__220V TIPOSPLIT MODELOSPLITINVERTER CARACTERISTICASADICIONAIS1CONTROLEREMOTO__DISPLAYDIGITAL__TIMER__SELOPROCEL_ AGRATTO LCST12F-02I
APARELHO DE AR CONDICIONADO APARELHODEARCONDICIONADO CAPACIDADEREFRIGERACAO18000BTU TENSAO110__220V TIPOSPLIT MODELOSPLITINVERTER CARACTERISTICASADICIONAIS1CONTROLEREMOTO__DISPLAYDIGITAL__TIMER__SELOPROCEL_ AGRATTO LCST18F-02I
CAPELA DE EXAUSTAO DE GASES CAPELADEEXAUSTAODEGASES MARCA 
SCANNER DIGITAL PARA LEITURA DE DOCUMENTOS DE MIGRAÇÃO SCANNERDIGITALPARALEITURADEDOCUMENTOSDEMIGRACAO_ EPSON DS-770 II
FOGÃO FOGAO04BOCASCONSULCF04NABUNACORBRANCA CONSUL CF04NABUNA
HONDA CBX 250 HONDACBX250 HONDA TWISTER
HONDA CG 160 FAN FLEXONE HONDACG150 HONDA CG 160 FAN FLEXONE
SUV/CAMIONETA SUV__CAMIONETA MITSUBISHI OUTLANDER
HILUX CAMINHONETE SEM MARCA HILUX
11-180 CAMINHAO  VW11180DRC4X2 SEM MARCA 11-180
NIVUS SUV__CAMIONETA VW - VOLKSWAGEN NIVUS
KWID HATCH RENAULT KWID
CRUZE SEDAN  ChevroletCruzeLT1416VTurbo4pAut GM - CHEVROLET CRUZE
HILUX SW4 SUVCAMIONETA  HILUXSWSRXA4FDSW4 TOYOTA HILUX SW4
S10 CAMINHONETE  S10LTZDD4ACABINEDUPLA GM - CHEVROLET S10
HILUX CAMINHONETE  TOYOTAHILUXCDSRVA4FD TOYOTA HILUX
COLETE BALISTICO ColetesBalisticoscomniveldeprotecaoIII-A PROTECOP 
COROLLA SEDAN TOYOTA COROLLA
PISTOLA DE DESCARGA ELETRICA TASER 7 PISTOLADEDESCARGAELETRICATASER7 CONTENDOCOLDRESAFARILANDE1BATERIARECARREGAVEL AXON TASER T7
"BASE DE CARREGAMENTO E SINCRONIZAÇÃO (DOCA), 1 POSIÇÃO BASEDECARREGAMENTOESINCRONIZACAO_DOCA_ 1POSICAO AXON "
"BASE DE CARREGAMENTO E SINCRONIZAÇÃO (DOCA), 6 POSIÇÕES BASEDECARREGAMENTOESINCRONIZACAO_DOCATASER_ 6POSICOES AXON "
COMPASS SUV__CAMIONETA JEEP COMPASS
TAOS SUVCAMIONETA  VWTAOSHLTSIAE VW - VOLKSWAGEN TAOS
RENEGADE SUVCAMIONETA  JEEPRENEGADESPORTAT JEEP RENEGADE
COMPASS SUVCAMIONETA  JEEPCOMPASSLONGITUDEF JEEP COMPASS
Q5 SUVCAMIONETA  AUDIQ314TFSI AUDI Q5
COROLLA CROSS SUVCAMIONETA  TOYOTACCROSSGRS TOYOTA COROLLA CROSS
CHEVROLET CAMINHONETE  MONTANATALTZ GM - CHEVROLET CHEVROLET
L200 CAMINHONETE  TRITONSPORTHPES   MITSUBISHI L200
REFRIGERADOR REFRIGERADOR MIDEA 
FRIGOBAR Frigobar MULTI 
SMART TV LED SMARTTVLED MULTI TL067M
RÁDIO VEICULAR TETRAPOL RADIOVEICULARTETRAPOL HYTERA MT680 PLUS
M9660 IBS04: 04 CHANNELS RADIO BASE STATION ESTACAODECARREGAMENTOMULTIPLAPARA  TRANSCEPTORPORTATILOPERACIONAL HYTERA 
MICROFONE WITHJACK TPH600 ACESSORIODECOMUNICACAODISCRETAFONE  DEOUVIDOCOMTUBOACUSTICO  TRANSPARENTE_  EAN24-P HYTERA 
TACTICAL & OPERACIONAL TOOLS (1 SADP & ILATC + 1 TWP + 1 TPS08 + TPS1) SISTEMADECRIPTOGRAFIA  PC152 HYTERA 
RADIO RADIOTRANSCEPTOR TIPOPORTATIL  FREQUENCIAMODULACAO350A450MHZ  ACESSORIOSCABODEDADOS ANTENA   BATERIA  PT590 HYTERA PT590
HILUX CAMINHONETE TOYOTA HILUX
HR-V SUV__CAMIONETA HONDA HR-V
UMIDIFICADOR DE AR UMIDIFICADORDEAR DELLAMED HEALTH UMI ULTRA
CARREGADOR DE BATERIA CARREGADORDEBATERIA HYTERA 
NOTEBOOK NOTEBOOKHP HP 15T-FD000
ONIX HATCH GM - CHEVROLET ONIX
RENEGADE SUV__CAMIONETA JEEP RENEGADE
FRIGOBAR FRIGOBAR CAPACIDADE120L TENSAO4_430 28  ALIMENTACAO110__220V CORBRANCA CARACTERISTICAS  ADICIONAISPRATELEIRASREMOVIVEIS   MIDEA 
FRIGOBAR FRIGOBAR CAPACIDADE120L TENSAO4_430 28  ALIMENTACAO110__220V CORBRANCA CARACTERISTICAS  ADICIONAISPRATELEIRASREMOVIVEIS   MIDEA MRC12B2
DESUMIDIFICADOR DE AR DESUMIDIFICADORDEAR TOSHIBA 
DRONE AERONAVE NÃO TRIPULADA DRONEAERONAVENAOTRIPULADAOPERADAPORCONTROLEREMOTO    CADADRONEPOSSUICOMOACESSORIOS:01CONTROLEREMOTOCOMTELAINTEGRADA 4BATERIASENTERPRISE;01AUTOFALANTEACOPLAVEL;01MODULORTKACOPLAVEL;01MICROSD128GB COMADAPTADOR170__MBSLEITURA CLASSE3;03PARESDEHELICES;01PROTETORDEGIMBAL;01CARREGADORDEBATERIASINTELIGENTE;01ADAPTADORDEENERGIAUSB-C_100W_;01MALETAPROTETORAPARATRANSPORTE DJI MAVIC 3 ENTERPRISE
"SMARTV/MONITOR 65"" SMARTV__MONITOR65_ TOSHIBA 65C450NS"
RACK PARA SERVIDOR RACKDEPISOCOMFECHADURAESCAMOTEAVELEPORTATRASEIRABIPARTIDA40Ux80_K_ SEM MARCA INFORMADA 
CADEIRA COM RODÍZIOS MODELO B CADEIRACOMRODIZIOSMODELOB  SEMENCOSTODECABECA FLEXFORM TECTON
GERADOR DIESEL GERADORDIESELBIVOLTCOMCAPACIDADENOMINALDE4000A5000WATTSCOMPARTIDAELETRICA_ TOYAMA TDG8500E3XP
MAQUINA DE CAFE EXPRESSO MAQUINADECAFEEXPRESSO PHILIPS WALITA EP1220
DRONE AERONAVE NÃO TRIPULADA DRONEDJIMAVIC3ENTERPRISE DJI MAVIC 3 ENTERPRISE
CONTAINER ESTRUTURA METALICA 6M ContainerparaArmazenamentodeMateriais GUSA DO BRASIL 
CRONOS SEDANFIATCHRONOSDRIVE1_3AT FIAT CRONOS
CRONOS SEDANFIATCRONOSDRIVE1_3AT FIAT CRONOS
MACBOOK AIR 13.6 NOTEBOOKAPPLEMACBOOKAIR1368GB256GB APPLE 
MACBOOK PRO MACBOOKPRO18GB512GB APPLE 
MACBOOK AIR M1 MACBOOKAIRM1256GB APPLE 
NOTEBOOK MACBOOKPRO14 MACBOOK AIR 
CADEIRA FIXA -CADEIRAFIXA MATERIALASSENTO  POLIPROPILENO__REFORCADO MATERIALENCOSTO  POLIPROPILENO MATERIALESTRUTURAPOLIPROPILENO TIPO  ENCOSTOFIXO CARACTERISTICASADICIONAISCONFORME  MODELO DIMENSOESASSENTO465X465MM FK GRUPO 
CADEIRA COM  BASE GIRATÓRIA CADEIRAESCRITORIO MATERIALESTRUTURARESINATERMOPLASTICAINJETADA MATERIAL  REVESTIMENTOASSENTOEENCOSTOTECIDOALTA  RESISTENCIAEPOLIESTER MATERIALENCOSTOTELA100   POLIESTER MATERIALASSENTOPOLIURETANOINJETADO TIPO  BASEGIRATORIACOM5RODIZIOS APOIOBRACOCOMBRACOS FK GRUPO 
CADEIRA COM RODÍZIOS MODELO A CADEIRACOMRODIZIOSMODELOARGRIGridGiratoriaAlta comapoiodecabeca baseinjetadacombracos_MarcaefabricanteSittzFKGRUPOS_A_CaracteristicasprincipaisCadeiragiratoria;Apoia-bracos;Encostodeespaldaralto;Apoiodecabecaindependente;-Rodiziosdeduplogiro_Dimensoes:Alturaassento:460a580mmAlturadoencosto:530mmLarguradoencosto:470mmProfundidadedoassento:490mmLarguradoassentocombracos:620mm_ SITTZ RGRI GRID GIRATÓRIA ALTA
CADEIRA COM RODÍZIOS MODELO B CadeiraGRIDPresidente comlombar estruturaresinatermoplasticainjetada materialrevestimentoassentoeencostotecidoaltaresistenciaepoliester com05rodizios apoiobraco-MODELOB_ SITTZ/FK GRUPOS S.A. B
FRIGOBAR Frigobar MIDEA MRC12B2
MESA DE REUNIÃO CIRCULAR MESADEREUNIAOCIRCULAR MARELLI 
"DRONE AERONAVE NÃO TRIPULADA DRONEAERONAVENAOTRIPULADAOPERADAPORCONTROLEREMOTO DJI MAVIC 3 ENTERPRISE, DJI MAVIC 3 ENTERPRISE"
COMPONENTES E ACESSORIOS PARA AVIAÇÃO COMPONENTESEACESSORIOSDEAERONAVES DJI 
DRONE AERONAVE NÃO TRIPULADA DRONEAERONAVENAOTRIPULADA DJI MAVIC 3 ENTERPRISE
CRONOS SEDANFIATCRONOSVERSAODRIVE1_3AT_ FIAT CRONOS
SMART TV  SMARTTVTOSHIBA65POL4KQLED TOSHIBA 
SMART TV LED SMARTTVMULTI50POLUHDANDROIDTV MULTI 
SMART TV TOSHIBA SMARTTVTOSHIBA65POL4KQLED TOSHIBA 
"MONITOR LED 23"" MONITORLED23 POSITIVO, LG 23MB35PH"
GM - CHEVROLET TRACKER GMTracker12T GM - CHEVROLET TRACKER
TOYOTA YARIS SEDAN TOYOTAYARIS   TOYOTA YARIS SEDAN
ESTUFA ESTUFADIGITALEASYINOX64L220V SOLIDSTEEL 
BEBEDOURO BEBEDOURO  MODELOMASTER CORINOX 220V LIBELL MASTER
BEBEDOURO BEBEDOUROINOXTIPOCOLUNAMARCALIBELLMODMASTER220V LIBELL 
"PLOTTER, SCANNER E COPIADORA GRAVADORAIMPRESSORATERMOGRAFICAPRENSASEAPARELHODEARCONDICIONADO LUCKEY "
FRAGMENTADORA DE PAPEIS FRAGMENTADORADEPAPEIS PARAUSOEMESCRITORIO_  DESTROYER240BR MENNO DESTROYER 240 BR
FORNO MICROONDAS FORNOMICROONDAS AGRATTO AMIC02BN02
RADIO RADIOTRANSCEPTOR UHF TRANSCEPTORANALOGICODERECEPCAOETRANSMISSAODESINAISPORMEIODEFREQUENCIAMODULADA_FM_ EMUHF PARAUSOMOVELOUFIXO FAIXADEOPERACAODE403MHZA470MHZ OPERANDOEM16K0F3EJN POTENCIADESAIDAEMRFDENOMINIMO35WATTS TRANSISTORIZADO MINIMODE35CANAISPROGRAMAVEISPORSOFTWAREEMPLATAFORMADEINTERFACEGRAFICAEMPORTUGUES_BRASIL_ DOTADODECONTROLESPORTECLASPROGRAMAVEIS ALTO-FALANTEINCORPORADOSNOPAINELFRONTAL; HYTERA PT590
