"MESA DE TRAB EM L,MAD,C/PENINSULA DE REUNIAO, MARFIM MESADETRABEML MAD C__PENINSULADEREUNIAO MARFIMOFFICEBRASIL OFFICEBRASIL ESTACAO DE CHEFIA"
MICROCOMPUTADOR 2.4GHZ P4 PRO 256MB 80G 110/220 TEC/MOU/CSOM MICROCOMPUTADOR2_4GHZP4PRO256MB80G110__220TEC__MOU__CSOMBITWAY BITWAY 
NOTEBOOK-2GB-DDR2-FC1.8GHZ-64BITS-HD160GB-BOLSA E ACESSORIOS NOTEBOOK-2GB-DDR2-FC1_8GHZ-64BITS-HD160GB-BOLSAEACESSORIOSLENOVO LENOVO T400
"CARRO DE TRANSP. EM ACO,RODAS DE BORRACHA,CAP.200KG CARRODETRANSP_EMACO RODASDEBORRACHA CAP_200KGCARRINHOBRASIL CARRINHO BRASIL "
FOGAO 6 BOCAS FOGAO6BOCASESMALTEC ESMALTEC 
KIT PCI DVD KITPCIDVD SEM MARCA 
ANTENA PARABOLICA BR2600N C/ ACESSORIOS ANTENAPARABOLICABR2600NC__ACESSORIOSBR2600N BR2600N 
NOTEBOOK ACER C/ACESS. NOTEBOOKACERC__ACESS_ACER ACER ASPIRE 5738-6488
NOTEBOOK ACER NOTEBOOKACERACER ACER ASPIRE 5536-5224
"NOTEBOOK HP, 2GB RAM,320GB HD, LCD 13,3],WEBCAM INT.2MP NOTEBOOKHP 2GBRAM 320GBHD LCD13 3] WEBCAMINT_2MPHP HP 4320S"
CIFRADOR PORTATIL SISTEMA SMC - 45 CIFRADORPORTATILSISTEMASMC-45CEPESC CEPESC MCX - 27
GM - CHEVROLET VECTRA SEDAN MOD_00 GASOLINA PRETO GLSCHEVROLET GM - CHEVROLET VECTRA
FIAT PALIO MOD_00 GASOLINA BRANCO 04PORTASFIAT FIAT PALIO
"PERNEIRA ANTI TUMULTO, COM PLACA ANTI IMPACTO,TERMICO,CHAMAS PERNEIRAANTITUMULTO COMPLACAANTIIMPACTO TERMICO CHAMASINASSALT _ATAK IN ASSALT,_ATAK PERNEIRA"
"PERNEIRA ANTI TUMULTO,COM PLACA ANTI IMPACTO, TERMICO,CHAMAS PERNEIRAANTITUMULTO COMPLACAANTIIMPACTO TERMICO CHAMASINASSALT ATACK IN ASSALT, ATACK PERNEIRA"
PISTOLA GLOCK G19 9MM PISTOLAC__MIRATRITIUM 02CARREGADORESEACESSORIOSGLOCK GLOCK G19
PISTOLA GLOCK G17 9MM PISTOLAC__MIRATRITIUM 02CARREGADORESEACESSORIOSGLOCK GLOCK G17
"FUZIL DE ASSALTO HK G36 5,56MM CARABINA TRILHOPICATINNY 06CARREGADORESP__30TIROSHK HK HK G36CV"
"FUZIL DE ASSALTO HK G36 5,56MM CARABINA MIRAOTICA3X PONTOVERMELHO 06CARREG_ 30CARTUCHOHK HK HK G36KV"
"CAPACETE ANTI-TUMULTO, COR PRETA,VISEIRA DE 4MM E PROT. NUCA CAPACETEANTI-TUMULTO CORPRETA VISEIRADE4MMEPROT_NUCACDC CDC "
TRIPE C/ CONTR.REMOTO P/CAMERAS DE VIDEO E DSC C/ESTOJO TRIPEC__CONTR_REMOTOP__CAMERASDEVIDEOEDSCC__ESTOJOSONY SONY VCT-D680RM
"MONOPE EM ALUMINIO ANODIZADO, COR PRETA, C/ESTOJO MONOPEEMALUMINIOANODIZADO CORPRETA C__ESTOJOFANTIEV FANTIEV FT-1012"
TRANSMISSOR AUDIO GSM TRANSMISSORAUDIOGSMGTS GTS AGT020
MICRO TRANSM. DIG. CRIPTOGRAFADO E C/ CONTROLE REMOTO MICROTRANSM_DIG_CRIPTOGRAFADOEC__CONTROLEREMOTOGTS GTS AT160
MICRO TRANSMISSOR DIGITAL MICROTRANSMISSORDIGITALGTS GTS AT180
MICRO TRANSMISSOR DIGITAL C/ CONTROLE REMOTO MICROTRANSMISSORDIGITALC__CONTROLEREMOTOGTS GTS AT210
MICRO TRANSMISSOR ANALOGICO AUTONOMO MICROTRANSMISSORANALOGICOAUTONOMOGTS GTS AT280
MICRO TRANSMISSOR ANALOGICO MICROTRANSMISSORANALOGICOGTS GTS AT310
"REPETIDORA VHF, UHF, P/ AT 310 REPETIDORAVHF UHF P__AT310GTS GTS AT310R"
MICRO GRAVADOR ESTEREO DE BOLSO MICROGRAVADORESTEREODEBOLSOGTS GTS DAR040
POCKET DIGITAL GRAVADOR DE VOZ POCKETDIGITALGRAVADORDEVOZGTS GTS DAR050
MICRO GRAVADOR AUDIO VIDEO AUTONOMO MICROGRAVADORAUDIOVIDEOAUTONOMOGTS GTS DAVR010
MICRO GRAVADOR AUDIO VIDEO AUTONOMO ROBUSTECIDO MICROGRAVADORAUDIOVIDEOAUTONOMOROBUSTECIDOGTS GTS DAVR100
MICRO GRAVADOR AUDIO VIDEO TIPO CHAVEIRO MICROGRAVADORAUDIOVIDEOTIPOCHAVEIROGTS GTS DAVR120
MODULO DE RASTREAMENTO GPS MODULODERASTREAMENTOGPSGTS GTS MP010
KIT SISTEMA DE TELEMETRIA VIDEO (PALM OU NTSC) KITSISTEMADETELEMETRIAVIDEO_PALMOUNTSC_GTS GTS MV100
CAMERA COMPACTA C/ OBJETIVA INTERCAMBIAVEL CAMERACOMPACTAC__OBJETIVAINTERCAMBIAVELGTS GTS VC060
CAMERAGRANDE RESOLUCAO P/ INTEGRACAO CAMERAGRANDERESOLUCAOP__INTEGRACAOGTS GTS VC070
MALETA DE TRANSPORTE ROBUSTECIDA MALETADETRANSPORTEROBUSTECIDASTORNCASE STORN CASE IM2750
NOTEBOOKS ROBUST.-INTEL-CORE DUO 1.6MHZ-HD80GB-2GB RAM DVDRW NOTEBOOKSROBUST_-INTEL-COREDUO1_6MHZ-HD80GB-2GBRAMDVDRWPANASONIC PANASONIC CF-30
BINOCULO TERMAL MULTIFUNCAO COM POP-500324 BINOCULOTERMALMULTIFUNCAOCOMPOP-500324THALES THALES SOPHIE MF
BINOCULO TERMAL MULTIFUNCAO S/POP BINOCULOTERMALMULTIFUNCAOS__POPTHALES THALES SOPHIE MF
MICRO GRAVADOR AUDIO VIDEO CHAVEIRO MICROGRAVADORAUDIOVIDEOCHAVEIROGTS GTS DAVR120
BALIZA GPS GSM DE RASTREAMENTO BALIZAGPSGSMDERASTREAMENTOGTS GTS MP010
CAMERA FOTOGRAFICA COM CABOS E BOLSA CAMERAFOTOGRAFICACOMCABOSEBOLSASAMSUNG SAMSUNG S-760
NISSAN FRONTIER FRONTIER CAB_DUPLA PRETA CARACT_ C__RADIOPRO-5100NISSAN NISSAN FRONTIER
"BINOCULO CURTO ALCANCE 8X25,RESISTENTE A AGUA BINOCULOCURTOALCANCE8X25 RESISTENTEAAGUATASCO TASCO 8X25 SIERRA"
"BINOCULO LONGO ALCANCE 25X100, RESISTENTE A AGUA BINOCULOLONGOALCANCE25X100 RESISTENTEAAGUACELESTRO CELESTRO SKYMASTER 25X100"
PISTOLA GLOCK G19 9MM PISTOLAC__MIRATRITIUM 02CARREGADORESEACESSORIOS_GLOCK GLOCK G19
PISTOLA GLOCK G17 9MM PISTOLAC__MIRATRITIUM 02CARREGADORESEACESSORIOS_GLOCK GLOCK G17
PISTOLA GLOCK G19 9MM PISTOLAC__MIRATRITIUM_GLOCK GLOCK G19
MONITOR DE VIDEO MONITORDEVIDEO SEM MARCA 
"MONITOR LCD 17"" MPRII MONITORLCD17_MPRIIHP HP S7502"
"MONITOR DE VIDEO, HP MONITORDEVIDEO HP HP "
MONITOR DE VIDEO COMPAQ MONITORDEVIDEOCOMPAQ COMPAQ 
MICROCOMPUTADOR PESSOAL NOTEBOOK MICROCOMPUTADORPESSOALNOTEBOOK SEM MARCA 
MICROCOMPUTADOR PESSOAL NOTEBOOK MICROCOMPUTADORPESSOALNOTEBOOKLENOVO LENOVO THINKPAD T400
"UNIDADE PROCESSADORA DIGITAL, TIPO DESKTOP. UNIDADEPROCESSADORADIGITAL TIPODESKTOP_HP HP HP COMPAQ 6005 PRO"
"MONITOR 18.5´ LCD, WIDESCREEN MONITOR18_5LCD WIDESCREENHP HP HP L158B"
PISTOLA GLOCK G17 9MM PISTOLAC__MIRATRITIUM_GLOCK GLOCK G17
PISTOLA GLOCK G17 9MM PISTOLACOMMIRATRITIUM_GLOCK GLOCK G17
MICROCOMPUTADOR DE PERFIL AVANCADO THINKCENTRE M58P MICROCOMPUTADORDEPERFILAVANCADOTHINKCENTREM58PLENOVO LENOVO M58P
MICROCOMPUTADOR CPU DESKTOP MICROCOMPUTADORCPUDESKTOP SEM MARCA 
MICROCOMPUTADOR DE PERFIL AVANCADO THINKCENTRE M58P MICROCOMPUTADORDEPERFILAVANCADOTHINKCENTREM58PLENOVO LENOVO 
MICROCOMPUTADOR DE PERFIL BASICO  MICROCOMPUTADORDEPERFILBASICO SEM MARCA 
MICROCOMPUTADOR DE PERFIL BASICO   MICROCOMPUTADORDEPERFILBASICO SEM MARCA 
CARREGADOR DE BATERIA MULTIPLO CARREGADORDEBATERIAMULTIPLOEADS__TELECOM EADS/TELECOM HR 8086
CARREGADOR DE BATERIA MULTIPLO CARREGADORDEBATERIAMULTIPLO SEM MARCA 
RADIO HT TPH600 RADIOTRANSCEPTORPORTATILHT8381TPH600EADS__TELECOM EADS/TELECOM HT8381
RADIO TRANSCEPTOR PORTATIL HT8381 TPH600 RADIOTRANSCEPTORPORTATILHT8381TPH600EADS__TELECOM EADS/TELECOM HT8381
RADIO TRANSCEPTOR PORTATIL  RADIOTRANSCEPTORPORTATIL SEM MARCA 
REPETIDORA PORTÁTIL TETRAPOL IDR IDRREPETIDORADIGITALINDEPENDENTERB1909GBEADS__TELECOM EADS/TELECOM RB1909GB
PISTOLA GLOCK G17 9MM PISTOLACOMMIRATRITIUM 02CARREGADORESEACESSORIOSGLOCK GLOCK G17
PISTOLA GLOCK G17 9MM PISTOLAC__MIRATRITIUM02CARREGADOESEACESSORIOGLOCK GLOCK G17
PISTOLA GLOCK G17 9MM PISTOLAC__MIRA C__02CARREGADORESEACESSORIOS_ GLOCK G17
PISTOLA GLOCK G17 9MM PISTOLAC__MIRATRITIUM03CARREGADORESEACESSORIOSGLOCK GLOCK G17
PISTOLA GLOCK G17 9MM PISTOLAC__MIRATRITIUM02CARREGADORESEACESSORIOSGLOCK GLOCK G17
PISTOLA GLOCK G19 9MM PISTOLAC__MIRATRITIUM03CARREGADORESEACESSORIOSGLOCK GLOCK G19
"CAMERA DE VIDEO DIGITAL, HDD 60 GB, 2,7"" LC CAMERADEVIDEODIGITAL HDD60GB 2 7_LCSONY SONY DCR-SR47"
NOTEBOOK NOTEBOOKHP HP DV5 1240BR
"CAMERA DIGITAL, SAMSUNG, ES60 CAMERADIGITAL SAMSUNG ES60SAMSUNG SAMSUNG ES60"
PISTOLA GLOCK G17 9MM COMMIRADETRITIUM 03CARRGADORESEACESSORIOSGLOCK GLOCK G17
PISTOLA GLOCK G19 9MM COMMIRADETRITIUM 03CARREGADORESEACESSORIOSGLOCK GLOCK G19
PISTOLA GLOCK G19 9MM COMMIRADETRITIUM 03CARRGADORESEACESSORIOSGLOCK GLOCK G19
PISTOLA GLOCK G26 9MM COMMIRADETRITIUM 02CARRGADORESEACESSORIOSGLOCK GLOCK G26
PISTOLA GLOCK G19 9MM PISTOLAGLOCKG199X19MM GLOCK G19
PISTOLA GLOCK G26 9MM PISTOLAC__MIRATRITIUM UMCARREGADOREACESSORIOSGLOCK GLOCK G26
PISTOLA GLOCK G26 9MM PISTOLAC__MIRATRITIUM 02CARREGADORESEACESSORIOSGLOCK GLOCK G26
PISTOLA GLOCK G26 9MM PISTOLAGLOCKG269X19MM GLOCK G26
"MONITOR LCD 19"" MONITORLCD19_SAMSUNG SAMSUNG 943 BWX"
"MOTOR DE POPA DE 90 HP, DOIS TEMPOS MOTORDEPOPADE90HP DOISTEMPOSYAMAHA YAMAHA YAMAHA"
MONITOR LCD 19 POL MONITORLCD19POLSAMSUNG SAMSUNG 
PISTOLA GLOCK G17 9MM PISTOLAGLOCKG17COMCOLDRE 2CARREGADORESEACESSORIOSGLOCK GLOCK G17
PISTOLA GLOCK G19 9MM PISTOLAC__MIRATRITIUM 02CARREGADORESGLOCK GLOCK G19
PISTOLA GLOCK G17 9MM PISTOLAG17C__MIRATRITIUM 02CARREGADORESEACESSORIOSGLOCK GLOCK G17
"MOTOR/POPA,4TEMPO, P. ELET.GASOLINA  15 HP MERCURY MOTOR__POPA 4TEMPO P_ELET_GASOLINA15HPMERCURY MERCURY 15 HP"
"ALGEMA P/PUNHOS EM ACO INOX, ACABAMENTO POLIDO ALGEMAP__PUNHOSEMACOINOX ACABAMENTOPOLIDOSAFENITE SAFENITE TIPO DOBRADICA"
"ALGEMA P/PUNHOS EM ACO INOX, ACABAMENTO POLIDO ALGEMAP__PUNHOSEMACOINOX ACABAMENTOPOLIDOSAFENILE SAFENILE TIPO CORRENTE"
RELOGIO DE PONTO ELETRONICO RELOGIODEPONTOELETRONICODIMEP DIMEP DIGITAL
"EM ACO, EMACO FIEL FIEL 715"
GRANDE GRANDEFIEL FIEL COFRE
ESTANTE ESTANTEFIEL FIEL 3258
DE ACO DEACOFIEL FIEL LIXEIRA
CESTO DE ACO CESTODEACOFIEL FIEL LIXEIRA
"EM PALHINHA, FIXA EMPALHINHA FIXA SEM MARCA CADEIRA"
PARA CORRESPONDENCIA PARACORRESPONDENCIA SEM MARCA BANDEJA
"COLONIAL, LUXO, COR MARROM COLONIAL LUXO CORMARROM SEM MARCA POLTRONA"
C/06 PRATELEIRAS C__06PRATELEIRASFIEL FIEL ESTANTE
"C/06 PRATELEIRAS, C__06PRATELEIRAS FIEL FIEL ESTANTE"
COM 02 PORTAS DE VIDRO COM02PORTASDEVIDROMARTE MARTE ESTANTE
C/02 PORTAS DE VIDRO C__02PORTASDEVIDROMARTE MARTE ESTANTE
P/ DATILOGRAFO EM NAPA PRETA P__DATILOGRAFOEMNAPAPRETAMARTE MARTE W/6
BOTIJA DE GAS COM 13KGS DE CARGA BOTIJADEGASCOM13KGSDECARGA SEM MARCA BOTIJA DE GAS
LUPA DATILOSCOPICA PORTATIL MOD. CONTAFIOS LUPADATILOSCOPICAPORTATILMOD_CONTAFIOS SEM MARCA LUPA DATILOSCOPICA
EXTINTOR DE INCENDIO TIPO PQS EXTINTORDEINCENDIOTIPOPQS SEM MARCA EXTINTOR DE INCENDIO
"EXTINTOR DE INCENDIO, CAP. DE 08KG EXTINTORDEINCENDIO CAP_DE08KG SEM MARCA EXTINTOR DE INCENDIO"
COR VERDE CORVERDESOLOTEX SOLOTEX QUADRO DE AVISOS
RIFLE HIGH STANDARD 8111 12MM RIFLEESPECIAL MOD_811HIGHSTANDARD HIGH STANDARD RIOT 8111
"BINOCULO PARA NOITE, 7X50 BINOCULOPARANOITE 7X50BUSHNEL BUSHNEL BINOCULO"
SUBMETRALHADORA HK MP5 9MM SUBMETRALHADORAHKMP59X19MM HK MP5
C/02 PORTAS C__02PORTASMARTE MARTE 402
COM 02 PORTAS COM02PORTASMARTE MARTE 402
05 GAVETAS 05GAVETASMARTE MARTE ARQUIVO
EM VINIL ESTOFADA EMVINILESTOFADARODOFLEX RODOFLEX 1120
COM 04 PRATELEIRAS COM04PRATELEIRASADAP ADAP ESTANTE
INOX INOX SEM MARCA PORTA-CARIMBOS
BANDEJA DE ACO BANDEJADEACOMERIDIONAL MERIDIONAL BANDEJA DE ACO
CASSETETE DE BORRACHA CASSETETEDEBORRACHA SEM MARCA CASSETETE DE BORRACHA
PA DESMONTAVEL PADESMONTAVELTRAMONTINA TRAMONTINA PA
BUSSOLA BUSSOLA SEM MARCA BUSSOLA
"ARMARIO DE PAREDE, EM ACO, COM 03 PORTAS                   . ARMARIODEPAREDE EMACO COM03PORTAS_BORTOLINI BORTOLINI ARMARIO"
BOMBA PARA OLEO BOMBAPARAOLEOMCC MCC BOMBA PARA OLEO
"EM MADEIRA CEREJEIRA, COM 03 PORTAS           . EMMADEIRACEREJEIRA COM03PORTAS_ SEM MARCA GUARDA-ROUPAS"
GRANDE GRANDECARBEX CARBEX GRAMPEADOR
GRANDE GRANDESM SM PERFURADOR
"ESTACAO FIXA, DE FABRICACAO NACIONAL ESTACAOFIXA DEFABRICACAONACIONALTELEPATCH TELEPATCH MT-160/40"
COMENTARIO A LEI DE IMPRENSA LEI 250/76-ART.1 A 24 E 25 A 77 COMENTARIOALEIDEIMPRENSALEI250__76-ART_1A24E25A77REVISTADOSTRIBUNAIS-1969 REVISTA DOS TRIBUNAIS-1969 LIVRO
PRENSA DE SELO SECO PRENSADESELOSECO SEM MARCA PRENSA DE SELO SECO
MEDIO MEDIOPADIN PADIN CP-14
"MESA EM CEREJEIRA, MED.0,60X0,50X0,65CM MESAEMCEREJEIRA MED_0 60X0 50X0 65CM SEM MARCA MESA"
"FIXA, EM PALHINHA, COM BRACO FIXA EMPALHINHA COMBRACOFLORENSE FLORENSE CADEIRA"
DESMONTAVEL DESMONTAVEL SEM MARCA ESTANTE
EM MADEIRA LOURO-CLARO EMMADEIRALOURO-CLAROCICOPAL CICOPAL 904
"APARELHO DE AR CONDICIONADO DE 10.000 BTUS, MOD. 10R12F APARELHODEARCONDICIONADODE10_000BTUS MOD_10R12FSPRINGER SPRINGER APARELHO DE AR CONDICIONADO"
"APARELHO DE AR CONDICIONADO DE 12.000 BTUS, MOD. 10R12F APARELHODEARCONDICIONADODE12_000BTUS MOD_10R12FSPRINGERADMIRAL SPRINGER ADMIRAL APARELHO DE AR CONDICIONADO"
COR HAVANA CORHAVANAGIROFLEX GIROFLEX POLTRONA
EM MADEIRA DE LEI LOURO CLARO EMMADEIRADELEILOUROCLARO SEM MARCA LIXEIRA
EM CEREJEIRA EMCEREJEIRAFLORENSE FLORENSE MESA
"COLETE A PROVA DE BALAS, TIPO POLICIAL NIVEL II COLETEAPROVADEBALAS TIPOPOLICIALNIVELIITAURUS TAURUS COLETE A PROVA DE BALAS"
EM CEREJEIRA EMCEREJEIRAFLORENSE FLORENSE 510
"COFRE DE AÇO, MEDIO, CAPAC. 20KG, COFREDEACO MEDIO CAPAC_20KGPANDIN PANDIN CP-9"
"LOURO EM MADEIRA AGLOMERADA, C/02 PORTAS DE ABRIR LOUROEMMADEIRAAGLOMERADA C__02PORTASDEABRIRCICOPAL CICOPAL ARMARIO"
DE ACO COM 04 GAVETAS PARA PASTAS SUSPENSAS DEACOCOM04GAVETASPARAPASTASSUSPENSASKLARK KLARK ARQUIVO
"ESTOFADA FIXA, S/BRACOS ESTOFADAFIXA S__BRACOSLONGO LONGO PG-65E"
COM 06 DEGRAUS COM06DEGRAUSBANDEIRANTES BANDEIRANTES ESCADA
ESCADA METÁLICA COM 06 DEGRAUS ESCADAMETALICACOM06DEGRAUSBANDEIRANTE BANDEIRANTE 
CAIXA DE ACO PARA FERRAMENTAS CAIXADEACOPARAFERRAMENTAS SEM MARCA CAIXA DE ACO
"EM MADEIRA, COR CEREJEIRA, REBAIXADA EMMADEIRA CORCEREJEIRA REBAIXADAFLORENSE FLORENSE 8018"
"MESA P/MAQ. DE ESCREVER, PES CROMADOS MESAP__MAQ_DEESCREVER PESCROMADOSBALFAR BALFAR MESA"
"EM NAPA.,C/02 POLT.E 03MESAS(1751/52/53/54/55/56) EMNAPA_ C__02POLT_E03MESAS_1751__52__53__54__55__56_VOLTAAOMUNDO VOLTA AO MUNDO SOFA"
C/01 PORTA DE VIDRO C__01PORTADEVIDROFIEL FIEL ARMARIO
COM 01 PORTA COM01PORTAFIEL FIEL ARMARIO
"EXTINTOR DE INCENDIO TIPO PQS, COM 06 KILOS DE CARGA EXTINTORDEINCENDIOTIPOPQS COM06KILOSDECARGA SEM MARCA EXTINTOR DE INCENDIO"
"FIXA, EM PALHINHA, ESTRUTURA DE ACO CROMADO FIXA EMPALHINHA ESTRUTURADEACOCROMADO SEM MARCA CADEIRA"
PORTA-CARIMBOS PORTA-CARIMBOS SEM MARCA 414
"CLIPS/LEMBRETE, ACRILICO FUME CLIPS__LEMBRETE ACRILICOFUME SEM MARCA 242"
"PARA REUNIAO EM MADEIRA DE LEI, MED. 2,50X1,10X0,90CM PARAREUNIAOEMMADEIRADELEI MED_2 50X1 10X0 90CM SEM MARCA MESA"
"ESTOJO DE ACO, COR PRETA, MED.36,5CM X 28CM X 8,5 ESTOJODEACO CORPRETA MED_36 5CMX28CMX8 5KAISER KAISER ESTOJO DE ACO"
"COM ESPALDAR RETO, EM MADEIRA DE LEI COMESPALDARRETO EMMADEIRADELEI SEM MARCA CADEIRA"
"COM ESPALDAR RETO, E, MADEIRA DE LEI COMESPALDARRETO E MADEIRADELEI SEM MARCA CADEIRA"
PEQUENO PEQUENONOBU NOBU CINZEIRO
GRANDE GRANDENOBU NOBU CINZEIRO
MESA PARA CHEFIA EM MADEIRA DE LEI COM 02 GAVETEIROS MESAPARACHEFIAEMMADEIRADELEICOM02GAVETEIROS SEM MARCA MESA
"MESA PARA CHEFIA, EM MADEIRA DE LEI, COM 02 GAVETEIROS MESAPARACHEFIA EMMADEIRADELEI COM02GAVETEIROS SEM MARCA MESA"
"MESA PARA CHEFIA EM MADEIRA DE LEI, C/01 GAVETEIRO,03 GAVETA MESAPARACHEFIAEMMADEIRADELEI C__01GAVETEIRO 03GAVETA SEM MARCA MESA PARA CHEFIA"
"PARA CHEFIA, EM MADEIRA DE LEI C/ 02 GAVETERIOS PARACHEFIA EMMADEIRADELEIC__02GAVETERIOS SEM MARCA MESA"
EM MADEIRA COM DIVISORIA HORIZONTAL EMMADEIRACOMDIVISORIAHORIZONTAL SEM MARCA MESA
"EM MADEIRA, COM DIVISORIA HORIZONTAL EMMADEIRA COMDIVISORIAHORIZONTAL SEM MARCA MESA"
EM MADEIRA COM PRATELEIRAS  E PORTAS CORREDICAS EMMADEIRACOMPRATELEIRASEPORTASCORREDICAS SEM MARCA ARMARIO
"EM MADEIRA DE LEI, C/PRATELEIRAS E PORTAS CORREDICAS EMMADEIRADELEI C__PRATELEIRASEPORTASCORREDICAS SEM MARCA ARMARIO"
"EM MADEIRA DE LEI,COM PRATELEIRAS E PORTAS CORREDICA EMMADEIRADELEI COMPRATELEIRASEPORTASCORREDICA SEM MARCA ARMARIO"
"EM MADEIRA DE LEI, COM PRATELEIRAS, PORTAS CORRED. EMMADEIRADELEI COMPRATELEIRAS PORTASCORRED_ SEM MARCA ARMARIO"
"EXTINTOR DE INCENDIO, TIPO PO QUIMICO SECO, COM 12KG DE CARG EXTINTORDEINCENDIO TIPOPOQUIMICOSECO COM12KGDECARG SEM MARCA EXTINTOR DE INCENDIO"
"EXTINTOR DE INCENDIO, TIPO PO QUIMICO, 12 KG. DE CARGA EXTINTORDEINCENDIO TIPOPOQUIMICO 12KG_DECARGA SEM MARCA EXTINTOR DE INCENDIO"
"EXTINTOR DE INCENDIO, EM PO QUIMICO EXTINTORDEINCENDIO EMPOQUIMICO SEM MARCA EXTINTOR DE INCENDIO"
"EXTINTOR DE INCENDIO, TIPO PO QUIMICO SECO, 12KG. DE CARGA EXTINTORDEINCENDIO TIPOPOQUIMICOSECO 12KG_DECARGA SEM MARCA EXTINTOR DE INCENDIO"
"EXTINTOR DE INCENDIO, TIPO PO QUIMICO SECO, 12 KG. DE CARGA EXTINTORDEINCENDIO TIPOPOQUIMICOSECO 12KG_DECARGA SEM MARCA EXTINTOR DE INCENDIO"
"CONVERSOR, PARA ALIMENTACAO DO TT-109/88 CONVERSOR PARAALIMENTACAODOTT-109__88INTRACO INTRACO CV-01"
"TOCA FITAS AM/FM, DE 25W, P/ AUTOM., ACOMP. DE 02 AUTO FALAN TOCAFITASAM__FM DE25W P__AUTOM_ ACOMP_DE02AUTOFALANBOSCHMILANOI BOSCH MILANO I TOCA FITAS"
BANDEJA INOX BANDEJAINOXMERIDIONAL MERIDIONAL BANDEJA
"PROJETOR PARA CARTUCHO DE MUNICAO QUIMICA, REF.AM-402, CAL.1 PROJETORPARACARTUCHODEMUNICAOQUIMICA REF_AM-402 CAL_1 SEM MARCA PROJETOR"
"ACOPLADOR DE TELEFONE E RADIO EMISSAO, ACOPLADORDETELEFONEERADIOEMISSAO KENWOOD KENWOOD PC-1A"
PROGRAMADOR DE FREQUENCIA PARA RADIO TRANSCEPTOR DE HF-SSB PROGRAMADORDEFREQUENCIAPARARADIOTRANSCEPTORDEHF-SSBMOTOROLA MOTOROLA PROGRAMADOR DE FREQUENCIA
"EXTINTOR DE INCENDIO, GAS CARBONICO. 06 KG DE CARGA EXTINTORDEINCENDIO GASCARBONICO_06KGDECARGA SEM MARCA EXTINTOR DE INCENDIO"
"35MM, EM ALUMINIO, MED. 1,10X1,60CM 35MM EMALUMINIO MED_1 10X1 60CMCOLUMBIA COLUMBIA PERSIANA"
"35MM, EM ALUMINIO, MED. 1X10 X 1,60CM 35MM EMALUMINIO MED_1X10X1 60CMCOLUMBIA COLUMBIA PERSIANA"
"35MM,EM ALUMINIO, MED.1,10X1,60M 35MM EMALUMINIO MED_1 10X1 60MCOLUMBIA COLUMBIA PERSIANA"
"35MM EN ALUMINIO, MED.1,10X1,60M 35MMENALUMINIO MED_1 10X1 60MCOLUMBIA COLUMBIA PERSIANA"
"35MM, EM ALUMINIO,,1,10X1,60M 35MM EMALUMINIO  1 10X1 60MCOLUMBIA COLUMBIA PERSIANA"
"DE 35MM, EM ALUMINIO, MED. 1,10X1,60M DE35MM EMALUMINIO MED_1 10X1 60MCOLUMBIA COLUMBIA PERSIANA"
"35MM, EM ALUMINIO, MED. 1,10X1,60M 35MM EMALUMINIO MED_1 10X1 60MCOLUMBIA COLUMBIA PERSIANA"
"35MM, EM ALUMINIO, MED. 1,10 X 1,60M 35MM EMALUMINIO MED_1 10X1 60MCOLUMBIA COLUMBIA PERSIANA"
"P/MAQUINA DE ESCREVER, MED.55X45X65CM P__MAQUINADEESCREVER MED_55X45X65CMMARELLI MARELLI MESA"
FRIGOBAR PARA ESCRITORIO FRIGOBARPARAESCRITORIOPROSDOCIMO PROSDOCIMO FRIGOBAR
"CESTO PARA LIXO COM CINZEIRO EM AÇO INOX E POLIPROPILENO, COR AZUL CESTOPARALIXOCOMCINZEIROEMACOINOXEPOLIPROPILENO CORAZULADAMAS ADAMAS CINZEIRO"
"INOX O POLIPROPILENO, COR AZUL INOXOPOLIPROPILENO CORAZULADAMS ADAMS CINZEIRO"
FRIGOBAR FRIGOBARPARAESCRITORIOPROSDOCIMO PROSDOCIMO FRIGOBAR
"ESTOJO PARA COLETA DE IMP. DIGITAL, MOD.INI 01/87 ESTOJOPARACOLETADEIMP_DIGITAL MOD_INI01__87 SEM MARCA ESTOJO DE IMP. DIG."
"CIFRADOR PORTATIL, MOD.PSC0111-A EMB CIFRADORPORTATIL MOD_PSC0111-AEMBPROLOGO PROLOGO CIFRADOR PORTATIL"
"EXTINTOR DE INCENDIO, TIPO CO2, COM 10 KG DE CARGA EXTINTORDEINCENDIO TIPOCO2 COM10KGDECARGA SEM MARCA EXTINTOR DE INCENDIO"
"APARELHO TELEFONICO MOD.TOC, PADRAO TELEBRAS APARELHOTELEFONICOMOD_TOC PADRAOTELEBRASERICSON ERICSON APARELHO TELEFONICO"
"APARELHO TELEFONICO, TIPO TOC, PADRAO TELEBRAS APARELHOTELEFONICO TIPOTOC PADRAOTELEBRASERICSSON ERICSSON X, APARELHO TELEFONICO"
"APARELHO TELEFONICO MOD.TOC, PADRAO TELEBRAS APARELHOTELEFONICOMOD_TOC PADRAOTELEBRASERICSSON ERICSSON APARELHO TELEFONICO"
"NA COR CEREJEIRA, COM 03 GAVETAS NACORCEREJEIRA COM03GAVETASMARELLI MARELLI ARMARIO"
"MESA DE MADEIRA EM CEREJEIRA, COM 03 GAVETAS, PES CROMADOS MARCA MARELLI MESADEMADEIRAEMCEREJEIRA COM03GAVETAS PESCROMADOSMARCAMARELLI MARELLI MESA"
"COR CEREJEIRA, P/MAQUINA DE ESCREVER CORCEREJEIRA P__MAQUINADEESCREVERMARELLI MARELLI MAQUINA"
EM MADEIRA CEREJEIRA EMMADEIRACEREJEIRAMARELLI MARELLI MESA
CINZEIRO LIXEIRA CINZEIROLIXEIRAADAMAS ADAMAS CINZEIRO
"MESA DE IMPRESSORA EM MADEIRA CEREJEIRA, PERFIL PVC,  MESADEIMPRESSORAEMMADEIRACEREJEIRA PERFILPVC  SEM MARCA MESA"
BINOCULO TL 8135 0003 KI 1TYP A MII-B 131G. BINOCULOTL81350003KI1TYPAMII-B131G_ZEISSWESTGERMANY ZEISS WEST GERMANY BINOCULO
"EM PALHINHA, FIXA, SEM BRACOS, PES CROMADOS EMPALHINHA FIXA SEMBRACOS PESCROMADOSFLORENSE FLORENSE CADEIRA"
"EM MADEIRA, COR CEREJEIRA EMMADEIRA CORCEREJEIRAMARELLI MARELLI 050-T"
"EM MADEIRA,COR CEREJEIRA,PES CROMADO EMMADEIRA CORCEREJEIRA PESCROMADOMARELLI MARELLI 050-T"
"EM MADEIRA CEREJEIRA, PES CROMADOS EMMADEIRACEREJEIRA PESCROMADOSMARELLI MARELLI 050-T"
"EM MADEIRA, COR CEREJEIRA EMMADEIRA CORCEREJEIRAMARELLI MARELLI MESA"
PERFURADOR PERFURADORCLISPEL CLISPEL PI
ESTOJO PARA COLETA DE IMPRESSAO DIGITAL MOD.INI 01/87 ESTOJOPARACOLETADEIMPRESSAODIGITALMOD_INI01__87 SEM MARCA ESTOJO P/COLETA DE IMP. DIG.
BINOCULO BINOCULOZEISSWESTGERMANY ZEISS WEST GERMANY TL 8135 0003 KITYP A
"35MM EM ALUMINIO MED. 1,10X1,60M 35MMEMALUMINIOMED_1 10X1 60MCOLUMBIA COLUMBIA PERSIANA"
"35MM,EM ALUMINIO, MDE.1,10X1,60M 35MM EMALUMINIO MDE_1 10X1 60MCOLUMBIA COLUMBIA PERSIANA"
"TRANSCEPTOR PORTATIL EM VHF/FM, ANT. HELIFLEX TRANSCEPTORPORTATILEMVHF__FM ANT_HELIFLEXMOTOROLA MOTOROLA HT-600"
"MINI APARELHO DE TV, PORTATIL, COM RADIO AM/FM, LUXO MINIAPARELHODETV PORTATIL COMRADIOAM__FM LUXO SEM MARCA MINI APARELHO DE TV"
"BOMBA DAGUA, ELETRICA                                      . BOMBADAGUA ELETRICA_ SEM MARCA BOMBA DAGUA"
CLAVICULARIO CLAVICULARIO SEM MARCA CLAVICULARIO
"BOTIJAO DE GAS, C/13KG DE CARGA. BOTIJAODEGAS C__13KGDECARGA_ SEM MARCA BOTIJA DE GAS"
BARCO DE ALUMINIO TIPO PANTANAL. BARCODEALUMINIOTIPOPANTANAL_ICOMA ICOMA BARCO DE ALUMINIO
"BARCO DE ALUMINIO TIPO PANTANAL. METAGLASS, SERIE 2000 BARCODEALUMINIOTIPOPANTANAL_METAGLASS SERIE2000 ICOMA BARCO DE ALUMINIO"
"MOTOR DE RABETA, A GASOLINA, 09 HP LIFAN MOTORDERABETA AGASOLINA 09HPLIFAN BRIGGS MOTOR DE RABETA"
"EXTINTOR DE INCENDIO, CAP. DE 04KG EXTINTORDEINCENDIO CAP_DE04KG SEM MARCA EXTINTOR DE INCENDIO"
"EXTINTOR DE INCENDIO, TIPO PO QUIMICO SECO, C/06 KG DE CARGA EXTINTORDEINCENDIO TIPOPOQUIMICOSECO C__06KGDECARGA SEM MARCA EXTINTOR DE INCENDIO"
COM 02 PRATELEIRAS EM MADEIRA CEREJEIRA COM02PRATELEIRASEMMADEIRACEREJEIRA SEM MARCA ESTANTE
"EM MADEIRA CEREJEIRA, C/02 PRATELEIRAS EMMADEIRACEREJEIRA C__02PRATELEIRAS SEM MARCA MESA"
PEDESTAL PARA BANDEIRA EM MADEIRA PEDESTALPARABANDEIRAEMMADEIRA SEM MARCA MASTRO
"EM ALUMINIO, C/VIDRO EMALUMINIO C__VIDRO SEM MARCA CLAVICULARIO"
EM MADEIRA EMMADEIRA SEM MARCA MASTRO
"EM MADEIRA DE LEI, P/MESA DE REUNIAO EMMADEIRADELEI P__MESADEREUNIAO SEM MARCA CADEIRA"
EM MADEIRA EMMADEIRA SEM MARCA CLAVICULARIO
"EM MADEIRA DE LEI, P/EQUIPAMENTOS EMMADEIRADELEI P__EQUIPAMENTOS SEM MARCA MESA"
"EM MADEIRA DE LEI, PARA EQUIPAMENTOS EMMADEIRADELEI PARAEQUIPAMENTOS SEM MARCA MESA"
EM MADEIRA DE LEI EMMADEIRADELEI SEM MARCA MESA
EM MADEIRA DE LEI EMMADEIRADELEI SEM MARCA BANCO
"OSCILOSCOPIO PORTATIL, MOD.HP54600A, C/02 CANAIS 100MHZ OSCILOSCOPIOPORTATIL MOD_HP54600A C__02CANAIS100MHZHEWLETTPACKARD HEWLETT PACKARD OSCILOSCOPIO PORTATIL"
"MAQUINA DE ESCREVER ELETRICA, MAQUINADEESCREVERELETRICA OLIVETTI OLIVETTI TEKNE-7"
MAQUINA DE ESCREVER ELETRICA MAQUINADEESCREVERELETRICAOLIVETTI OLIVETTI TEKNE-7
"MESA EM MADEIRA, NA COR CEREJEIRA, C/PORTA LISTAS MESAEMMADEIRA NACORCEREJEIRA C__PORTALISTASMARELLI MARELLI MESA"
"ARQUIVO, C/04 GAVETAS ARQUIVO C__04GAVETASISMA ISMA ARQUIVO"
ARQUIVO COM 04 GAVETAS ARQUIVOCOM04GAVETASISMA ISMA ARQUIVO
"CADEIRA EM PALHINHA, GIRATORIA, SEM BRACOS, COM RODIZIOS CADEIRAEMPALHINHA GIRATORIA SEMBRACOS COMRODIZIOSMETALMOBILE METALMOBILE CADEIRA"
"CADEIRA EM PALHINHA, COM RODIZIOS, GIRATORIA, SEM BRACOS CADEIRAEMPALHINHA COMRODIZIOS GIRATORIA SEMBRACOSMETALMOBILE METALMOBILE CADEIRA"
"CADEIRA EM PALHINHA C/RODIZIOS GIRATORIA, S/BRACOS CADEIRAEMPALHINHAC__RODIZIOSGIRATORIA S__BRACOSMETALMOBILE METALMOBILE CADEIRA"
GRAMPEADOR GRAMPEADORCARBEX CARBEX 26/6
PERFURADOR PERFURADORCARBEX CARBEX PERFURADOR
PERFURADOR PERFURADORCARBESA CARBESA 2002
02 ANDARES 02ANDARESRET-LIT RET-LIT PORTA CARIMBO
"APARELHO DE AR CONDICIONADO DE 12.000BTUS, 220 VOLTS APARELHODEARCONDICIONADODE12_000BTUS 220VOLTSCONSUL CONSUL APARELHO DE AR-CONDICIONADO"
"MICROCOMPUTADOR, COM VIDEO MONOCROMATICO MICROCOMPUTADOR COMVIDEOMONOCROMATICOCAP CAP MICROCOMPUTADOR"
"FONTE DE ALIMENTACAO, PARA MICOM XL. FONTEDEALIMENTACAO PARAMICOMXL_MOTOROLA MOTOROLA F-2367A"
"FONTE DE ALIMENTACAO,PARA SPECTRA BASE FONTEDEALIMENTACAO PARASPECTRABASEMOTOROLA MOTOROLA HPN-3000A"
TRANSCEPTOR MOVEL VHF TRANSCEPTORMOVELVHFMOTOROLA MOTOROLA MAXTRAC M208.
CARREGADOR DE BATERIA. CARREGADORDEBATERIA_MOTOROLA MOTOROLA NTN-5538C
"CARREGADOR DE BATERIA, CARREGADORDEBATERIA MOTOROLA MOTOROLA NTN-5538C"
TRANSCEPTOR FIXO HF TRANSCEPTORFIXOHFMOTOROLA MOTOROLA MICOM XL
TRANSCEPTOR FIXO VHF TRANSCEPTORFIXOVHFMOTOROLA MOTOROLA SPECTRA
"TRANSCEPTOR PORTATIL VHF, ANTENA HELICAL TRANSCEPTORPORTATILVHF ANTENAHELICALMOTOROLA MOTOROLA P-200"
"TRANSCEPTOR PORTATIL VHF,  ANTENA HELICAL TRANSCEPTORPORTATILVHF ANTENAHELICALMOTOROLA MOTOROLA P-200"
"TRANSCEPTOR PORTATIL VHF,  ANTENA HELICAL TRANSCEPTORPORTATILVHF ANTENAHELICALMOTOROLA MOTOROLA TRANSCEPTOR PORTATIL"
MULTIMETRO PARA CAMPO MULTIMETROPARACAMPO SEM MARCA 
MULTIMETRO PARA BANCADA MULTIMETROPARABANCADAFLUKE FLUKE 8050A
"ESTACAO DE SOLDA WELLER, COM FERRO DE SOLDAR ESTACAODESOLDAWELLER COMFERRODESOLDARWELLER WELLER EC-2001"
"FREQUENCIMETRO, 01 ANTENA TELESCOPICA FREQUENCIMETRO 01ANTENATELESCOPICAPHILIPS PHILIPS MOD.FM6666/411"
"UNIDADE DE FORCA (NO BREAK) DE 15KVA UNIDADEDEFORCA_NOBREAK_DE15KVA SEM MARCA, BEST ME1"
"TRANSCEPTOR MOVEL, MICROFONE E ANTENA TRANSCEPTORMOVEL MICROFONEEANTENAMOTOROLA MOTOROLA MAXTRAC M208"
TRANSCEPTOR MOVEL TRANSCEPTORMOVELMOTOROLA MOTOROLA SPECTRA A5
GPS GPSTRIMBLENAVEGATION TRIMBLE NAVEGATION GPS
BARCO DE ALUMINIO COM 06 METROS DE COMPRIMENTO BARCODEALUMINIOCOM06METROSDECOMPRIMENTOKANADYANY KANA DYANY BARCO DE ALUMINIO
BARCO DE ALUMINIO COM 06 METROS DECOMP. BARCODEALUMINIOCOM06METROSDECOMP_KANADYANY KANA DYANY BARCO DE ALUMINIO
MOTOR DE POPA DE 60 HP YAMAHA MOTORDEPOPADE60HPYAMAHA YAMAHA MOTOR DE POPA
CARRO PARA TRANSPORTE DE BARCOS CARROPARATRANSPORTEDEBARCOS SEM MARCA CARRO
MESA MESA SEM MARCA MESA
COM TECLADO REBAIXADO COMTECLADOREBAIXADO SEM MARCA MESA
TECLADO REBAIXADO TECLADOREBAIXADO SEM MARCA MESA
"CADEIRA P/DIGITADOR, GIRATORIA, S/BRACOS, C/RODIZIOS CADEIRAP__DIGITADOR GIRATORIA S__BRACOS C__RODIZIOSMARELLI MARELLI CADEIRA"
"CADEIRA PARA DIGITADOR, MOD.407, GIRATORIA, SEM BRACOS CADEIRAPARADIGITADOR MOD_407 GIRATORIA SEMBRACOSMARELLI MARELLI CADEIRA"
"CADEIRA PARA DIGITADOR, GIRATORIA, SEM BRACOS, MOD.407 CADEIRAPARADIGITADOR GIRATORIA SEMBRACOS MOD_407MARELLI MARELLI CADEIRA"
"CADEIRA PARA DIGITADOR, COM REGULAGEM DE ALTURA E ENCOSTO CADEIRAPARADIGITADOR COMREGULAGEMDEALTURAEENCOSTOMARELLI MARELLI CADEIRA"
C/06 PRATELEIRAS DESMONTAVEIS C__06PRATELEIRASDESMONTAVEISISMA ISMA ESTANTE
ESTANTE EM MADEIRA ESTANTEEMMADEIRAMARELLI MARELLI ESTANTE
"ESTANTE EM MADEIRA DE LEI, (MOGNO), COM 02 PORTAS DE VIDRO ESTANTEEMMADEIRADELEI _MOGNO_ COM02PORTASDEVIDROMARELLI MARELLI ESTANTE"
"MAQUINA DE CALCULAR IMPRESSORA, MAQUINADECALCULARIMPRESSORA OLIVETTI OLIVETTI LOGOS 684"
MAQUINA DE CALCULAR ELETRONICA MAQUINADECALCULARELETRONICAOLIVETTI OLIVETTI LOGOS 684
"C/RODIZIOS, EM PALHINHA C__RODIZIOS EMPALHINHAMETALMOBILE METALMOBILE M-15"
"CADEIRA TIPO GIRATORIA, SEM BRACOS, TECIDO AZUL COM RODIZIOS CADEIRATIPOGIRATORIA SEMBRACOS TECIDOAZULCOMRODIZIOS SEM MARCA CADEIRA"
"ELEVADOR ELETRICO, CAPACIDADE PARA 2.500KG ELEVADORELETRICO CAPACIDADEPARA2_500KG SEM MARCA ELEVADOR ELETRICO"
BICO CALIBRADOR BICOCALIBRADOR SEM MARCA BICO CALIBRADOR
RELOGIO CALIBRADOR DE MAO RELOGIOCALIBRADORDEMAO SEM MARCA RELOGIO CALIBRADOR
"CONJ. CARBURETEIRA, 10MT, MANGUEIRA GEMEA, C/01 SOLDA CONJ_CARBURETEIRA 10MT MANGUEIRAGEMEA C__01SOLDA SEM MARCA CARBURETEIRA"
CAIXA DE FERRAMENTA COM 05 GAVETAS EM ACO CAIXADEFERRAMENTACOM05GAVETASEMACO SEM MARCA CAIXA DE FERRAMENTA
CAVALETE DE METAL CAP. PARA 1.000KG CAVALETEDEMETALCAP_PARA1_000KG SEM MARCA CAVALETE DE METAL
"MACACO JACARE, CAPACIDADE PARA 2000 KG MACACOJACARE CAPACIDADEPARA2000KG SEM MARCA MACACO JACARE"
"PRENSA HIDRAULICA, P/15 TON. PRENSAHIDRAULICA P__15TON_ SEM MARCA PRENSA HIDRAULICA"
MORSA EM FERRO FUNDIDO N06 MORSAEMFERROFUNDIDON06 SEM MARCA MORSA
CHAVE DE GRIFO N14 CHAVEDEGRIFON14 SEM MARCA CHAVE
TALIA DE 2TONELADAS TALIADE2TONELADAS SEM MARCA TALIA
"EXPANSOR HIDRAULICO METALICO, PARA 10 TONELADAS EXPANSORHIDRAULICOMETALICO PARA10TONELADAS SEM MARCA EXPANSOR"
"APARELHO DE AR CONDICIONADO, DE 18000BTUS APARELHODEARCONDICIONADO DE18000BTUSSPRINGER SPRINGER APARELHO DE AR CONDICIONADO"
"APARELHO DE AR CONDICIONADO DE 18.000 BTUS, 220 VOLTS APARELHODEARCONDICIONADODE18_000BTUS 220VOLTSSPRINGER SPRINGER APARELHO DE AR CONDICIONADO"
"APARELHO DE AR CONDICIONADO, 18.000BTUS APARELHODEARCONDICIONADO 18_000BTUSSPRINGER SPRINGER APARELHO DE AR CONDICIONADO"
APARELHO DE AR CONDICIONADO DE 18.000BTUS APARELHODEARCONDICIONADODE18_000BTUSSPRINGER SPRINGER APARELHO DE AR CONDICIONADO
"AR CONDICIONADO DE 18.000 BTUS, 220V ARCONDICIONADODE18_000BTUS 220VSPRINGER SPRINGER AR CONDIONADO"
"APARELHO DE AR CONDICIONADO DE 18.000BTUS, 220 VOLTS APARELHODEARCONDICIONADODE18_000BTUS 220VOLTSSPRINGER SPRINGER APARELHO DE AR CONDICIONADO"
"APARELHO DE AR CONDICIONADO, DE 18.000BTUS APARELHODEARCONDICIONADO DE18_000BTUSSPRINGER SPRINGER APARELHO DE AR CONDICIONADO"
APARELHO DE AR CONDICIONADO DE 18.000 BTUS APARELHODEARCONDICIONADODE18_000BTUSSPRINGER SPRINGER APARELHO DE AR CONDICIONADO
APARELHO DE AR CONDICIONADO FR 18.000BTUS APARELHODEARCONDICIONADOFR18_000BTUSSPRINGER SPRINGER APARELHO DE AR CONDICIONADO
"APARELHO DE AR CONDICIONADO DE 18.000BTUS, 220VOLTS APARELHODEARCONDICIONADODE18_000BTUS 220VOLTSSPRINGER SPRINGER APARELHO DE AR CONDICIONADO"
"APARELHO DE AR CONDICIONADO DE 18.000BTU, 220 VOLTS APARELHODEARCONDICIONADODE18_000BTU 220VOLTSSPRINGER SPRINGER APARELHO DE AR CONDICIONADO"
"APARELHO DE AR CONDICIONADO DE 30.000 BTUS, 220 VOLTS APARELHODEARCONDICIONADODE30_000BTUS 220VOLTSSPRINGER SPRINGER APARELHO DE AR CONDICIONADO"
APARELHO DE AR CONDICIONADO DE 30.000BTUS APARELHODEARCONDICIONADODE30_000BTUSSPRINGER SPRINGER _APARELHO DE AR CONDICIONADO
GUILHOTINA GUILHOTINASANTANDRE SANTANDRE GUILHOTINA
MICROCOMPUTADOR CPU DESKTOP MICROCOMPUTADORCPUDESKTOP SEM MARCA MICROCOMPUTADOR
NOBREAK  NOBREAKAPC APC NO-BREAK
"ESTABILIZADOR DE TENSAO ELET. C/ TRANSFOR. ISOLADO , 15 KVA. ESTABILIZADORDETENSAOELET_C__TRANSFOR_ISOLADO 15KVA_ SEM MARCA ESTABILIZADOR DE TENSAO"
VIDEO CASSETE VIDEOCASSETERECEPTA SEM MARCA VIDEO CASSETE
MILIVOLTIMETRO PARA RF MILIVOLTIMETROPARARF SEM MARCA 92EA
TESTE DE ATERRAMENTO PESSOAL TESTEDEATERRAMENTOPESSOALMOTOROLA MOTOROLA TESTE DE ATERRAMENTO
"WATIMETRO, REF.1350C WATIMETRO REF_1350CMOTOROLA MOTOROLA WATIMETRO"
"TESTE PORTATIL PARA RADIO, REF.RTX-4005B TESTEPORTATILPARARADIO REF_RTX-4005B SEM MARCA TESTE PORTATIL"
TRANCEPTOR VHF/FM 5W. TRANCEPTORVHF__FM5W_RELMCHATRAL RELM CHATRAL WHS150
TRANCEPTOR VHF/FM 5W. TRANCEPTORVHF__FM5W_RELMCHATRAL RELM CHATRAL WHS-150
"TRANCEPTOR VHF/FM 5W. TRANCEPTORVHF__FM5W_RELMCHATRAL RELM CHATRAL, MOTOROLA HTN9630C"
ESTABILIZADOR  ESTABILIZADOR SEM MARCA LP
"ESTABILIZADOR DE VOLTAGEM, DE 1000KVA ESTABILIZADORDEVOLTAGEM DE1000KVALPL LPL ESTABILIZADOR DE TENSAO"
"IMPRESSORA JATO DE TINTA, COLORIDA, 2MB DE RAM IMPRESSORAJATODETINTA COLORIDA 2MBDERAMHP HP HP660"
RADIO RECEPTOR DE COMUNICACAO. RADIORECEPTORDECOMUNICACAO_ICOM ICOM IC-R7100
"ANTENA FLAT, MARCA-01 ANTENAFLAT MARCA-01TAYO TAYO ANTENA FLAT"
INTERFACE PARA INTERLIGACAO DE ANTENA INTERFACEPARAINTERLIGACAODEANTENATAYO TAYO INTERFACE
BINOCULO DE VISAO NOTURNA BINOCULODEVISAONOTURNALUNATRON LUNATRON BINOCULO
"LENTE OBJETIVA PARA MAQUINA FOTOGRAFICA, DE 18MM X 35MM. LENTEOBJETIVAPARAMAQUINAFOTOGRAFICA DE18MMX35MM_ SEM MARCA LENTE OBJETIVA"
"MAQUINA FOTOGRAFICA, MODELO ZOOM 90-WR. MAQUINAFOTOGRAFICA MODELOZOOM90-WR_PENTAX PENTAX MAQUINA FOTOGRAFICA"
APARELHO ESTABILIZADOR DE 01 KVA DE POTENCIA APARELHOESTABILIZADORDE01KVADEPOTENCIASMS SMS ESTABILIZADOR DE TENSAO
APARELHO ESTABILIZADOR DE 01 KVA DE POTENCIA APARELHOESTABILIZADORDE01KVADEPOTENCIASMS SMS ESTABILIZADOR
"APARELHO TELEFONICO, COM TECLADO APARELHOTELEFONICO COMTECLADO SIEMENS APARELHO TELEFONICO"
"EM TECIDO DE FIBRA ESPECIAL, COR BEGE EMTECIDODEFIBRAESPECIAL CORBEGE SEM MARCA PERSIANA"
"PORTA LAPIS/CLIPS, EM ACRILICO PORTALAPIS__CLIPS EMACRILICO SEM MARCA PORTA LAPIS"
PORTA LAPIS/CLIPS EM ACRILICO PORTALAPIS__CLIPSEMACRILICO SEM MARCA PORTA LAPIS
"PORTA LAPIS/CLIPS, EM ACRILICO PORTALAPIS__CLIPS EMACRILICOJVC JVC PORTA LAPIS"
"IMPRESSORA MATRICIAL, MOD.LX-300, 80 COLUNAS. IMPRESSORAMATRICIAL MOD_LX-300 80COLUNAS_EPSON EPSON IMPRESSORA MATRICIAL"
"IMPRESSORA MATRICIAL, MOD.FX-1170, 136 COLUNAS IMPRESSORAMATRICIAL MOD_FX-1170 136COLUNASEPSON EPSON FX-1170"
"CADEIRA EM PALHINHA, FIXA, COM BRACOS, PES EM ACO CROMADO CADEIRAEMPALHINHA FIXA COMBRACOS PESEMACOCROMADOCADERODE CADERODE CADEIRA"
"CADEIRA EM PALHINHA, FIXA, C/BRACOS, PES EM ACO CROMADO CADEIRAEMPALHINHA FIXA C__BRACOS PESEMACOCROMADOCADERODE CADERODE CADEIRA"
"CADEIRA EM PALHINHA, FIXA, C/BRACOS, PES DE ACO CROMADO CADEIRAEMPALHINHA FIXA C__BRACOS PESDEACOCROMADOCADERODE CADERODE CADEIRA"
"CADEIRA EM PALHINHA, FIXA, COM BRACOS, EM ACO TUBULAR CADEIRAEMPALHINHA FIXA COMBRACOS EMACOTUBULARCADERODE CADERODE CADEIRA"
TOYOTA BANDEIRANTE ANO89__MOD_89 VERDE DIESEL V__BANDEIRANTE CABDUPLATOYOTA TOYOTA PICK-UP
"BALCAO ESTANTE, COM 02 PORTAS DE VIDRO EM MADEIRA DE LEI BALCAOESTANTE COM02PORTASDEVIDROEMMADEIRADELEISINALVERDE SINAL VERDE BALCAO"
"BALCAO, COM CHAVES, EM MADEIRA DE LEI BALCAO COMCHAVES EMMADEIRADELEISINALVERDE SINAL VERDE BALCAO"
"FAC-SIMILE KXF-700, COM SECRETAIA ELETRONICA, REG. TENSAO FAC-SIMILEKXF-700 COMSECRETAIAELETRONICA REG_TENSAOPANASONIC PANASONIC KX-F750"
"MESA EM MADEIRA, NA COR CEREJEIRA, COM 03 GAVETAS MESAEMMADEIRA NACORCEREJEIRA COM03GAVETASBORTOLINI BORTOLINI MESA"
"MESA EM MADEIRA, PES EM ACO CROMADO, MED.1,25 X 0,70 X 0,74C MESAEMMADEIRA PESEMACOCROMADO MED_1 25X0 70X0 74CBORTOLINI BORTOLINI MESA"
"MESA EM MADEIRA, COR CEREJEIRA, P/MAQUINA DE ESCREVER MESAEMMADEIRA CORCEREJEIRA P__MAQUINADEESCREVERBORTOLINI BORTOLINI MESA"
"MESA EM MADEIRA, NA COR CEREJEIRA, P/MAQUINA DE ESCREVER MESAEMMADEIRA NACORCEREJEIRA P__MAQUINADEESCREVERBORTOLINI BORTOLINI MESA"
"MESA PARA IMPRESSORA EM OKAFOIL, ESTRUTURA EM ACO TUBULAR MESAPARAIMPRESSORAEMOKAFOIL ESTRUTURAEMACOTUBULARJBM JBM MESA"
"MESA P/IMPRESSORA, EM OKAFOIL, ESTRUTURA EM ACO TUBULAR MESAP__IMPRESSORA EMOKAFOIL ESTRUTURAEMACOTUBULARJBM JBM MESA"
CADEIRA PARA DIGITADOR COM REGULAGEM DE ALTURA E ENCOSTO CADEIRAPARADIGITADORCOMREGULAGEMDEALTURAEENCOSTOCASTOFAR CASTOFAR CADEIRA
"C/04 GAVETAS, NA COR CINZA C__04GAVETAS NACORCINZA SEM MARCA ARQUIVO"
"CADEIRA EM PALHINHA, FIXA, TIPO SECRETARIA, SEM BRACOS CADEIRAEMPALHINHA FIXA TIPOSECRETARIA SEMBRACOSFLORENSE FLORENSE CADEIRA"
"ESTABILIZADOR DE TENSAO, BIVOLT, ENTRADA PARA 110/220V ESTABILIZADORDETENSAO BIVOLT ENTRADAPARA110__220V SEM MARCA KCE-1000"
"ARMARIO EM MADEIRA DE LEI, C/ 02 PORTAS DE ABRIR, E 04 PRAT. ARMARIOEMMADEIRADELEI C__02PORTASDEABRIR E04PRAT_ SEM MARCA ARMARIO"
"ARMARIO TIPO ESTANTE, EM CEREJEIRA, C/02 PORTAS. ARMARIOTIPOESTANTE EMCEREJEIRA C__02PORTAS_ SEM MARCA ARMARIO"
"ESTANTE MISTA, C/04 PORTAS E DIVISOES, EM MADEIRA DE LEI ESTANTEMISTA C__04PORTASEDIVISOES EMMADEIRADELEISINALVERDE SINAL VERDE ESTANTE"
"ESTANTE MISTA, COM 3 PORTAS E DIVISOES, EM MADEIRA DE LEI CE ESTANTEMISTA COM3PORTASEDIVISOES EMMADEIRADELEICESINALVERDE SINAL VERDE ESTANTE"
"MESA EM MADEIRA DE LEI, MED.0,45 X 0,45CM, S/GAVETAS E RODIZ MESAEMMADEIRADELEI MED_0 45X0 45CM S__GAVETASERODIZ SEM MARCA MESA"
"MICROCOMPUTADOR NOTEBOOK, PROCESSADOR INTEL PENTIUM, 100MHZ MICROCOMPUTADORNOTEBOOK PROCESSADORINTELPENTIUM 100MHZHP HP "
"FOGAO 04 BOCAS, SIMPLES, GOL SUPER FOGAO04BOCAS SIMPLES GOLSUPERDAKO DAKO FOGAO"
"SOFA 02 LUGARES, COR PRETO SOFA02LUGARES CORPRETO SEM MARCA SOFA"
"PARA 03 E 02 LUGARES, EM NAPA, COR PRETA PARA03E02LUGARES EMNAPA CORPRETA SEM MARCA SOFA"
EM VIDRO EMVIDRO SEM MARCA MESA
"CADEIRA EM PALHINHA, TIPO PRESIDENTE, C/ RODIZIOS, C/ BRACOS CADEIRAEMPALHINHA TIPOPRESIDENTE C__RODIZIOS C__BRACOSFLORENSE FLORENSE CADEIRA"
"CADEIRA EM PALHINHA, GIRATORIA, COM BRACOS, RODIZIOS ESP.ALT CADEIRAEMPALHINHA GIRATORIA COMBRACOS RODIZIOSESP_ALTFLORENSE FLORENSE CADEIRA"
"CADEIRA EM PALHINHA, FIXA, COM BRACOS, EM ACO TUBULAR CADEIRAEMPALHINHA FIXA COMBRACOS EMACOTUBULARFLORENSE FLORENSE CADEIRA"
ESTRUTURA EM ACO ESTRUTURAEMACOFERROPLAST FERROPLAST MESA
EM MADEIRA TIPO FIBRA SINTETICA. EMMADEIRATIPOFIBRASINTETICA_FERROPLAST FERRO PLAST MESA
EM MADEIRA TIPO FIBRA SINTETICA LAMINADA EMMADEIRATIPOFIBRASINTETICALAMINADAFERROPLAST FERRO PLAST MESA
"EM MADEIRA DE LEI, NA COR PRETA EMMADEIRADELEI NACORPRETAFERROPLAST FERRO PLAST MESA"
EM MADEIRA TIPO FIBRA SINTETICA EMMADEIRATIPOFIBRASINTETICAFERROPLAST FERRO PLAST MESA
"CADEIRA EM PALHINHA, FIXA, S/BRACOS, ESTRUTURA EM ACO TUBULA CADEIRAEMPALHINHA FIXA S__BRACOS ESTRUTURAEMACOTUBULAFLORENSE FLORENSE CADEIRA"
"CADEIRA EM PALHINHA, FIXA, SEM BRACOS CADEIRAEMPALHINHA FIXA SEMBRACOSFLORENSE FLORENSE CADEIRA"
"CADEIRA EM PALHINHA, FIXA, S/BRACOS, ESTRUTURA EM ACO CROM. CADEIRAEMPALHINHA FIXA S__BRACOS ESTRUTURAEMACOCROM_FLORENSE FLORENSE CADEIRA"
"CADEIRA EM PALHINHA, FIXA, S/BRACOS, ESTRUTURA CROMADA CADEIRAEMPALHINHA FIXA S__BRACOS ESTRUTURACROMADAFLORENSE FLORENSE CADEIRA"
"CADEIRA EM PALHINHA, FIXA, SEM BRACOS, ESTRUTURA EM ACO TUBU CADEIRAEMPALHINHA FIXA SEMBRACOS ESTRUTURAEMACOTUBUFLORENSE FLORENSE CADEIRA"
"CADEIRA EM PALHINHA FIXA, SEM BRACOS, EM ACO TUBULAR CADEIRAEMPALHINHAFIXA SEMBRACOS EMACOTUBULARFLORENSE FLORENSE CADEIRA"
"BEBEDOURO ELETRICO, TIPO GARRAFAO, COM 02 TORNEIRAS BEBEDOUROELETRICO TIPOGARRAFAO COM02TORNEIRASELEGE ELEGE BEBEDOURO ELETRICO"
"BEBEDOURO ELETRICO, TIPO GARRAFAO, C/02 TORNEIRAS BEBEDOUROELETRICO TIPOGARRAFAO C__02TORNEIRASELEGE ELEGE BEBEDOURO ELETRICO"
"APARELHO DE AR CONDICIONADO DE 12.000 BTUS, 220V APARELHODEARCONDICIONADODE12_000BTUS 220VSPRINGER SPRINGER AR CONDICIONADO"
"ESTANTE EM MADEIRA DE LEI, COM 02 PORTAS DE ABRIR ESTANTEEMMADEIRADELEI COM02PORTASDEABRIRMARELLI MARELLI ESTANTE"
"ESTANTE EM MADEIRA DE LEI, C/02 PORTAS DE ABRIR ESTANTEEMMADEIRADELEI C__02PORTASDEABRIR SEM MARCA ESTANTE"
"ESTANTE EM MADEIRA DE LEI, (MOGNO) COM PORTAS DE ABRIR ESTANTEEMMADEIRADELEI _MOGNO_COMPORTASDEABRIRMARELLI MARELLI ESTANTE"
PARA OBJETOS PESSOAIS E ARMAS C/ 08 COMPARTIMENTOS PARAOBJETOSPESSOAISEARMASC__08COMPARTIMENTOSBANDIN BANDIN ARMARIO
PARA OBJETOS PESSOAIS E ARMAS C/ 08 COMPARTIMENTOS PARAOBJETOSPESSOAISEARMASC__08COMPARTIMENTOSPANDIN PANDIN ARMARIO
"EM MADEIRA, COM 02 PRATELEIRAS EMMADEIRA COM02PRATELEIRASBORTOLINI BORTOLINI ARMARIO"
EM MADEIRA COM 02 PRATELEIRAS. EMMADEIRACOM02PRATELEIRAS_BORTOLINI BORTOLINI ARMARIO
"EM MADEIRA DE LEI, C/02 PRATELEIRAS EMMADEIRADELEI C__02PRATELEIRASBORTOLINI BORTOLINI ARMARIO"
"EM MADEIRA, C/02 PRATELEIRAS EMMADEIRA C__02PRATELEIRASBORTOLLINI BORTOLLINI ARMARIO"
"EM MADEIRA, C/02 PRATELEIRAS EMMADEIRA C__02PRATELEIRASBORTOLINI BORTOLINI ARMARIO"
"EM MADEIRA DE LEI, NA COR CEREJEIRA EMMADEIRADELEI NACORCEREJEIRAMARELLI MARELLI MESA"
"EM MADEIRA, COR CEREJEIRA, C/03 GAVETAS EMMADEIRA CORCEREJEIRA C__03GAVETASMARELLI MARELLI MESA"
"VIDEO CASSETE, 04 CABECAS C/ CONTROLE REMOTO VIDEOCASSETE 04CABECASC__CONTROLEREMOTOTOSCHIBA TOSCHIBA VIDEO CASSETE"
APARELHO DE TV APARELHODETV SEMPTOSHIBA SEMP TOSHIBA APARELHO TELEVISOR
APARELHO TELEVISOR DE 14 POL. C/CONTROLE REMOTO APARELHOTELEVISORDE14POL_C__CONTROLEREMOTOSEMPTOSHIBA SEMP TOSHIBA APARELHO TELEVISOR
"EM MADEIRA DE LEI, COM 02 PECAS, C/06 PORTAS DE ABRIR EMMADEIRADELEI COM02PECAS C__06PORTASDEABRIR SEM MARCA ARMARIO"
"EM MADEIRA DE LEI, MED.2,20 X 1,40CM, C/DIVISOES EMMADEIRADELEI MED_2 20X1 40CM C__DIVISOES SEM MARCA ARMARIO"
"EM MADEIRA DE LEI, MED. 2,80 X 1,00CM, C/DIVISOES EMMADEIRADELEI MED_2 80X1 00CM C__DIVISOES SEM MARCA ESTANTE"
"MESA EM MADEIRA DE LEI, MED. 3,44 X 0,68CM, SEM GAVETAS MESAEMMADEIRADELEI MED_3 44X0 68CM SEMGAVETAS SEM MARCA MESA"
"LIQUIDIFICADOR MOD. 216, C/ TECLA DE LIMPEZA AUTO CLEAN LIQUIDIFICADORMOD_216 C__TECLADELIMPEZAAUTOCLEANFAET FAET LIQUIDIFICADOR"
FORD F-1000 ANO82__MOD_82 BEGE DIESEL VERSAOF-1000FORD FORD F-1000
"EM MADEIRA CEREJEIRA, MED.0,55 X 0,45X0,7 EMMADEIRACEREJEIRA MED_0 55X0 45X0 7 SEM MARCA MESA"
"EM MADEIRA CEREJEIRA, COM 03 GAVETAS LATERAIS EMMADEIRACEREJEIRA COM03GAVETASLATERAIS_  MESA"
"EM MADEIRA CEREJEIRA, COM 03 GAVETAS EMMADEIRACEREJEIRA COM03GAVETAS SEM MARCA MESA"
COM 04 GAVETAS COM04GAVETASW3 W3 ARQUIVO
"ACO PARA OBJETOS PESSOAIS, TIPO GUARDA-ROUPAS ACOPARAOBJETOSPESSOAIS TIPOGUARDA-ROUPASW3 W3 ARMARIO"
CEREJEIRA COM VARIAS DIVISOES CEREJEIRACOMVARIASDIVISOES SEM MARCA ESTANTE
"GELADEIRA GRANDE, DUPLEX, 320 LITROS, COR BRANCA GELADEIRAGRANDE DUPLEX 320LITROS CORBRANCABRASTEMP BRASTEMP GELADEIRA"
"FOGAO DE 06 BOCAS, COM FORNO AUTO LIMPANTE FOGAODE06BOCAS COMFORNOAUTOLIMPANTEDAKO DAKO FOGAO"
CONJUNTO DE SOFA DE 03 E 02 LUGARES CONJUNTODESOFADE03E02LUGARESSIMBAL SIMBAL SOFA
"BARCO TIPO PANTANEIRA, EM DURALUMINIO, C/PESO BRUTO DE 1.860 BARCOTIPOPANTANEIRA EMDURALUMINIO C__PESOBRUTODE1_860 SEM MARCA BARCO DE ALUMINIO"
"BOTIJA DE GAS, VAZIA, PARA 13KG. DE CARGA BOTIJADEGAS VAZIA PARA13KG_DECARGAFOGAS FOGAS BOTIJA"
"BOTIJA DE GAS VAZIA, PARA 13 KG. DE CARGA BOTIJADEGASVAZIA PARA13KG_DECARGAFOGAS FOGAS BOTIJA"
"MICROCOMPUTADOR PENTIUM MMX 200MHZ, 32MB, 512KB. MICROCOMPUTADORPENTIUMMMX200MHZ 32MB 512KB_HP HP MICROCOMPUTADOR PENTIUM MMX"
"APARELHO DE AR CONDICIONADO DE 30.000BTUS, 220 VOLTS APARELHODEARCONDICIONADODE30_000BTUS 220VOLTSCONSUL CONSUL APARELHO DE AR CONDICIONADO"
"EM MADEIRA CEREJEIRA, C/03 GAVETAS EMMADEIRACEREJEIRA C__03GAVETAS SEM MARCA MESA"
"PARA OBJETOS PESSOAIS, TIPO GUARDA-ROUPAS PARAOBJETOSPESSOAIS TIPOGUARDA-ROUPAS SEM MARCA ARMARIO"
"CEREJEIRA, TIPO ESTANTE, C/02 PORTAS CEREJEIRA TIPOESTANTE C__02PORTAS SEM MARCA ARMARIO"
"BEBEDOURO ELETRICO, TIPO GARRAFAO, COM 02 TORNEIRAS, CINZA BEBEDOUROELETRICO TIPOGARRAFAO COM02TORNEIRAS CINZABEGEL BEGEL BEBEDOURO ELETRICO"
"CADEIRA EM PALHINHA, GIRATORIA, S/BRACOS, C/RODIZIOS CADEIRAEMPALHINHA GIRATORIA S__BRACOS C__RODIZIOSERGOFLEX ERGOFLEX CADEIRA"
"CADEIRA COM ESTOFAMENTE EM TECIDO, COR PRETA, GIRATORIA CADEIRACOMESTOFAMENTEEMTECIDO CORPRETA GIRATORIA SEM MARCA CADEIRA"
"CADEIRA FIXA AUXILIAR, COM ESTOFAMENTO EM TECIDO, COR CINZA CADEIRAFIXAAUXILIAR COMESTOFAMENTOEMTECIDO CORCINZA SEM MARCA CADEIRA"
"TRANSCEPTOR PORTATOL EM VHF/FM,FAIXA DE OPER. DE 136 A 174MH TRANSCEPTORPORTATOLEMVHF__FM FAIXADEOPER_DE136A174MHMOTOROLA MOTOROLA GP-350"
"TRANSCEPTOR MOVEL EM VHF/FM, FAIXA DE OPER. DE 136 A 174MH TRANSCEPTORMOVELEMVHF__FM FAIXADEOPER_DE136A174MHMOTOROLA MOTOROLA GM-300"
"MONITOR DE VIDEO, HP MONITORDEVIDEO HP SEM MARCA MONITOR PARA MICROCOMPUTADOR"
"APARELHO DE AR CONDICIONADO DE 12.500BTUS, 220V APARELHODEARCONDICIONADODE12_500BTUS 220VSPRINGER SPRINGER APARELHO DE AR CONDICIONADO"
"APARELHO DE AR CONDICIONADO DE 12.500 BTUS, 220 VOLTS APARELHODEARCONDICIONADODE12_500BTUS 220VOLTSSPRINGER SPRINGER AR CONDICIONADO"
"APARELHO DE AR CONDICIONADO, DE 12.500BTUS, 220VOLTS APARELHODEARCONDICIONADO DE12_500BTUS 220VOLTSSPRINGER SPRINGER APARELHO DE AR CONDICIONADO"
APARELHO DE AR CONDICIONADO DE 12.500BTUS APARELHODEARCONDICIONADODE12_500BTUSSPRINGER SPRINGER APARELHO DE AR CONDICIONADO
"APARELHO DE AR CONDICIONADO DE 12.500BTUS, 220 VOLTS APARELHODEARCONDICIONADODE12_500BTUS 220VOLTSSPRINGER SPRINGER APARELHO DE AR CONDICIONADO"
"APARELHO DE AR CONDICIONADO DE 12.500BTUS, 220VOLTS. APARELHODEARCONDICIONADODE12_500BTUS 220VOLTS_SPRINGER SPRINGER APARELHO DE AR CONDICIONADO"
"APARELHO DE AR CONDICIONADO DE 12.500 BTUS, 220 VOLTS APARELHODEARCONDICIONADODE12_500BTUS 220VOLTSSPRINGER SPRINGER APARELHO DE AR CONDICIONADO"
COLETE A PROVA DE BALAS NIVEL II COLETEAPROVADEBALASNIVELIITAURUS TAURUS COLETE A PROVA DE BALAS
"REVOLVER COM 06 TIROS, REFORCADO, OXIDADO, CANO DE 3POL REVOLVERCOM06TIROS REFORCADO OXIDADO CANODE3_TAURUS TAURUS REVOLVER"
REVOLVER ROSSI 357 REVOLVERCANODE76MM 06TIROS ALCADEMIRAREGULAVELROSSI ROSSI 
"ALGEMA INOX, COM TRAVA DE SEGURANCA ALGEMAINOX COMTRAVADESEGURANCAROSSI ROSSI MOD.AR-82"
"COLETE A PROVA DE BALAS, COMPOSTO DE 02 PLACAS E CAMISETA COLETEAPROVADEBALAS COMPOSTODE02PLACASECAMISETASILENTPOIT SILENT POIT COLETE A PROVA DE BALA"
"TRASCEPTOR MOVEL DE VHF/FM, C/ KIT SUPORTE, CABOS E MICROF. TRASCEPTORMOVELDEVHF__FM C__KITSUPORTE CABOSEMICROF_MOTOROLA MOTOROLA GM-300"
"IMPRESSORA JATO DE TINTA COLORIDA, BANDEJA C/ CAP. 100 FOLHA IMPRESSORAJATODETINTACOLORIDA BANDEJAC__CAP_100FOLHAHP HP "
"IMPRESSORA JATO DE TINTA COLORIDA, BANDEJA C/CAP.DE 100FOLHA IMPRESSORAJATODETINTACOLORIDA BANDEJAC__CAP_DE100FOLHAHP HP 870CXI"
"MICROCOMPUTADOR PENTIUM, MMX DE 233MHZ, RAM DE 64MB. MICROCOMPUTADORPENTIUM MMXDE233MHZ RAMDE64MB_ SEM MARCA MICROCOPUTADOR"
"COLETOR COMPLETO, PARA TROCA DE OLEO COLETORCOMPLETO PARATROCADEOLEO SEM MARCA COLETOR DE OLEO"
APARELHO DE AR CONDICIONADO DE 12.000 BTUS APARELHODEARCONDICIONADODE12_000BTUSSPRINGER SPRINGER APARELHO DE AR CONDICIONADO
COM 06 PRATELEIRAS DESMONTAVEIS COM06PRATELEIRASDESMONTAVEIS SEM MARCA ESTANTE
"MESA EM MELAMINIO, C/03 GAVETAS, PES CROMADOS, 1,12X0,70X0,7 MESAEMMELAMINIO C__03GAVETAS PESCROMADOS 1 12X0 70X0 7FERROPLAST FERRO PLAST MESA"
"MESA EM MELAMINIO, C/03 GAVETAS,PES CROMADOS,1,25X0,74X0,70 MESAEMMELAMINIO C__03GAVETAS PESCROMADOS 1 25X0 74X0 70FERROPLAST FERRO PLAST MESA"
"EM MELAMINIO, COM 02 PRAT. E 02 PORTAS EMMELAMINIO COM02PRAT_E02PORTASFERROPLAST FERRO PLAST ARMARIO"
"COM 03 GAVETAS, EM MELAMINIO, MED. 1,50X0,70X0,74CM COM03GAVETAS EMMELAMINIO MED_1 50X0 70X0 74CMFERROPLAST FERRO PLAST MESA"
"EM PALHINHA, COM RODIZIOS, S/BRACOS, GIRATORIA EMPALHINHA COMRODIZIOS S__BRACOS GIRATORIA SEM MARCA CADEIRA"
"35MM, EM ALUMINIO COR CINZA,1,10X1,60 35MM EMALUMINIOCORCINZA 1 10X1 60COLUMBIA COLUMBIA PERSIANA"
"35MM ALUMINIO,COR CINZA,MED. 1,10X1,60M 35MMALUMINIO CORCINZA MED_1 10X1 60MCOLUMBIA COLUMBIA PERSIANA"
"CONJUNTO DE SOFA PARA 03 E 02 LUGARES, EM TECIDO, COR PRETA CONJUNTODESOFAPARA03E02LUGARES EMTECIDO CORPRETA SEM MARCA SOFA"
"EM VIDRO, C/ PES EM MADEIRA. 0,50X0,60X0,40C EMVIDRO C__PESEMMADEIRA_0 50X0 60X0 40C SEM MARCA MESA"
"EM MADEIRA,C/ RODIZIOS, 0,50X0,32X0,37CM EMMADEIRA C__RODIZIOS 0 50X0 32X0 37CM SEM MARCA MESA"
"EM MADEIRA, C/RODIZIOS, 0,50X0,32X0,37CM EMMADEIRA C__RODIZIOS 0 50X0 32X0 37CM SEM MARCA MESA"
ESTACAO REPETIDORA VHF/FM-MULTIPLOS SUB-TONS/DIG. C/ACESS. ESTACAOREPETIDORAVHF__FM-MULTIPLOSSUB-TONS__DIG_C__ACESS_TELEPATCH TELEPATCH 
HUB COM 16 PORTAS HUBCOM16PORTAS TRELLIS XZ840919T
MICRO HUB MICROHUBNETWORTH NET WORTH HUB
"DICIONARIO AURELIO, 2A. EDICAO - A. B. H. DICIONARIOAURELIO 2A_EDICAO-A_B_H_NOVAFRONTEIRA NOVA FRONTEIRA LIVRO"
"CODIGO PENAL E SUA INTERPRETACAO JURISPRUDENCIAL, 03 VOLUMES CODIGOPENALESUAINTERPRETACAOJURISPRUDENCIAL 03VOLUMESEDITORART EDITORA RT LIVRO"
MESA PARA IMPRESSORA MESAPARAIMPRESSORA SEM MARCA MESA
"BINOCULO PARA O DIA, 12 X 50 WIDE ANGLE BINOCULOPARAODIA 12X50WIDEANGLEPRISMATIC PRISMATIC BINOCULO"
"APARELHO TELEFONICO, COM TECLADO APARELHOTELEFONICO COMTECLADOINTELBRAS INTELBRAS PREMIUM"
"AQPARELHO DE AR CONDICIONADO DE 30.000 BTUS, 220VOLTS AQPARELHODEARCONDICIONADODE30_000BTUS 220VOLTSSPRINGER SPRINGER MUNDIAL"
"APARELHO TELEFONICO, COM TECLADO, COR BEGE APARELHOTELEFONICO COMTECLADO CORBEGEMATEC MATEC DBABM-117004/008"
"APARELHO TELEFONICO, COM TECLADO, COR BEGE. APARELHOTELEFONICO COMTECLADO CORBEGE_MATEC MATEC DBABM-117004/008"
"APARELHO TELEFONICO, COM TECLADO,  APARELHOTELEFONICO COMTECLADO  SIEMENS "
FORNO MICROONDAS FORNOMICROONDASSAMSUNG SAMSUNG MW3720W
"MICROCOMPUTADOR PENTIUM III, 450MHZ, C/ WINDOWS 98 INSTALADO MICROCOMPUTADORPENTIUMIII 450MHZ C__WINDOWS98INSTALADOBLASTER HP HP "
"IMPRESSORA JATO DE TINTA, 300/300DPI COLOR, VELOC. ATE 09PPM IMPRESSORAJATODETINTA 300__300DPICOLOR VELOC_ATE09PPMHEWELETTPACKARD HEWELETT PACKARD, HP DESKJET 895CXI"
IMPRESSORA IMPRESSORAHEWELETTPACKARD HEWELETT PACKARD 
"IMPRESSORA JATO DE TINTA, 300/300DPI COLOR, VELOC. ATE 09PPM IMPRESSORAJATODETINTA 300__300DPICOLOR VELOC_ATE09PPMHEWELETTPACKARD HEWELETT PACKARD 895CXI"
"DETECTOR DE METAIS PORTATIL, COR PRETA DETECTORDEMETAISPORTATIL CORPRETABRAPENTA BRAPENTA DMX"
"APARELHO BINA, COM PREFIXO 223 APARELHOBINA COMPREFIXO223SOL SOL BINA"
MONITOR DE VIDEO PARA COMPUTADOR MONITORDEVIDEOPARACOMPUTADORLG LG SVGA CL 14 SW
"MAQUINA DE LAVAR PECAS (ARMAMENTO), MONOFASICA MAQUINADELAVARPECAS_ARMAMENTO_ MONOFASICAKITA KITA MK 4500"
"COMPRESSOR WT 2,6, MONOFASICO COMPRESSORWT2 6 MONOFASICO SEM MARCA 1/2CV 2P60HZ"
"EM MELAMINIO, COR CINZA, MED. 1,,50X0,80X0,38 EMMELAMINIO CORCINZA MED_1  50X0 80X0 38MULTIFORM MULTIFORM ECO-12"
"CADEIRA EM PALHINHA, FIXA, SEM BRACOS, PES PRETOS CADEIRAEMPALHINHA FIXA SEMBRACOS PESPRETOSCADERODE CADERODE P-200"
"EM MELAMINIO, NA COR CINZA, COM BORDAS EM PVC LARGA EMMELAMINIO NACORCINZA COMBORDASEMPVCLARGAMULTIFORM MULTIFORM MT-01"
"EM MELAMINIO, COR CINZA, COM BORDAS EM PVC LARGA EMMELAMINIO CORCINZA COMBORDASEMPVCLARGAMULTIFORM MULTIFORM "
"EM MELAMINIO, COR CINZA, COM BORDAS EM PVC LARGA EMMELAMINIO CORCINZA COMBORDASEMPVCLARGAMULTIFORM MULTIFORM MT-01"
"EM MELAMINIO, NA COR CINZA, COM BORDAS EM PVC LARGA EMMELAMINIO NACORCINZA COMBORDASEMPVCLARGAMULTIFORM MULTIFORM MT-104"
"EM MELAMINIO, COR CINZA, COM BORDAS EM PVC LARGA EMMELAMINIO CORCINZA COMBORDASEMPVCLARGAMULTIFORM MULTIFORM MT-104"
GRAVADOR DE FITA CASSETE GRAVADORDEFITACASSETEMARANTZ MARANTZ PMD201
"MESA MED. 1,20X0,70X074, BORDAS EM PVC LARGA, COM 03 GAVETAS MESAMED_1 20X0 70X074 BORDASEMPVCLARGA COM03GAVETASSANTATEREZA SANTA TEREZA MESA"
"MESA MED. 1,20X0,70X0,74, BORDAS EM PVC LARGAS, COM 03 GAVET MESAMED_1 20X0 70X0 74 BORDASEMPVCLARGAS COM03GAVETSANTATEREZA SANTA TEREZA MESA"
"MESA MED. 1,20X0,70X0,74, BORDAS EM PVC LARGA, COM 03 GAVETA MESAMED_1 20X0 70X0 74 BORDASEMPVCLARGA COM03GAVETASANTATEREZA SANTA TEREZA MESA"
"ELETRONICA, COM 12 DIGITOS, VISOR E BOBINA ELETRONICA COM12DIGITOS VISOREBOBINAOLIVETTI OLIVETTI SUMMA 13"
"ELETRONICA, COM 12 DIGITOS, COM VISOR E BOBINA ELETRONICA COM12DIGITOS COMVISOREBOBINAOLIVETTI OLIVETTI SUMMA 13"
ARQUIVO COM 2 GAVETAS NA PARTE SUPERIOE E 01 GAV. P PASTA SU ARQUIVOCOM2GAVETASNAPARTESUPERIOEE01GAV_PPASTASUBORTOLINI BORTOLINI ARQUIVO MISTO
"CADEIRA ESTOFADA, EM TECIDO NA COR PRETA, GIRATORIA, C/RODIZ CADEIRAESTOFADA EMTECIDONACORPRETA GIRATORIA C__RODIZNEOPLAST NEOPLAST 409"
"EM MELAMINIO NA COR CINZA, TECLADO REBAIXADO, BORDAS EM PVC EMMELAMINIONACORCINZA TECLADOREBAIXADO BORDASEMPVCMULTIFORM MULTIFORM MT-104"
NO BREAK DE 600 VA NOBREAKDE600VASMS SMS SM 600 S
NO BREAK DE 600 VA NOBREAKDE600VASMS SMS SM
NO BREAK DE 600VA NOBREAKDE600VASMS SMS SM 600 S
NO BREAK DE 600 VA NOBREAKDE600VASMS SMS 600 S
NO BREAK DE 600 VA NOBREAKDE600VASMS SMS MANAGER II
"FONTE DE ALIMENTACAO PARA RADIO VHF, TENSAO 110/220 FONTEDEALIMENTACAOPARARADIOVHF TENSAO110__220JBPSTELEXTRONICA JBPS TELEXTRONICA GF 320"
"TELEFONE PORTATIL, CELULAR, P/ SATELITE (PARTE DO IRIDIUM) TELEFONEPORTATIL CELULAR P__SATELITE_PARTEDOIRIDIUM_MOTOROLA MOTOROLA "
CARREGADOR SOLAR (PARTE DO IRIDIUM) CARREGADORSOLAR_PARTEDOIRIDIUM_MOTOROLA MOTOROLA 
"CAMARA FOTOGRAFICA, COM OBJETIVAS DE 50MM, 100MM E 200M CAMARAFOTOGRAFICA COMOBJETIVASDE50MM 100MME200MNIKON NIKON F-601"
"CAMARA FILMADORA, COM FILMAGEM SEM PONTO DE LUZ, DIGITAL 8 CAMARAFILMADORA COMFILMAGEMSEMPONTODELUZ DIGITAL8SONY SONY TRV 110"
"JATO DE TINTA, VELOCIDADE DE IMPRESSAO DE ATE 9 PPM JATODETINTA VELOCIDADEDEIMPRESSAODEATE9PPMHEWLETTPACKARD HEWLETT PACKARD HP-895 C"
"IMPRESSORA, VELOCIDADE DE IMPRESSAO DE ATE 9 PPM IMPRESSORA VELOCIDADEDEIMPRESSAODEATE9PPMHEWLETTPACKARD HEWLETT PACKARD "
"IMPRESSORA JATO DE TINTA, VELOCIDADE DE IMPRESSAO DE ATE 9 PPM IMPRESSORAJATODETINTA VELOCIDADEDEIMPRESSAODEATE9PPMHEWLETTPACKARD HEWLETT PACKARD, HP 895CXI"
"IMPRESSORA JATO DE TINTA, VELOCIDADE DE IMPRESSAO DE ATE 9 PPM IMPRESSORAJATODETINTA VELOCIDADEDEIMPRESSAODEATE9PPMHEWLETTPACKARD HEWLETT PACKARD "
"MESA P/ ESCRITORIO, COM GAVETEIRO CRITEX, MED. 0,75X1,20X0,7 MESAP__ESCRITORIO COMGAVETEIROCRITEX MED_0 75X1 20X0 7 SEM MARCA SOLO"
MESA PARA IMPRESSORA MESAPARAIMPRESSORA SEM MARCA 
"APARELHO DE AR CONDICIONADO DE 7.500 BTUS, 110V APARELHODEARCONDICIONADODE7_500BTUS 110VSPRINGERCARRIER SPRINGER CARRIER AR CONDICIONADO"
"ESTANTE, COM 02 PORTAS DE VIDRO, REVETIDA EM MELAMINIO LAMIN ESTANTE COM02PORTASDEVIDRO REVETIDAEMMELAMINIOLAMINMARELLI MARELLI PFL-80"
"EM MELAMINIO, BORDAS EM PVC LARGA, COR PRETA,ESTRUTURA EM AC EMMELAMINIO BORDASEMPVCLARGA CORPRETA ESTRUTURAEMACCADERODE CADERODE 1587"
"PENTIUM III, PROCESSADOR DE 450 MHZ, COM MONITOR 14 POLEGADA PENTIUMIII PROCESSADORDE450MHZ COMMONITOR14POLEGADAITAUTEC ITAUTEC INFOWAY"
"PENTIUM III, PROCESSADOR DE 450 MHZ,  PENTIUMIII PROCESSADORDE450MHZ MTEC MTEC "
"COM 03 GAVETAS,EM MELAMINIO, MED.1,25X68X74. COM03GAVETAS EMMELAMINIO MED_1 25X68X74_MULTIFORM MULTIFORM MESA"
"CADEIRA ESTOFADA EM TECIDO AZUL,GIRATORIA SEM BRACOS. CADEIRAESTOFADAEMTECIDOAZUL GIRATORIASEMBRACOS_NEOPLAST NEOPLAST 409"
MEGAFONE PORTATIL MEGAFONEPORTATILDELTA1891 DELTA 1891 
MICROFONE DE MAO/ALTO FALANTE REMOTO MICROFONEDEMAO__ALTOFALANTEREMOTO SEM MARCA HMN-6127
SIRENE ELETRONICA SIRENEELETRONICARONTAN RONTAN RT-25C 12V
"GRAVADOR TIPO DE MESA, SAIDA P/FONE, ENT.P/MICROFONE EXT. GRAVADORTIPODEMESA SAIDAP__FONE ENT_P__MICROFONEEXT_JIATE__CSR JIATE/CSR WG-223"
"APARELHO TELEFONICO CELULAR, C/ SAIDA P/ FONE DE OUVIDO APARELHOTELEFONICOCELULAR C__SAIDAP__FONEDEOUVIDONOKIA NOKIA 8260"
"APARELHO TELEFONICO CELULAR,C/ PROGRAMA$AO P/ ATEND. AUTOMAT APARELHOTELEFONICOCELULAR C__PROGRAMA AOP__ATEND_AUTOMATNOKIA NOKIA 6120"
"RADIO AM/FM,ESTEREO-DUPLO DECK RADIOAM__FM ESTEREO-DUPLODECKTOSHIBA TOSHIBA RG-8239"
"FONTE DE ALIMENTA$@O CHAVEADA, 110/220V,SAIDA 12VDC FONTEDEALIMENTA  OCHAVEADA 110__220V SAIDA12VDCJBPS-TELEXTRONICA JBPS-TELEXTRONICA GS320"
"GRAVADOR DE SOM, TIPO DE MESA GRAVADORDESOM TIPODEMESAJIATE JIATE "
"GRAVADOR DE SOM, TIPO DE MESA GRAVADORDESOM TIPODEMESAPANASONIC PANASONIC RQ-2102"
"GRAVADOR DE SOM, TIPO DE MESA GRAVADORDESOM TIPODEMESAJIATE JIATE RQ-2102"
"FONE DE OUVIDO, DIGITAL, TIPO PROFISSIONAL FONEDEOUVIDO DIGITAL TIPOPROFISSIONALPANASONIC PANASONIC FONE DE OUVIDO"
"CARREGADOR DE BATERIA, COM CARGA LENTA E RAPIDA, C/ ROLDANAS CARREGADORDEBATERIA COMCARGALENTAERAPIDA C__ROLDANASKITA KITA CM-524"
"IMPRESSORA MATRICIAL, 132 COLUNAS IMPRESSORAMATRICIAL 132COLUNASEPSON EPSON LQ-2180"
"CILINDRO DE OXIGENIO, TIPO G, CAPCACIDADE DE 1M3, COMPLETO CILINDRODEOXIGENIO TIPOG CAPCACIDADEDE1M3 COMPLETOWHITEMARTINS WHITE MARTINS TIPO G"
FRIGOBAR GELADEIRATIPOFRIGOBAR 110__220VCONSUL CONSUL FRIGOBAR
"APARELHO DE TELEVISAO DE 14 POL., A CORES, C/ CONTROLE REMOT APARELHODETELEVISAODE14POL_ ACORES C__CONTROLEREMOTPHILCO PHILCO PCM-1451"
ESTABILIZADOR DE TENSAO SMS ESTABILIZADORDETENSAOSMS SMS PROGRESSIVE
ESTABILIZADOR DE TENSAO DE 03 KVA. ESTABILIZADORDETENSAODE03KVA_SMS SMS ESTABILIZADOR
"MESA EM MELAMINIO COR CINZA, 03 GAVETAS, BORDAS EM PVC LARGA MESAEMMELAMINIOCORCINZA 03GAVETAS BORDASEMPVCLARGAMULTFORM MULTFORM MESA"
"CADEIRA ESTOFADA, EM TECIDO CINZA, GIRATORIA, S/BRAºO CADEIRAESTOFADA EMTECIDOCINZA GIRATORIA S__BRAONEOPLAST NEOPLAST 409"
"CADEIRA EM PALHINHA, COM BRACOS, GIRATORIA, ESPALDAR ALTO. CADEIRAEMPALHINHA COMBRACOS GIRATORIA ESPALDARALTO_CADERODE CADERODE PG-551"
"ARMARIO EM MELAMINIO COR CINZA, MED. 1,59X44X90. ARMARIOEMMELAMINIOCORCINZA MED_1 59X44X90_MULTFORM MULTFORM ECO-12"
"MESA PARA MICRO EM MELAMINIO COR CINZA, MED. 1,40X68X74 MESAPARAMICROEMMELAMINIOCORCINZA MED_1 40X68X74MULTFORM MULTFORM MESA PARA MICRO"
"MESA PARA IMPRESSORA EM MELAMINIO COR CINZA, MED 0,60X40X74 MESAPARAIMPRESSORAEMMELAMINIOCORCINZA MED0 60X40X74MULTFORM MULTFORM MI-01"
"COLETANEA ADM. PUBLICA, LEI 8.112/90, 2A. EDICAO COLETANEAADM_PUBLICA LEI8_112__90 2A_EDICAOPAULODEMATOSFERREIRADINIZ PAULO DE MATOS FERREIRA DINIZ LIVRO"
"CONSTITIUICAO VISTA PELO STF, 2A. EDICAO 2000  O CONSTITIUICAOVISTAPELOSTF 2A_EDICAO2000OOSORIOS_BARBOSASOBRINHO OSORIO S. BARBOSA SOBRINHO LIVRO"
DICIONARIO DA LINGUA PORTUGUESA DICIONARIODALINGUAPORTUGUESAAURELIO AURELIO LIVRO
"IMPRESSORA JATO DE TINTA, RESOLUCAO PRETO 600X600 DPI IMPRESSORAJATODETINTA RESOLUCAOPRETO600X600DPIHP HP "
"IMPRESSORA JATO DE TINTA, RESOLUCAO PRETO 600X600 DPI IMPRESSORAJATODETINTA RESOLUCAOPRETO600X600DPIHP HP 970CXI"
EM MELAMINIO COM 02 GAVETAS NA PARTE SUP. 01 P/PASTA SUSP. EMMELAMINIOCOM02GAVETASNAPARTESUP_01P__PASTASUSP_MARELLI MARELLI ARQUIVO
EM  MELAMINIO C/02 GAVETAS NA PARTE SUP. E 01 P/PASTA SUSP. EMMELAMINIOC__02GAVETASNAPARTESUP_E01P__PASTASUSP_MARELLI MARELLI ARQUIVO
"APARELHO DE FAC-SIMILE, COM SECRETARIA ELETRONICA APARELHODEFAC-SIMILE COMSECRETARIAELETRONICAXEROX XEROX WORKCENTRE"
FREEZER HORIZONTAL DE 280 LITROS FREEZERHORIZONTALDE280LITROSELECTROLUX ELECTROLUX FREEZER
APARELHO DE AR CONDICIONADO DE 12000BTUS APARELHODEARCONDICIONADODE12000BTUSSPRINGER SPRINGER AR-CONDICIONADO
APARELHO DE AR CONDICIONADO DE 18000BTUS APARELHODEARCONDICIONADODE18000BTUSSPRINGER SPRINGER AR-CONDICIONADO
FRIGOBAR FRIGOBARP__ESCRITORIO COMCHAVEELECTROLUX ELECTROLUX FRIGOBAR
"APARELHO DE TV, 14 POLEGADAS COLORIDA, C/CONTROLE REMOTO APARELHODETV 14POLEGADASCOLORIDA C__CONTROLEREMOTOPHILIPS PHILIPS TELEVISOR"
FRIGOBAR FRIGOBARP__ESCRITORIO CORBRANCAELECTROLUX ELECTROLUX FRIGOBAR
"PADRAO PC, 500MHZ, COM 64MB DE MEMORIA RAM, MON. 14 POLEG. PADRAOPC 500MHZ COM64MBDEMEMORIARAM MON_14POLEG_LEADERTECH LEADER TECH PENTIUM III"
"IDENTIFICADOR DE CHAMADAS, COM FONTE DE ALIMENTACAO IDENTIFICADORDECHAMADAS COMFONTEDEALIMENTACAOCALLERID CALLER ID BINA"
"ESTANTE C/02 PORTAS DE VIDRO, ACABAMENTO EM VERNIZ POLIURETA ESTANTEC__02PORTASDEVIDRO ACABAMENTOEMVERNIZPOLIURETAMARELLI MARELLI ARMARIO"
"ESTANTE C/02 PORTAS DE VIDRO, ACABAMENTO VERNIZ POLIURETANO ESTANTEC__02PORTASDEVIDRO ACABAMENTOVERNIZPOLIURETANOMARELLI MARELLI ARMARIO"
BOTIJA COM CAPACIDADE DE 13KG DE GAS BOTIJACOMCAPACIDADEDE13KGDEGASAMAZONGAS AMAZONGAS BOTIJA
BOTIJA COM CAPACIDADE PARA 13KG DE GAS BOTIJACOMCAPACIDADEPARA13KGDEGASAMAZONGAS AMAZONGAS BOTIJA
TRITURADOR DE PAPEL TRITURADORDEPAPELMENNO MENNO TRITURADOR
"CIRCUITO FECHADO DE TV, COM ACESSORIOS CIRCUITOFECHADODETV COMACESSORIOSTOP_WAY TOP_WAY CIRCUITO FECHADO"
FIAT PALIO MODELO2000 AGASOLINA CORVERMELHOALPINEFIAT FIAT PALIO
"SWITCH (HUB SWITCH) COM 24 PORTAS, FAST ETHERNET SWITCH_HUBSWITCH_COM24PORTAS FASTETHERNETDELINK DELINK HUB"
"IMPRESSORA , VELOCIDADE DE IMPRESSAO 12PPM IMPRESSORA VELOCIDADEDEIMPRESSAO12PPMHP HP "
"IMPRESSORA JATO DE TINTA, VELOCIDADE DE IMPRESSAO 12PPM IMPRESSORAJATODETINTA VELOCIDADEDEIMPRESSAO12PPMHP HP 970CXI"
"GRUPO GERADOR, MOTOR A DIESEL, COM QUADRO DE COMANDO MANUAL GRUPOGERADOR MOTORADIESEL COMQUADRODECOMANDOMANUALAGRALE AGRALE M790"
"GRUPO GERADOR, DE 122115KVA, MOTOR MWM TD 229-EC6 GRUPOGERADOR DE122115KVA MOTORMWMTD229-EC6STEMAC STEMAC TD 229-EC6"
APARELHO DE FAC-SIMILE APARELHODEFAC-SIMILETCE TCE F-230
"COFRE DE ACO, TAMANHO MEDIO, COM SECREDO COFREDEACO TAMANHOMEDIO COMSECREDOMETALBRAS METALBRAS COFRE"
FRIGOBAR GELADEIRATIPOFRIGOBAR 130LITROS CORBRANCA CONSUL CONSUL FRIGOBAR
"MESA COM TRES GAVETAS, EM LAMINADO NA COR MARFIM, COM CHAVES MESACOMTRESGAVETAS EMLAMINADONACORMARFIM COMCHAVESMEBELFLEX MEBELFLEX MESA PARA FUNCIONARIO"
FRIGOBAR GELADEIRATIPOFRIGOBAR 130LITROS CORBRANCA 110__220VELETROLUX ELETROLUX R130
"PADRAO PC PENTIUM III,500MHZ,COM 64MB DE MEM.RAM. PADRAOPCPENTIUMIII 500MHZ COM64MBDEMEM_RAM_LEADER_ LEADER. MICROCOMPUTADOR"
MICROCOMPUTADOR CPU DESKTOP MICROCOMPUTADORCPUDESKTOPHP HP MICROCOMPUTADOR
COM 02 PORTAS DE VIDRO FUME NA PARTE SUPERIOR. COM02PORTASDEVIDROFUMENAPARTESUPERIOR_FERROPLAST FERROPLAST ARMARIO TIPO ESTANTE
"CADEIRA DE CHEFIA, GIRATORIA COM BRACO,BASE COM RODIZIO. CADEIRADECHEFIA GIRATORIACOMBRACO BASECOMRODIZIO_CADERODE CADERODE 700"
"CADEIRA PARA FUNCIONARIO, GIRATORIA COM BRACOS, COR AZUL. CADEIRAPARAFUNCIONARIO GIRATORIACOMBRACOS CORAZUL_CADERODE CADERODE 701-R"
"CADEIRA PARA INTERLOCUTOR,FIXA, SEM BRACOS, EM TECIDO COR AZ CADEIRAPARAINTERLOCUTOR FIXA SEMBRACOS EMTECIDOCORAZCADERODE CADERODE 711"
"MESA DE CENTRO, EM LAMINADO NA COR MARFIM,TUBO EM ACO,PRETA MESADECENTRO EMLAMINADONACORMARFIM TUBOEMACO PRETADALPRA DALPRA 1000"
"MESA COM 03 GAVETAS. EM LAMINADO,COR MARFIM,MED.1,50X0,68X74 MESACOM03GAVETAS_EMLAMINADO CORMARFIM MED_1 50X0 68X74DALPRA DALPRA 1500"
"MESA EM L, EM LAMINADO NA COR MARFIM,EST.EM ACO TUBULAR. MESAEML EMLAMINADONACORMARFIM EST_EMACOTUBULAR_DALPRA DALPRA MESA EM L."
"ARMARIO TIPO ESTANTE, COM DUAS PORTAS DE VIDRO NA PARTE SUPE ARMARIOTIPOESTANTE COMDUASPORTASDEVIDRONAPARTESUPEMARELLI MARELLI TP-180."
"ARQUIVO EM MELAMINIO,COM RODIZIO,02 GAVETAS NA PARTES SUPERI ARQUIVOEMMELAMINIO COMRODIZIO 02GAVETASNAPARTESSUPERIWORHFLEX WORHFLEX ARQUIVO PASTA SUSPENSA"
"MESA PARA REUNIAO,OVAL COM 06 CADEIRAS,LAMINADO EM PAU MARFI MESAPARAREUNIAO OVALCOM06CADEIRAS LAMINADOEMPAUMARFIFERROPLAST FERROPLAST STD 606"
"MESA P/COMPUTADOR,COM TECLADO RETRATIL,LAMINADO EM PAU MARFI MESAP__COMPUTADOR COMTECLADORETRATIL LAMINADOEMPAUMARFIFERROPLAST FERROPLAST STD 602"
"CADEIRA P/ FUNC.C/BRACO C/RODIZIO,GIRATORIO,EM TECIDO AZUL. CADEIRAP__FUNC_C__BRACOC__RODIZIO GIRATORIO EMTECIDOAZUL_NEOPLAST NEOPLAST 520"
"CADEIRA P/INTERLOCUTOR,S/BRACO, FIXA,ESTOF. COR AZUL. CADEIRAP__INTERLOCUTOR S__BRACO FIXA ESTOF_CORAZUL_NEOPLAST NEOPLAST 541"
"MESA C/ 03 GAVETAS. LAMINADO, EM PAU MARFIM. MESAC__03GAVETAS_LAMINADO EMPAUMARFIM_FERROPLAST FERROPLAST STD 603"
"11,40M2 DE PERSIANA VERTICAL, EM TECIDO NA COR BEGE MESCLADO 11 40M2DEPERSIANAVERTICAL EMTECIDONACORBEGEMESCLADOLIDERFLEX LIDERFLEX PERSIANA"
"CADEIRA P/ FUNCIONARIO,GIRATORIA,C/ BRACOS,ESTOF.TECIDO AZUL CADEIRAP__FUNCIONARIO GIRATORIA C__BRACOS ESTOF_TECIDOAZULNEOPLAST NEOPLAST CADEIRA DE ESCRITORIO"
"NOTEBOOK C/PROCESSADOR PENTIUM III,650MHZ. NOTEBOOKC__PROCESSADORPENTIUMIII 650MHZ_ SEM MARCA NOTEBOOK"
"ARMARIO TP. ESTANTE C/ 02 PORTAS DE VIDRO,PARTE SUP. ARMARIOTP_ESTANTEC__02PORTASDEVIDRO PARTESUP_FERROPLAST_ FERROPLAST. STD 614"
"CADEIRA GIRATORIA COM BRACO,C/ RODIZIO,ESTOF.EM TEC. COR AZU CADEIRAGIRATORIACOMBRACO C__RODIZIO ESTOF_EMTEC_CORAZUCADERODE_ CADERODE. 700"
"CADEIRA P/ INTERLOCUTOR,FIXA,ESTOF.TECIDO COR AZUL. CADEIRAP__INTERLOCUTOR FIXA ESTOF_TECIDOCORAZUL_CADERODE_ CADERODE. 711"
"MESA C/ 03 GAVETAS, EM LAMINADO,NA COR MARFIM,C/ CHAVES. MESAC__03GAVETAS EMLAMINADO NACORMARFIM C__CHAVES_DALPRA_ DALPRA. 1500"
"SOFA DE 02 LUGARES,COM ESTOFADO EM TECIDO, COR AZUL. SOFADE02LUGARES COMESTOFADOEMTECIDO CORAZUL_JAPUI_ JAPUI. 1300L"
"SOFA DE 03 LUGARES,COM ESTOFADO EM TECIDO, COR AZUL. SOFADE03LUGARES COMESTOFADOEMTECIDO CORAZUL_JAPUI_ JAPUI. 1300L"
"APARELHO DE TV, 20 POL., COLORIDA, C/ CONTROLE E ENT. P/AUDI APARELHODETV 20POL_ COLORIDA C__CONTROLEEENT_P__AUDISEMP SEMP TELEVISAO"
"APARELHO DE TV, 14 PO., COLORIDA, C/ CONTROLE, C/ ENT. AUDIO APARELHODETV 14PO_ COLORIDA C__CONTROLE C__ENT_AUDIOSEMP SEMP TELEVISAO"
"ARMARIO TIPO ESTANTE, C/ 02 PORTAS DE VIDRO NA PARTE SUPERIO ARMARIOTIPOESTANTE C__02PORTASDEVIDRONAPARTESUPERIOFERROPLAST FERROPLAST STA-614"
"CADEIRA P/ INTERLOCUTOR, FIXA, S/ BRACOS, TECIDO NA COR AZUL CADEIRAP__INTERLOCUTOR FIXA S__BRACOS TECIDONACORAZULCADERODE CADERODE 711"
"PRENSA DE MESA, EM FERRO FUNDIDO, TIPO SELO SECO, C/ ALAVANC PRENSADEMESA EMFERROFUNDIDO TIPOSELOSECO C__ALAVANC SEM MARCA SELO SECO"
GM - CHEVROLET BLAZER MOD2000 DIESEL AZULDARSENA DLX2_84X4CHEVROLET GM - CHEVROLET BLAZER
COLETE BALISTICO TAMANHO MEDIO COLETEBALISTICOTAMANHOMEDIOTAURUS TAURUS III A
MALETA COMPLETA PARA LEVANTAMENTO DE IMPRESSOES DIGITAIS MALETACOMPLETAPARALEVANTAMENTODEIMPRESSOESDIGITAIS SEM MARCA SLP900
KIT DE VAPORIZACAO P/ REVL. DE IMPRES. PAPILARES EM LABORAT. KITDEVAPORIZACAOP__REVL_DEIMPRES_PAPILARESEMLABORAT_SIRCHIE SIRCHIE 213C
"BOMBA TIPO MERGULHAO, COM SAIDA DE 3/4 BOMBATIPOMERGULHAO COMSAIDADE3__4ANAUGER ANAUGER BOMBA DAGUA"
"QUADRO DE AVISOS EM MADEIRA, C/REVEST. EM FELTRO, 1,00X0,80 QUADRODEAVISOSEMMADEIRA C__REVEST_EMFELTRO 1 00X0 80SOUZA SOUZA QUADRO DE AVISOS"
PERFURADORA MANUAL PARA ASPIRAIS PERFURADORAMANUALPARAASPIRAISKRAUSE KRAUSE ENCADERNADORA
"ESCADA DE ALUMINIO, COM 06 DEGRAUS ESCADADEALUMINIO COM06DEGRAUSPLASMATIC PLASMATIC ESCADA"
"TELEVISOR COLORIDO DE 20 POLEGADAS, COM CONTROLE REMOTO TELEVISORCOLORIDODE20POLEGADAS COMCONTROLEREMOTOPHILCO PHILCO TELEVISOR"
"APARELHO TELEFONICO CELULAR, C/ ENTRADA PARA FONE DE OUVIDO APARELHOTELEFONICOCELULAR C__ENTRADAPARAFONEDEOUVIDONOKIA NOKIA 6120"
"GRAVADOR TAMANHO PEQUENO, COM ACIONAMENTO DE VOZ GRAVADORTAMANHOPEQUENO COMACIONAMENTODEVOZPANASONIC PANASONIC RQL-30"
"ARMARIO EMBUTIDO, EM MADEIRA DE LEI, C/PORTAS DE CORRER,2GAV ARMARIOEMBUTIDO EMMADEIRADELEI C__PORTASDECORRER 2GAV SEM MARCA ARMARIO"
"BANCADA C/PRATELEIRAS ACOPLADAS, EM MADEIRA DE LEI,MED. 7,18 BANCADAC__PRATELEIRASACOPLADAS EMMADEIRADELEI MED_7 18 SEM MARCA BANCADA"
"ARMARIO EMBUTIDO EM MADEIRA DE LEI, C/PORTAS DE CORRER, 2 GA ARMARIOEMBUTIDOEMMADEIRADELEI C__PORTASDECORRER 2GA SEM MARCA ARMARIO"
"BANCADA C/ GAVETAS E PRATELEIRAS ACOPLADAS, EM MADEIRA DE LE BANCADAC__GAVETASEPRATELEIRASACOPLADAS EMMADEIRADELE SEM MARCA BANCADA"
"ARMARIO EM MADEIRA DE LEI, 03 PORTAS, GAVETAS EMBUTIDAS ARMARIOEMMADEIRADELEI 03PORTAS GAVETASEMBUTIDAS SEM MARCA ARMARIO"
ROTEADOR COM 1 PORTA ETERNET E 2 PORTAS SINCRONAS AE 1001007 ROTEADORCOM1PORTAETERNETE2PORTASSINCRONASAE1001007BAYSTACKAN BAY STACK AN ROTEADOR
"TRITURADOR DE PAPEL COMPACT, 120V 60HZ TRITURADORDEPAPELCOMPACT 120V60HZDAHLE DAHLE SHEREDDER CS 200 POWER SOURCE"
FIAT PALIO MOD_2000 GASOLINA BRANCOBANCHISA HATCH 4PORTASFIAT FIAT PALIO
"PERSIANA VERTICAL EM TECIDO, COR BEGE MESCLA, MED.1,20X1,70C PERSIANAVERTICALEMTECIDO CORBEGEMESCLA MED_1 20X1 70CLIDERFLEX LIDERFLEX PERSIANA"
"PERSIANA VERTICAL EM TECIDO, COR BEGE MESCLA, MED.1,20X1,60C PERSIANAVERTICALEMTECIDO CORBEGEMESCLA MED_1 20X1 60CLIDERFLEX LIDERFLEX PERSIANA"
"PERSIANA VERTICAL EM PVC, COR BEGE , MED.1,40X1,40CM PERSIANAVERTICALEMPVC CORBEGE MED_1 40X1 40CMLIDERFLEX LIDERFLEX PERSIANA"
"PERSIANA VERTICAL EM TECIDO, COR BEGE MESCLA, MED.2,70X1,90C PERSIANAVERTICALEMTECIDO CORBEGEMESCLA MED_2 70X1 90CLIDERFLEX LIDERFLEX PERSIANA"
"PERSIANA VERTICAL EM TECIDO, COR BEGE MESCLA, MED.2,20X1,70C PERSIANAVERTICALEMTECIDO CORBEGEMESCLA MED_2 20X1 70CLIDERFLEX LIDERFLEX PERSIANA"
SWITCH 10/100 ETHERNET COM 24 PORTAS SWITCH10__100ETHERNETCOM24PORTAS SEM MARCA SWITCH
TRITURADOR DE PAPEL TRITURADORDEPAPELCLONE CLONE PS1
APARELHO TELEFONICO CELULAR NOKIA APARELHOTELEFONICOCELULARNOKIA NOKIA CELULAR MOVEL
"AP. TELEF. CELULAR MOVEL,  AP_TELEF_CELULARMOVEL NOKIA NOKIA CELULAR MOVEL"
"APARELHO DE AR CONDICIONADO DE 18.000 BTUS, 220V APARELHODEARCONDICIONADODE18_000BTUS 220VSPRINGER SPRINGER AR CONDICIONADO"
GM - CHEVROLET BLAZER MOD_2000 GASOLINA BRANCO 4_3LSCPI 4PORTASCHEVROLET GM - CHEVROLET BLAZER
"TELEVISOR DE 29 POLEGADAS, COLORIDO, COM CONTROLE REMOTO TELEVISORDE29POLEGADAS COLORIDO COMCONTROLEREMOTOTOSHIBA TOSHIBA APARELHO DE TV"
"APARELHO DE VIDEO CASSETE, 05 CABECAS APARELHODEVIDEOCASSETE 05CABECASSEMP SEMP VIDEO CASSETE"
GM - CHEVROLET BLAZER MOD2000 MOTORAGASOLINA BRANCA 4_3LSCPI O4PORTASCHEVROLET GM - CHEVROLET BLAZER
"BOTIJA DE GAS, COM CAPACIDADE DE 13KG DE CARGA BOTIJADEGAS COMCAPACIDADEDE13KGDECARGA SEM MARCA BOTIJA"
"COM TECLADO RETRATIL, EM LAMINADO DE ALTA COMPAC., PAU MARFI COMTECLADORETRATIL EMLAMINADODEALTACOMPAC_ PAUMARFIFERROPLAST FERRO PLAST STD-602"
"NOVO DICIONARIO DA LINGUA PORTUGUESA, GRANDE NOVODICIONARIODALINGUAPORTUGUESA GRANDEAURELIO AURELIO LIVRO"
"PROJETOR DE LDC MULTIMIDIA, ACOPLAVEL A COMPUTADORES,C/CONTR PROJETORDELDCMULTIMIDIA ACOPLAVELACOMPUTADORES C__CONTRLIGHTWARE LIGHTWARE DATASHOW"
"FAC-SIMILE, C/ CORTADOR DE PAPEL AUTOMATICO FAC-SIMILE C__CORTADORDEPAPELAUTOMATICOBROTHER BROTHER FAX-275"
APARELHO DE AR CONDICIONADO DE 10.500 BTUS APARELHODEARCONDICIONADODE10_500BTUSSPRINGER SPRINGER CARRIER
APARELHO DE AR CONDICIONADO DE 7.500BTUS APARELHODEARCONDICIONADODE7_500BTUSSPRINGER SPRINGER APARELHO DE AR CONDICIONADO
"TELEVISOR DE 14"",COLORIDA,C/CONTROLE REMOTO TELEVISORDE14_ COLORIDA C__CONTROLEREMOTOPHILIPS PHILIPS 14PT414A"
"TELEVISOR,COLORIDA,C/CONTROLE REMOTO TELEVISOR COLORIDA C__CONTROLEREMOTOPHILIPS PHILIPS "
"RACK,COM PORTA DE ACRILICO COM CHAVE,LAT.19""X12UX570MM. RACK COMPORTADEACRILICOCOMCHAVE LAT_19_X12UX570MM_SM SM ESTANTE"
PATCH PANEL 96 PORTAS PARA RACK. PATCHPANEL96PORTASPARARACK_SM SM PATCH PANEL
VIDEOCASSETE DE 07 CABECAS. VIDEOCASSETEDE07CABECAS_PHILCO PHILCO PVC-HF16CK.
"FAC-SIMILE PARA IMPRESAO EM PAPEL A-4, OFICIO E CARTA. FAC-SIMILEPARAIMPRESAOEMPAPELA-4 OFICIOECARTA_XEROX XEROX FAXCENTER 155-S"
"FAC-SIMILE PARA IMPRESAO EM PAPEL A-4, OFICIO E CARTA. FAC-SIMILEPARAIMPRESAOEMPAPELA-4 OFICIOECARTA_XEROX XEROX FC155-S"
REFRIGERADOR REFRIGERADORDOMESTICOCOMCAPACIDADEPARA120L_CONSUL CONSUL FRIGOBAR
REFRIGERADOR DOMESTICO COM CAPACIDADE PARA 120L. REFRIGERADORDOMESTICOCOMCAPACIDADEPARA120L_CONSUL CONSUL FRIGOBAR
APARELHO TELEFONICO COM IDENTIFICADOR DE CHAMADAS. APARELHOTELEFONICOCOMIDENTIFICADORDECHAMADAS_SIEMENS SIEMENS EUROSET E805C
"COFRE DE ACO , TAMANHO MEDIO.. COFREDEACO TAMANHOMEDIO__AOCOFRES AOCOFRES COFRE DE AO"
"BEBEDOURO DE AGUA REFRIGERADO FIXO,ELETRICO,COM DUAS TORNEIR BEBEDOURODEAGUAREFRIGERADOFIXO ELETRICO COMDUASTORNEIRCLIMA CLIMA BEBEDOURO ELETRICO"
"BEBEDOURO DE AGUA REFRIGERADO FIXO,ELETRICO,COM DUAS TORNEIR BEBEDOURODEAGUAREFRIGERADOFIXO ELETRICO COMDUASTORNEIR SEM MARCA BEBEDOURO ELETRICO"
"ESTABILIZADOR DE TENSAO DE 30KVA, P/ REDE LOGICA DE COMPUTAD ESTABILIZADORDETENSAODE30KVA P__REDELOGICADECOMPUTADSMS SMS ESTABILIZADOR"
"COMENTARIOS A LEI DE LICITACOES E CONTRATOS, 8A. EDICAO/2001 COMENTARIOSALEIDELICITACOESECONTRATOS 8A_EDICAO__2001AUTORJUSTENFILHO AUTOR JUSTEN FILHO LIVRO"
"TELEVISOR COLORIDO, 20 POL., COM CONTROLE REMOTO TELEVISORCOLORIDO 20POL_ COMCONTROLEREMOTOPHILCO PHILCO TELEVISAO"
SUPORTE PARA TV DE 14 POLEGADAS SUPORTEPARATVDE14POLEGADASBRASFORMA BRASFORMA SUPORTE
APARELHO DE AR CONDICIONADO DE 18.000BTUS APARELHODEARCONDICIONADODE18_000BTUSSPRINGER SPRINGER AR CONDICIONADO
"CARRO PLANTAFORMA PARA ALMOXARIFADO,CAPACIDADE DE 40KG. CARROPLANTAFORMAPARAALMOXARIFADO CAPACIDADEDE40KG_SATO SATO CARRO TIPO PLATAFORMA"
"MICRO SYSTEM,TOCA FITA E CD,PROGRAMAVES, GRAVES (DBB)90WPMPO MICROSYSTEM TOCAFITAECD PROGRAMAVES GRAVES_DBB_90WPMPOPHILLIPS PHILLIPS TOCA DISCO LASER"
APARELHO DE AR CONDICIONADO DE 30000BTUS. APARELHODEARCONDICIONADODE30000BTUS_SPRINGER SPRINGER AR CONDICIONADO
"MAQUINA FOTOGRAFICA,COM DISQUETE 3,5HD,ZOOM 10X,CRISTAL LIQ. MAQUINAFOTOGRAFICA COMDISQUETE3 5HD ZOOM10X CRISTALLIQ_SONY SONY MAVICA-7D75"
ESTOJO PARA IDENTIFICACAO DE ESTRAGEIROS ESTOJOPARAIDENTIFICACAODEESTRAGEIROSMOVACO MOVACO CXEE
"ALGEMA DE ACO INOXIDAVEL,RESIST.A TRACAO MIN.DE 220KGF ALGEMADEACOINOXIDAVEL RESIST_ATRACAOMIN_DE220KGFGERMAN GERMAN "
COMANDO DE ACIONAMENTO CELULAR CAC COMANDODEACIONAMENTOCELULARCAC SEM MARCA RXCELL
COMANDO DE ACIONAMENTO CELULAR CAR COMANDODEACIONAMENTOCELULARCAR SEM MARCA RX
COMANDO DE ACIONAMENTO CELULAR CAR COMANDODEACIONAMENTOCELULARCAR SEM MARCA TX
"CORTINA TIPO PERSIANA DE TECIDO RESINADO,VERTICAIS DE 90MM. CORTINATIPOPERSIANADETECIDORESINADO VERTICAISDE90MM_LIDERFLEX LIDERFLEX "
"MICROCOMPUTADOR PENTIUM III,866MHZ,HD20GB,MEM.256MB,CDROM52X MICROCOMPUTADORPENTIUMIII 866MHZ HD20GB MEM_256MB CDROM52XAMAZONPC AMAZON PC COMPUTADOR DESKTOP"
"MICROCOMPUTADOR PENTIUM III,866MHZ,HD20GB,MEM.256MB,CDROM52X MICROCOMPUTADORPENTIUMIII 866MHZ HD20GB MEM_256MB CDROM52XAMAZONPC PROVIEW TORRE P-IV"
MICROCOMPUTADOR PENTIUM III MICROCOMPUTADORPENTIUMIII HP HP COMPUTADOR DESKTOP
MICROCOMPUTADOR DESKTOP HP MICROCOMPUTADORDESKTOPHP HP COMPUTADOR DESKTOP
MICROCOMPUTADOR CPU DESKTOP MICROCOMPUTADORCPUDESKTOPHP HP COMPUTADOR
"CENTRAL TELEFONICA ELETRONICA,C/CAP. DE08 LINHAS E 20 RAMAIS CENTRALTELEFONICAELETRONICA C__CAP_DE08LINHASE20RAMAISSIEMENS SIEMENS CENTRAL TELEFONICA"
"ARMARIO P/BALCAO DO PLANTAO, EM MADEIRA, C7GAVETAS, MED. 3,8 ARMARIOP__BALCAODOPLANTAO EMMADEIRA C7GAVETAS MED_3 8 SEM MARCA ARMARIO"
"ARMARIO P/PIA DE COZINHA, C/ PRATELEIRAS EM MADEIRA,MED. 1,4 ARMARIOP__PIADECOZINHA C__PRATELEIRASEMMADEIRA MED_1 4 SEM MARCA ARMARIO"
"ARMARIO SUSPENSO P COZINHA,C/PRATELEIRAS E VIDRO LISO,MED,1, ARMARIOSUSPENSOPCOZINHA C__PRATELEIRASEVIDROLISO MED 1  SEM MARCA ARMARIO"
"TORRE COM 36 METROS DE ALTURA,EM ACO GALVANIZADO,C/ PARA-RAI TORRECOM36METROSDEALTURA EMACOGALVANIZADO C__PARA-RAIHSV HSV TORRE"
"MESA P/MICROCOMPUTADOR,MED.1,00X0,70X0,70CM,COR PAU MARFIM MESAP__MICROCOMPUTADOR MED_1 00X0 70X0 70CM CORPAUMARFIMFERROPLAST FERROPLAST MESA P/MICROCOMPUTADOR"
"MESA P/IMPRESSORA,MED.0,70X0,50X0,70CM,COR PAU MARFIM SUPER MESAP__IMPRESSORA MED_0 70X0 50X0 70CM CORPAUMARFIMSUPERFERROPLAST FERROPLAST MESA P/IMPRESSORA"
"POLTRONA P/DIGITADOR,GIRATORIA C/ESP.MEDIO E BRACOS,COR AZUL POLTRONAP__DIGITADOR GIRATORIAC__ESP_MEDIOEBRACOS CORAZULMARELLI MARELLI POLTRONA P/ DIGITADOR"
"POLTRONA P/INTERLOCUTOR,FIXA,ESP.ALTO E APOIA BRACOS,COR AZU POLTRONAP__INTERLOCUTOR FIXA ESP_ALTOEAPOIABRACOS CORAZUMARELLI MARELLI POLTRONA P/INTERLOCUTOR"
"MESA DE TRABALHO EM MADEIRA,MED.1,60X0,70CM,COR PAU MARFIM MESADETRABALHOEMMADEIRA MED_1 60X0 70CM CORPAUMARFIMFERROPLAST FERROPLAST MESA EM MADEIRA"
"GAVETEIRO MOVEL EM MADEIRA,MED.440X460X520CM,COR PAU MARFIM GAVETEIROMOVELEMMADEIRA MED_440X460X520CM CORPAUMARFIMFERROPLAST FERROPLAST GAVETEIRO VOLANTE"
"MESA REDONDA P/REUNIAO,C/DIAME.150CM,PAU MARFIM,AGLOMERADO MESAREDONDAP__REUNIAO C__DIAME_150CM PAUMARFIM AGLOMERADOFERROPLAST FERROPLAST MESA EM MADEIRA"
"MESA RETANGULAR P/ REUNIAO,MED.220X100X0,70CM,COR PAU MARFIM MESARETANGULARP__REUNIAO MED_220X100X0 70CM CORPAUMARFIMFERROPLAST FERROPLAST MESA EM MADEIRA RETANGULAR"
"ARMARIO BAIXO TP.ESTANTE,MED.80X60X70CM,PAU MARFIM,AGLOMER ARMARIOBAIXOTP_ESTANTE MED_80X60X70CM PAUMARFIM AGLOMERFERROPLAST FERROPLAST ARMARIO TIPO ESTANTE"
"ARMARIO BAIXO TP.ESTANTE,MED.80X60X70CMCM,PAU MARFIM,AGLOMER ARMARIOBAIXOTP_ESTANTE MED_80X60X70CMCM PAUMARFIM AGLOMERFERROPLAST FERROPLAST ARMARIO TIPO ESTANTE"
"ARMARIO ALTO C/PORTAS DE ABRIR,MED.80X50X1,60CM,PAU MARFIM. ARMARIOALTOC__PORTASDEABRIR MED_80X50X1 60CM PAUMARFIM_FERROPLAST FERROPLAST ARMARIO EM MADEIRA AGLOMERADO"
"ARMARIO ALTO MISTO TP.ESTANTE,MED.80X50X1,60CM, PAU MARFIM. ARMARIOALTOMISTOTP_ESTANTE MED_80X50X1 60CM PAUMARFIM_FERROPLAST FERROPLAST ARMARIO DE MADEIRA"
"ARMARIO ALTO MISTO TP.ESTANTE,MED.80X50X1,60CM, PAU MARFIM ARMARIOALTOMISTOTP_ESTANTE MED_80X50X1 60CM PAUMARFIMFERROPLAST FERROPLAST ARMARIO DE MADEIRA"
"MESA P/MICROCOMPUTADOR,MED.1,00X0,70X0,70CM, COR PAU MARFIM MESAP__MICROCOMPUTADOR MED_1 00X0 70X0 70CM CORPAUMARFIMFERROPLAST FERROPLAST MESA PARA MICROCOMPUTADOR"
"MESA P/IMPRESSORA,MED.0,70X0,50X0,70CM,COR PAU MARFIM SUPER MESAP__IMPRESSORA MED_0 70X0 50X0 70CM CORPAUMARFIMSUPERFERROPLAST FERROPLAST MESA PARA IMPRESSORA"
"POLTRONA P/DIGITADOR,GIRATORIA,C/ESP.MEDIO E BRACOS,COR AZUL POLTRONAP__DIGITADOR GIRATORIA C__ESP_MEDIOEBRACOS CORAZULMARELLI MARELLI POLTRONA P/ DIGITADOR."
"POLTRONA P/DIRETOR,C/ESPALDAR ALTO E APOIA BRACOS,COR AZUL POLTRONAP__DIRETOR C__ESPALDARALTOEAPOIABRACOS CORAZULMARELLI MARELLI POLTRONA P/ DIRETOR."
"POLTRONA P/INTERLOCUTOR,FIXA,ESP.ALTO E APOIA BRACOS,C.AZUL. POLTRONAP__INTERLOCUTOR FIXA ESP_ALTOEAPOIABRACOS C_AZUL_MARELLI MARELLI POLTRONA P/ INTERLOCUTOR"
CAMARA DE REVELACAO CAMARADEREVELACAO SEM MARCA 
"KIT REVELACAO PARA CIANOCRILATO, REF, CNA900 KITREVELACAOPARACIANOCRILATO REF CNA900 SEM MARCA "
"POLTRONA P/REUNIAO,GIRATORIA,ESPALDAR MEDIO SEM BRACOS,C/AZU POLTRONAP__REUNIAO GIRATORIA ESPALDARMEDIOSEMBRACOS C__AZUGIROTEC GIROTEC POLTRONA GIRATORIA S/ BRA«OS."
"POLTRONA P/DIRETOR,C/ESPALDAR ALTO E APOIA BACOS,TEC.COR AZU POLTRONAP__DIRETOR C__ESPALDARALTOEAPOIABACOS TEC_CORAZUGIROTEC GIROTEC POLTRONA P/ DIRETOR"
"POLTRONA P/REUNIAO,GIRATORIA,ESP.MEDIO,S/BRACOS,TEC.COR AZUL POLTRONAP__REUNIAO GIRATORIA ESP_MEDIO S__BRACOS TEC_CORAZULGIROTEC GIROTEC POLTRONA P/ REUNIO"
ESCUDO ANTI-TUMULTO DE POLICARBONATO C/05MM ESPESSURA. ESCUDOANTI-TUMULTODEPOLICARBONATOC__05MMESPESSURA_GLOBAL GLOBAL ESCUDO ANTI-TUMULTO
IMPRESSORA E COPIADORA P/COPIAS MONOCROMATICAS C/CAP.P/08 COP IMPRESSORAECOPIADORAP__COPIASMONOCROMATICASC__CAP_P__08COPXEROX XEROX WORKCENTRE XD100
MAQUINA FOTOCOPIADORA P/COPIAS MONOCROMATICAS C/CAP.08COP.MI MAQUINAFOTOCOPIADORAP__COPIASMONOCROMATICASC__CAP_08COP_MIXEROX XEROX MQUINA COPIADORA
CAPACETE DE USO POLICIAL CAPACETEDEUSOPOLICIALGLOBAL GLOBAL CAPACETE USO POLICIAL
"CONJUNTO ESTOFADO,C/ 02 E 03 LUGARES,EM TECIDO COR AZUL,INJE CONJUNTOESTOFADO C__02E03LUGARES EMTECIDOCORAZUL INJEFLORENSE FLORENSE ESTOFADO"
"MESA DE TRABALHO,MED.1,60X0,70,MADEIRA AGLOMERADO,PAU MARFIM MESADETRABALHO MED_1 60X0 70 MADEIRAAGLOMERADO PAUMARFIMCAD-SP CAD-SP MESA EM MADEIRA"
"MESA P/MICROCOMPUTADOR,MED.1,00X0,70X0,70CM,COR PAU MARFIM. MESAP__MICROCOMPUTADOR MED_1 00X0 70X0 70CM CORPAUMARFIM_CAD-SP CAD-SP MESA PARA MICROCOMPUTADOR"
"MESA OVALADA P/REUNIAO,MED.200X100X0,70CM,COR PAU MARFIM. MESAOVALADAP__REUNIAO MED_200X100X0 70CM CORPAUMARFIM_CAD-SP CAD-SP MESA EM MADEIRA"
ESTOJO PARA IDENTIFICACAO DE ESTRANGEIROS ESTOJOPARAIDENTIFICACAODEESTRANGEIROSMOVACO MOVACO CXEE
CASSETETE TIPO TONFA C/58CM COMPRIMENTO CASSETETETIPOTONFAC__58CMCOMPRIMENTOGLOBAL GLOBAL CASSETETE TIPO TONFA
ALGENA DE ACO INOXIDAVEL ALGENADEACOINOXIDAVELGERMAN GERMAN ALGEMA
COLETE A PROVA DE BALA NA3 SPECTRA COLETEAPROVADEBALANA3SPECTRATAURUS TAURUS GRANDE
COLETE A PROVA DE BALA NA3 SPECTRA COLETEAPROVADEBALANA3SPECTRATAURUS TAURUS MEDIO
"BALCAO EM MADEIRA CEREJEIRA, MED.2,80X0,85M BALCAOEMMADEIRACEREJEIRA MED_2 80X0 85M SEM MARCA BALCAO"
"BALCAO EM MADEIRA CEREJEIRA, MED.5,00X0,85M BALCAOEMMADEIRACEREJEIRA MED_5 00X0 85M SEM MARCA BALCAO"
"ARMARIO EM MADEIRA CEREJEIRA MED.4,20X1,40M ARMARIOEMMADEIRACEREJEIRAMED_4 20X1 40M SEM MARCA ARMARIO"
"ARMARIO EM MADEIRA CEREJEIRA MED.1,60X1,97M ARMARIOEMMADEIRACEREJEIRAMED_1 60X1 97M SEM MARCA ARMARIO"
"PRATELEIRA EM MADEIRA CEREJEIRA,MED.3,50X0,30M PRATELEIRAEMMADEIRACEREJEIRA MED_3 50X0 30M SEM MARCA PRATELEIRA"
"PRATELEIRA EM MADEIRA CEREJEIRA,MED.0,87X0,30CM PRATELEIRAEMMADEIRACEREJEIRA MED_0 87X0 30CM SEM MARCA PRATELEIRA"
"CANTONEIRA EM MAEDEIRA CEREJEIRA,MED.0,63X0,90CM CANTONEIRAEMMAEDEIRACEREJEIRA MED_0 63X0 90CM SEM MARCA CANTONEIRA"
"ARMARIO EM MADEIRA CEREJEIRA MED.0,90X0,85CM ARMARIOEMMADEIRACEREJEIRAMED_0 90X0 85CM SEM MARCA ARMARIO"
PASTA EXECUTIVA TIPO 007. PASTAEXECUTIVATIPO007_S__M S/M MALETA
"SUPORTE PARA TELEVISOR DE 14"" E VIDEO CASSETE. SUPORTEPARATELEVISORDE14_EVIDEOCASSETE_BRASFORMA BRASFORMA SUPORTE"
"CAPACETE PARA CONDUTOR DE MOTOCICLETA,TAM.58G. CAPACETEPARACONDUTORDEMOTOCICLETA TAM_58G_TAURUS__SAMARINO TAURUS/SAMARINO CAPACETE"
"LIVRO DE INFORMATICA, REDE DE COMPUTADORES, CURSO COMPLETO LIVRODEINFORMATICA REDEDECOMPUTADORES CURSOCOMPLETOGABRIELTORRES-ED_AXCELBOOK GABRIEL TORRES-ED. AXCEL BOOK LIVRO"
"FURADEIRA ELETRICA PROFISSIONAL, COM MANDRIL, 110V FURADEIRAELETRICAPROFISSIONAL COMMANDRIL 110VBOSCH BOSCH FURADEIRA"
"ALGEMA DE ACO NIQUELADA, COM TRAVA DE SEGURAN$A ALGEMADEACONIQUELADA COMTRAVADESEGURAN ABAYARD BAYARD ALGEMA"
"ALGEMA DE AC, NIQUELADA, COM TRAVA DE SEGURAN$A ALGEMADEAC NIQUELADA COMTRAVADESEGURAN ABAYARD BAYARD ALGEMA"
MAQUINA DE ESCREVER ELETRONICA MAQUINADEESCREVERELETRONICAOLIVETTI OLIVETTI ET 1250
"MAQUINA DE CALCULAR ELETRONICA, COM VISOR E BOBINA MAQUINADECALCULARELETRONICA COMVISOREBOBINAOLIVETTI OLIVETTI SUMMA 13"
MESA PARA IMPRESSORA MESAPARAIMPRESSORARAIMUNDINI RAIMUNDINI MESA PARA IMPRESSORA
ESTABILIZADOR DE TENSAO ESTABILIZADORDETENSAOBELKIN BELKIN PROGRESSIVE
ESTABILIZADOR DE TENSAO ESTABILIZADORDETENSAOSMS SMS PROGRESSIVE 800VA
ESTABILIZADOR DE TENSAO ESTABILIZADORDETENSAOSMS SMS PROGRESSIVE
ESTABILIZADOR DE TENSAO ESTABILIZADORDETENSAO SEM MARCA PROGRESSIVE
"MONITOR DE VIDEO 17"" MONITORDEVIDEO17_SAMSUNG SAMSUNG SYNCMASTER 757NF"
MICROCOMPUTADOR PENTIUM IV MICROCOMPUTADORPENTIUMIVSIEMENS SIEMENS FUJITSU
MICROCOMPUTADOR PENTIUM IV MICROCOMPUTADORPENTIUMIVSIEMENS SIEMENS CD-ROM
MICROCOMPUTADOR PENTIUM IV MICROCOMPUTADORPENTIUMIVLG LG 
MICROCOMPUTADOR PENTIUM IV MICROCOMPUTADORPENTIUMIVSIEMENS SIEMENS CD-RWM
IMPRESSORA MONOCROMATICA IMPRESSORAMONOCROMATICAHP HP 1200N
"ESTABILIZADOR DE TENSAO ESTABILIZADORDETENSAOSMS SMS PROGRESSIVE UAP4,OBIFX 11"
ESTABILIZADOR DE TENSAO ESTABILIZADORDETENSAOINDELETRA INDELETRA ESTABILIZADOR
"MONITOR DE VIDEO 17"" MONITORDEVIDEO17_SAMSUNG SAMSUNG SYNCMASTER"
MICROCOMPUTADOR PENTIUM IV MICROCOMPUTADORPENTIUMIVSIEMENS SIEMENS CD-ROM 48X
MICROCOMPUTADOR PENTIUM IV MICROCOMPUTADORPENTIUMIV SATELLITINT SATELLITE INT CD-ROM 48X
MICROCOMPUTADOR PENTIUM IV MICROCOMPUTADORPENTIUMIVSIEMENS SIEMENS CDRW
MICROCOMPUTADOR PENTIUM IV MICROCOMPUTADORPENTIUMIVSIEMENS SIEMENS DVD
IMPRESSORA MONOCROMATICA IMPRESSORAMONOCROMATICAHP HP LASER JET 1200N
IMPRESSORA PORTATIL IMPRESSORAPORTATILHP HP 350 CBI
MICROCOMPUTADOR  LAP TOP MICROCOMPUTADORLAPTOPSIEMENS SIEMENS LIFEBOOK
ESTATUTO DO ESTRANGEIRO-27 EDICAO ESTATUTODOESTRANGEIRO-27EDICAOEDITORAATLAS EDITORA ATLAS ESTATUTO DO ESTRANGEIRO
ESTATUTO DO ESTRANGEIRO- 27 EDICAO ESTATUTODOESTRANGEIRO-27EDICAOEDITORAATLAS EDITORA ATLAS ESTATUTO DO ESTRANGEIRO
ESTATUTO DO ESTRANGEIRO - 27 EDICAO ESTATUTODOESTRANGEIRO-27EDICAOEDITORAATLAS EDITORA ATLAS ESTATUTO DO ESTRANGEIRO
"MOTOR DE POPA DE 40HP,COR PRETA,C/SIST.PART/ELETRICA MOTORDEPOPADE40HP CORPRETA C__SIST_PART__ELETRICASUZUKI SUZUKI MOTOR DE POPA"
CAPACETE NAO PRESSURIZADO CAPACETENAOPRESSURIZADOSANMARINO SAN MARINO CAPACETE NAO PRESSURIZADO
"LANTERNA NAO ELETRICA, DE NO MININO 02 ELEMENTOS LANTERNANAOELETRICA DENOMININO02ELEMENTOSMAGLITE MAGLITE LANTERNA NAO ELETRICA"
BINOCULO - EMBORRACHADO TASCO BINOCULO-EMBORRACHADOTASCO TASCO BINOCULO
"BINOCULO A PROVA DAGUA, COM RUBICON, 08X21MM - EMBORRACHADO BINOCULOAPROVADAGUA COMRUBICON 08X21MM-EMBORRACHADONAUTICA NAUTICA BINOCULO"
SERRA ELETRICA SERRAELETRICADWALT DWALT SERRA ELETRICA
"MAQUINA DE LAVAR-ELETRICA, COM KIT DE ALTA PRESSAO,1450/IBS MAQUINADELAVAR-ELETRICA COMKITDEALTAPRESSAO 1450__IBSJACTO JACTO MAQUINA DE LAVAR ELETRICA"
"CASSETETE ELETRICO, MATERIAL ABS - INQUEBRAVEL CASSETETEELETRICO MATERIALABS-INQUEBRAVELELETRIC-FIRE ELETRIC-FIRE CASSETETE ELETRICO"
"BINOCULO COMPACTO,A PROVA DAGUA/RUBICOM/08X21MM EMBORRACHADO BINOCULOCOMPACTO APROVADAGUA__RUBICOM__08X21MMEMBORRACHADOTASCO TASCO BINOCULO"
MAQUINA DE LAVAR ELETRICA C/KIT DE ALTA PRESSAO/14502 IBS MAQUINADELAVARELETRICAC__KITDEALTAPRESSAO__14502IBSJACTO JACTO MAQUINA DE LAVAR-ELETRICA
CARREGADOR DE BATERIA ELETRICA MOD.CM 524 CARREGADORDEBATERIAELETRICAMOD_CM524KITA KITA CARREGADOR DE BATERIA
CARRINHO PARA TRANSPORTE DE MOTOR DE POPA CARRINHOPARATRANSPORTEDEMOTORDEPOPANAVEGADOR NAVEGADOR CARRINHO
"BARCO DE ALUMINIO DE 06 MT, COM CADEIRA GIRATORIA BARCODEALUMINIODE06MT COMCADEIRAGIRATORIAAMAZONAS AMAZONAS BARCO DE ALUMINIO"
CARRETA PARA TRANSPORTE DE EMBARCACAO CARRETAPARATRANSPORTEDEEMBARCACAONAVEGADOR NAVEGADOR CARRETA
"MOTOR DE POPA DE 40HP, COR PRATA MOTORDEPOPADE40HP CORPRATAYAMAHA YAMAHA 703CC/40/XWS"
"CARRINHO PARA TRANSPORTE DE MOTOR DE POPA, DE 40AP CARRINHOPARATRANSPORTEDEMOTORDEPOPA DE40APNAVEGADOR NAVEGADOR CARRINHO"
BARCO DE ALUMINIO COM 06 MT DE COMPRIMENTO BARCODEALUMINIOCOM06MTDECOMPRIMENTOAMAZONAS AMAZONAS BARCO DE ALUMINIO
AR CONDICIONADO DE 18000 BTUS - 220 VOLTS ARCONDICIONADODE18000BTUS-220VOLTSSPRINGERCARRIER SPRINGER CARRIER AR CONDICIONADO
AR CONDICIONADO DE 30000 BTUS - 220 VOLTS ARCONDICIONADODE30000BTUS-220VOLTSSPRINGERCARRIER SPRINGER CARRIER AR CONDICIONADO
ESTABILIZADOR DE TENSAO ESTABILIZADORDETENSAOSMS SMS PROGRESSIVE AP800VA
ESTABILIZADOR DE TENSAO ESTABILIZADORDETENSAOAPC APC PROGRESSIVE
ESTABILIZADOR DE TENSAO ESTABILIZADORDETENSAOHP HP PROGRESSIVE
ESTABILIZADOR DE TENSAO ESTABILIZADORDETENSAOSTAY STAY PROGRESSIVE
ESTABILIZADOR DE TENSAO ESTABILIZADORDETENSAOBMI BMI PROGRESSIVE
"MONITOR DE VIDEO 17"" MONITORDEVIDEO17_SANSUNG SANSUNG SYNCMASTER 757N"
"MONITOR DE VIDEO 17"" MONITORDEVIDEO17_SANSUNG SANSUNG SYNCMASTER 757NF"
"MONITOR DE VIDEO 17"" MONITORDEVIDEO17_SANSUNG SANSUNG, SAMSUNG SYNCMASTER 757NF"
"MONITOR DE VIDEO 17"" MONITORDEVIDEO17_SAMSUNG SANSUNG SYNCMASTER 757NF"
"MICROCOMPUTADOR PENTIUM IV, IBM MICROCOMPUTADORPENTIUMIVIBM IBM CD-ROM"
"MICROCOMPUTADOR PENTIUM IV HP MICROCOMPUTADORPENTIUMIVHP HP, SIEMENS "
MICROCOMPUTADOR PENTIUM IV MICROCOMPUTADORPENTIUMIVSIEMENS SIEMENS CD-RW
MICROCOMPUTADOR PENTIUM IV MICROCOMPUTADORPENTIUMIV SEM MARCA 
"IMPRESSORA MONOCROMATICA, HP IMPRESSORAMONOCROMATICAHP HP "
IMPRESSORA MONOCROMATICA IMPRESSORAMONOCROMATICAHP HP K5 400
IMPRESSORA  IMPRESSORATCE TCE 
IMPRESSORA HP IMPRESSORAHP HP 
IMPRESSORA COLORIDA IMPRESSORACOLORIDAHP HP 4550N
MICROCOMPUTADOR LAP-TOP MICROCOMPUTADORLAP-TOPSIEMENS SIEMENS LIFEBOOK
SERVIDOR DE REDE LOCAL-PENTIUM III SERVIDORDEREDELOCAL-PENTIUMIIISIEMENS SIEMENS PRIMERGI E200
FOGAO DE 04 BOCAS COM ACENDEDOR AUT. E FORNO AUTO LIMPANTE FOGAODE04BOCASCOMACENDEDORAUT_EFORNOAUTOLIMPANTEATLAS ATLAS FOGAO A GAS
FOGAO DE 04 BOCAS C/ACENDEDOR AUT. E FORNO AUTO LIMPANTE FOGAODE04BOCASC__ACENDEDORAUT_EFORNOAUTOLIMPANTEATLAS ATLAS FOGAO A GAS
REFRIGERADOR REFRIGERADOR_GELADEIRA_280LTS 110V CORBRANCACONSUL CONSUL GELADEIRA
"MS ACESS 2000 E VBA, SOLUCOES E APLICACAO, HADAD, RENATO MSACESS2000EVBA SOLUCOESEAPLICACAO HADAD RENATOED_ERICA ED. ERICA LIVRO"
REFRIGERADOR GELADEIRAMARCADAKO280L DAKO GELADEIRA
"APARELHO DE AR CONDICIONADO, DE 18000BTUS APARELHODEARCONDICIONADO DE18000BTUSSPRINGERCARRIER SPRINGER CARRIER MUNDIAL"
"PERSIANA EM TECIDO, NA COR AZUL,MED.5,14 X 1,20 PERSIANAEMTECIDO NACORAZUL MED_5 14X1 20LIDERFLEX LIDERFLEX VERTICAL"
"PERSIANA EM TECIDO, NA COR AZUL,MED.3,10 X 1,20 PERSIANAEMTECIDO NACORAZUL MED_3 10X1 20LIDERFLEX LIDERFLEX VERTICAL"
"PERSIANA EM TECIDO, NA COR AZUL,MED.1,20 X 1,20 PERSIANAEMTECIDO NACORAZUL MED_1 20X1 20LIDERFLEX LIDERFLEX VERTICAL"
MICRO VIDEOCASSETE MICROVIDEOCASSETEPOLSEC POLSEC MICRO VIDEOCASSETE
MICRO TRANSMISSOR MICROTRANSMISSORPOLSEC POLSEC MICRO TRANSMISSOR
MICROFONE ESTETOSCOPIO MICROFONEESTETOSCOPIOPOLSEC POLSEC MICROFONE ESTETOSCOPIO
MICROFONE DIRECIONAL MICROFONEDIRECIONALPOLSEC POLSEC MICROFONE DIRECIONAL
MICRO CAMERA COLORIDA MICROCAMERACOLORIDAPOLSEC POLSEC MICRO CAMERA
RECEPTOR PORTATIL DE FREQUENCIA RECEPTORPORTATILDEFREQUENCIAPOLSEC POLSEC RECEPTOR PORTATIL
RECEPTOR PORTATIL MANUAL RECEPTORPORTATILMANUALPOLSEC POLSEC RECEPTOR PORTATIL
MICRO TRANSMISSOR DE FREQUENCIA MICROTRANSMISSORDEFREQUENCIAPOLSEC POLSEC MICRO TRANSMISSOR
MICRO TRANSMISSOR DE 1000MM MICROTRANSMISSORDE1000MMPOLSEC POLSEC MICRO TRANSMISSOR
MINI GRAVADOR DE AUDIO MINIGRAVADORDEAUDIOPOLSEC POLSEC MINI GRAVADOR
CAMERA FOTOGRAFICA DIGITAL CELULAR CAMERAFOTOGRAFICADIGITALCELULARPOLSEC POLSEC CAMERA FOTOGRAFICA
RASTREADOR DISSIMULADO GPS RASTREADORDISSIMULADOGPSPOLSEC POLSEC RASTREADOR
MICRO RECEPTOR DE OUVIDO MICRORECEPTORDEOUVIDOPOLSEC POLSEC MICRO RECEPTOR
RECEPTOR/GRAVADOR/2400MHZ RECEPTOR__GRAVADOR__2400MHZPOLSEC POLSEC RECEPTOR/GRAVADOR
FRIGOBAR FRIGOBAR COMCAPACIDADEP__130L CORBRANCAELETROLUX ELETROLUX FRIGOBAR
"TELEVISOR COLORIDO DE 20""-CONT. REMOTO TELEVISORCOLORIDODE20_-CONT_REMOTOTOSHIBA TOSHIBA TELEVISOR"
MEDIDOR DE GPS III - PLUS MEDIDORDEGPSIII-PLUSGARMIN GARMIN GPS
"APARELHO TELEFONICO CELULAR,COR AZUL APARELHOTELEFONICOCELULAR CORAZULERICSSON ERICSSON T18D"
"APARELHO TELEFONICO CELULAR,COR PRATA APARELHOTELEFONICOCELULAR CORPRATAERICSSON ERICSSON T18D"
APARELHO TELEFONICO CELULAR APARELHOTELEFONICOCELULAR SEM MARCA 
APARELHO TELEFONICO CELULAR APARELHOTELEFONICOCELULARNOKIA NOKIA 
MICRO CASSETE GRAVADOR MICROCASSETEGRAVADORSONY SONY TCM459V
MICROCOMPUTADOR PENTIUM LG MICROCOMPUTADORPENTIUMLG LG 
"MONITOR PARA MICROCOMPUTADOR, 14 POLEGADAS MONITORPARAMICROCOMPUTADOR 14POLEGADASLG LG STUDIOWORKS-451"
"MONOCULO VIS`O NORTUNA,DIM.183X58X84MM,RESISTENTE A A GUA. MONOCULOVIS`ONORTUNA DIM_183X58X84MM RESISTENTEAAGUA_NIGHTOWOLOPTICS NIGHT OWOL OPTICS MONOCULO"
APARELHO DE  CONDICIONADOR DE AR DE 7.500BTU´S. APARELHODECONDICIONADORDEARDE7_500BTUS_SPRINGER SPRINGER CONDICIONADOR DE AR
"MESA TP. ESCRIVANINHA,C/02 GAVETAS,MED.1,05X1,30X0,74CM,TECL MESATP_ESCRIVANINHA C__02GAVETAS MED_1 05X1 30X0 74CM TECLSOUZAMOVEIS SOUZA MOVEIS MESA C/TECLADO REBAIXADO"
ESTABILIZADOR DE TENS`O ESTABILIZADORDETENS`OSMS SMS PROGRESSIVE
"COMPRESSOR DE AR 5,2X100 LITROS,COM MANGUEIRA COMPRESSORDEAR5 2X100LITROS COMMANGUEIRASCHULZ SCHULZ COMPRESSOR DE AR"
"MAQUINA DE SOLDA,250A,COM MASCARA,CABO,PORTA ELETRODOS. MAQUINADESOLDA 250A COMMASCARA CABO PORTAELETRODOS_BAMBOZZI BAMBOZZI MAQUINA AUTOMATICA DE SOLDA"
"FAC-SIMILE,C/BANDEJA P/50FLS A-4,MEMO.14.40,TENS`O-110V. FAC-SIMILE C__BANDEJAP__50FLSA-4 MEMO_14_40 TENS`O-110V_PANASONIC PANASONIC "
"DOMINANDO O VISUAL BASIC 6- A BIBLIA,A:PETROUTSOS,EVANGELOS DOMINANDOOVISUALBASIC6-ABIBLIA A:PETROUTSOS EVANGELOSS__M S/M ED.MARKRON BOOKS"
"DELPHIO- O GUIA DO DESENVOLVER,AUTOR:TEXEIRA,STEVE,PACHECO X DELPHIO-OGUIADODESENVOLVER AUTOR:TEXEIRA STEVE PACHECOXS__M S/M ED.COMPUS"
"HARDWARE-CURSO COMPLETO,4A.EDIº`O,A:TORRES,GABRIEL. HARDWARE-CURSOCOMPLETO 4A_EDI`O A:TORRES GABRIEL_S__M S/M ED.AXCEL"
"MOTOR DIESEL MARITIMO,TURBO COOLER,06 CILINDROS,POT.200CV. MOTORDIESELMARITIMO TURBOCOOLER 06CILINDROS POT_200CV_MWM MWM MOTOR DIESEL"
"KIT FERRAMENTAS,CHAVES DE FENDA/PHILIPS/ALICATE BICO E COMUM KITFERRAMENTAS CHAVESDEFENDA__PHILIPS__ALICATEBICOECOMUMGENERICO GENERICO KIT FERRAMENTAS"
"TORRE TIPO AUTOPORTANTE,GALVANIZADA,C/36MT.DE COMPRIMENTO TORRETIPOAUTOPORTANTE GALVANIZADA C__36MT_DECOMPRIMENTOHSV HSV TORRE PARA ANTENA"
"FAC-SIMILE,C/BANDEJA P/50FLS. A-4,MEMO.14.40,TENSAO-110V. FAC-SIMILE C__BANDEJAP__50FLS_A-4 MEMO_14_40 TENSAO-110V_PANASONIC PANASONIC KXFPC165LA, KX-FPC165LA"
"CONJUNTO DE ESTOFADO SOB MEDIDA,COM 03/02,LUGARES,ESPUMA D-2 CONJUNTODEESTOFADOSOBMEDIDA COM03__02 LUGARES ESPUMAD-2SOBMEDIDA SOB MEDIDA BERGER"
"GRUPO GERADOR A GASOLINA DE 2,5KVA, C/MOTOR EXTRAPOWER DE 7,5HP, GRUPOGERADORAGASOLINADE2 5KVA C__MOTOREXTRAPOWERDE7 5HP  TRAMONTINI GRUPO GERADOR"
"DICIONARIO AURELIO,INCLUIDO CD-ROM,AUT-AUR}LIO B.H.FERREIRA DICIONARIOAURELIO INCLUIDOCD-ROM AUT-AUR}LIOB_H_FERREIRAS__M S/M "
"NOSSA GRAMATICA-TEORIA E PRATICA,26A.ED.A.LUIZ A. SACCONI NOSSAGRAMATICA-TEORIAEPRATICA 26A_ED_A_LUIZA_SACCONIS__M S/M "
"LICITAº{ES E CONTRATOS ADMINISTRATIVOS,13A.ED.AUT-HELY LOPES LICITA{ESECONTRATOSADMINISTRATIVOS 13A_ED_AUT-HELYLOPESS__M S/M "
"MINI DICIONARIO AUR}LIO DA LINGUA PORTUGUESA,4A.EDIº`O MINIDICIONARIOAUR}LIODALINGUAPORTUGUESA 4A_EDI`OS__M S/M "
"O CONTRATO ADMINISTRATIVO,2A.ED.AUT.MAURO ROBERTO G.MATTOS OCONTRATOADMINISTRATIVO 2A_ED_AUT_MAUROROBERTOG_MATTOSS__M S/M "
COMENTARIOS A LEI DE LICITAº{ES E CONTRATOS ADMINISTRATIVOS COMENTARIOSALEIDELICITA{ESECONTRATOSADMINISTRATIVOSS__M S/M 
COMENTARIOS A LEI DAS LICITAºOES E CONTRATAºOES DA ADM.PUBLI COMENTARIOSALEIDASLICITAOESECONTRATAOESDAADM_PUBLIS__M S/M 
"CURSO DE LICITAºOES ADMINISTRATIVA,TEORIA,PRATICA E JURISPRU CURSODELICITAOESADMINISTRATIVA TEORIA PRATICAEJURISPRUS__M S/M "
"APARELHO TELEFONICO MAGNETICO, COM TECLADO APARELHOTELEFONICOMAGNETICO COMTECLADOINTELBRAS INTELBRAS APARELHO TELEFONICO COMUM, PREMIUM"
"APARELHO TELEFONICO MAGNETICO, COM TECLADO APARELHOTELEFONICOMAGNETICO COMTECLADOINTELBRAS INTELBRAS APARELHO TELEFONICO COMUM"
"APARELHO TELEFONICO, COM TECLADO APARELHOTELEFONICO COMTECLADO SEM MARCA APARELHO TELEFONICO COMUM"
"APARELHO TELEFONICO MAGNETICO, COM TECLADO APARELHOTELEFONICOMAGNETICO COMTECLADOSIEMENS SIEMENS "
"APARELHO TELEFONICO MAGNETICO, COM TECLADO APARELHOTELEFONICOMAGNETICO COMTECLADO SEM MARCA "
"SWITCH 24 PORTAS 100 BASE 10 BASE-T,EM RJ45,VELC.10MBPS E 10 SWITCH24PORTAS100BASE10BASE-T EMRJ45 VELC_10MBPSE10DLINK D LINK SWITCH"
"MAQUINA DE SOLDA PORTATIL,220V,PESO 58KG,SUPORTE C/RODAS MAQUINADESOLDAPORTATIL 220V PESO58KG SUPORTEC__RODASWHITEMARTINS WHITE MARTINS MAQUINA DE SOLDA"
SWITCH 16 PORTAS/100- REDE MICRO SWITCH16PORTAS__100-REDEMICROINTEL INTEL SWITCH
"CAIXA ACUSTICA,POT.60W RMS A 8OHMS,COR GRAFITE,TP.TWEETER TI CAIXAACUSTICA POT_60WRMSA8OHMS CORGRAFITE TP_TWEETERTI SEM MARCA CAIXA ACUSTICA"
SUPORTE PARA CAIXA ACUSTICA CROMADO SUPORTEPARACAIXAACUSTICACROMADOASK ASK SUPORTE
"AMPLIFICADOR DE AUDIO,MISTURADOR NPRH-440S. AMPLIFICADORDEAUDIO MISTURADORNPRH-440S_CICLOTRON CICLOTRON AMPLIFICADOR"
"MICROFONE S/FIO,DE MAO,TENSAO 100/220V, PADRAO POLAR,UNIDIRE MICROFONES__FIO DEMAO TENSAO100__220V PADRAOPOLAR UNIDIRELESON LESON MICROONE SEM FIO"
"BARCO DE ALUMINIO SOLDADA,VERSAO PATRULHA BARCODEALUMINIOSOLDADA VERSAOPATRULHAAMAZONBOAT AMAZON BOAT BARCO"
APARELHO DE LOCALIZAº`O POR SATELITE ( GPS 45) APARELHODELOCALIZA`OPORSATELITE_GPS45_GARMIN GARMIN 
APARELHO TELEFONICO SEM FIO APARELHOTELEFONICOSEMFIOPANASONIC PANASONIC KX-TC1001LAB
APARELHO TELEFONICO SEM FIO APARELHOTELEFONICOSEMFIOPANASONIC PANASONIC TC1000
FAC-SIMILE FAC-SIMILESHARP SHARP UX44
APARELHO DE SOM COM CD PORTATIL. APARELHODESOMCOMCDPORTATIL_AIWA AIWA CSD-TD9
DVD PLAYER. DVDPLAYER_PIONNER PIONNER DV-333
TRIPE PARA EQUIPAMENTO FOTOGRAFICO TRIPEPARAEQUIPAMENTOFOTOGRAFICO SEM MARCA 
MAQUINA DE CALCULAR MAQUINADECALCULARHP HP 12C
"APARELHO DE AR CONDICIONADO DE 30.000BTUS,TENSAO 220V.60HZ. APARELHODEARCONDICIONADODE30_000BTUS TENSAO220V_60HZ_SPRINGER SPRINGER MUNDIAL"
"APARELHO DE AR CONDICIONADO DE 30.000BTUS, TENSAO 220V,60HZ. APARELHODEARCONDICIONADODE30_000BTUS TENSAO220V 60HZ_SPRINGER SPRINGER MUNDIAL"
"APARELHO DE AR CONDICIONADO DE 21.000BTUS, TENSAO 220V. APARELHODEARCONDICIONADODE21_000BTUS TENSAO220V_SPRINGER SPRINGER MUNDIAL"
"FUZIL DE ASSALTO BUSHMASTER AR15/XM-15 5,56MM FUZILDEASSALTOBUSHMASTERAR155 56X45MM BUSHMASTER XM-15"
"LIVRO CRIMES E INF. ADM. AMBIENTAIS, 2A. EDICAO LIVROCRIMESEINF_ADM_AMBIENTAIS 2A_EDICAOED_BRASILIAJURIDICA ED. BRASILIA JURIDICA LIVRO"
"LIVRO CRIMES CONTRA A NATUREZA,7A. EDICAO LIVROCRIMESCONTRAANATUREZA 7A_EDICAOED_REVISTADOSTRIBUNAIS ED. REVISTA DOS TRIBUNAIS LIVRO"
"LIVRO CRIMES CONTRA O SISTEMA FINANC. NACIONAL, 2A. EDICAO LIVROCRIMESCONTRAOSISTEMAFINANC_NACIONAL 2A_EDICAOED_LUMENJURIS ED. LUMEN JURIS LIVRO"
"LIVRO LEIS PENAIS ESP. E SUA INTERP. JURISP., 02 VOL., 7A ED LIVROLEISPENAISESP_ESUAINTERP_JURISP_ 02VOL_ 7AEDED_REVISTADOSTRIBUNAIS ED. REVISTA DOS TRIBUNAIS LIVRO"
"APARELHO TELEFONICO CELULAR,MOD.6120. APARELHOTELEFONICOCELULAR MOD_6120_NOKIA NOKIA 6120"
"APARELHO TELEFONICO CELULAR ,OD. 6120. APARELHOTELEFONICOCELULAR OD_6120_NOKIA NOKIA 6120"
"APARELHO DE FAX SIMILE, COM IMPRESS`O COMUM APARELHODEFAXSIMILE COMIMPRESS`OCOMUMPANASONIC PANASONIC KXFTZ2"
"HOLOFOTE BRANCO 10""B, MEDIA ACOMPANHADO DE UM MANETE BASE. HOLOFOTEBRANCO10_B MEDIAACOMPANHADODEUMMANETEBASE_ SEM MARCA "
"MAQUINA FOTOGRAFICA,FLASH EMBUTIDO,LENTE OBJETIVO FOCO AUTOM MAQUINAFOTOGRAFICA FLASHEMBUTIDO LENTEOBJETIVOFOCOAUTOMCANON CANON S400"
"PERSIANA VERTICAL,TECIDO AZUL MARINHO,MED.1,20MX1,60MX90MM. PERSIANAVERTICAL TECIDOAZULMARINHO MED_1 20MX1 60MX90MM_S__M S/M PERSIANA"
"PERSIANA VERTICAL,TECIDO BLACKOUT,AZUL MARINHO,1,20X1,60MX11 PERSIANAVERTICAL TECIDOBLACKOUT AZULMARINHO 1 20X1 60MX11S__M S/M PERSIANA"
"APARELHO TELEFONICO, COM TECLADO, COR PEROLA APARELHOTELEFONICO COMTECLADO CORPEROLAINTELBRAS INTELBRAS PREMIUM"
"APARELHO TELEFONICO, COM TECLADO, COR PEROLA APARELHOTELEFONICO COMTECLADO CORPEROLASIEMENS SIEMENS "
"APARELHO TELEFONICO, COM TECLADO, VINHO APARELHOTELEFONICO COMTECLADO VINHOINTELBRAS INTELBRAS PREMIUM"
"TELEVISOR 14 POL., COLORIDA, C/ CONTROLE REM. E SUPORTE PARE TELEVISOR14POL_ COLORIDA C__CONTROLEREM_ESUPORTEPARESEMP SEMP TELEVISAO"
"EXTINTOR DE INCENDIO, AGUA PRESSURIZADA, CAP. 10 LITROS EXTINTORDEINCENDIO AGUAPRESSURIZADA CAP_10LITROS SEM MARCA EXTINTOR"
"EXTINTOR DE INCENDIO, GAS CARBONICO, C02, CAP. 10 KILOS EXTINTORDEINCENDIO GASCARBONICO C02 CAP_10KILOS SEM MARCA EXTINTOR"
"HUB 08 PORTAS (MINI SWITCH), 10/100 HUB08PORTAS_MINISWITCH_ 10__100SURECOM SURECOM EP-808SX"
APARELHO DE SOM COM CD APARELHODESOMCOMCDAIWA AIWA NSX-S888
APARELHO DE VIDEO CASSETE APARELHODEVIDEOCASSETEBROKSONIC BROKSONIC 
SYSTEM E CD RADIO CASSETE SYSTEMECDRADIOCASSETECOBY COBY 
SYSTEM E CD RADIO E CASSETE SYSTEMECDRADIOECASSETECOBY COBY 
"SCANNER DE MESA, SCANJET SCANNERDEMESA SCANJETHP HP 8250"
IMPRESSORA  C/ SERVIDOR DE IMPRESSAO JETDIRECT IMPRESSORAC__SERVIDORDEIMPRESSAOJETDIRECTHP HP 
"IMPRESSORA JATO DE TINTA, C/ SERVIDOR DE IMPRESSAO JETDIRECT IMPRESSORAJATODETINTA C__SERVIDORDEIMPRESSAOJETDIRECTHP HP 5650"
"IMPRESSORA JATO DE TINTA, C/ SERVIDOR DE IMPRESSAO JETDIRECT IMPRESSORAJATODETINTA C__SERVIDORDEIMPRESSAOJETDIRECTHP HP DESKJET 5650"
SWITCH DE 24 PORTAS SWITCHDE24PORTASTRELLIS TRELLIS SWTC 24
SWITCH DE 24 PORTAS SWITCHDE24PORTASTRELLIS TRELLIS SWT24X
APARELHO DE AR CONDICIONADO DE 10000 BTU´S TENSAO 127V. APARELHODEARCONDICIONADODE10000BTUSTENSAO127V_SPRINGER SPRINGER PAREDE
GAVETEIRO VOLANTE COM GAVETAS GAVETEIROVOLANTECOMGAVETASARVY ARVY GAVETEIRO
"ARMARIO DE ACO,COR CINZA,MED.1,98MX0,90M,305CM,CHAPA/ACO ARMARIODEACO CORCINZA MED_1 98MX0 90M 305CM CHAPA__ACOPANDIN PANDIN ARMARIO"
"COFRE INDIVIDUAL MECANICO,EM CHAPA DE A$O,TAM.MEDIO,COR BEGE COFREINDIVIDUALMECANICO EMCHAPADEA O TAM_MEDIO CORBEGEWCM WCM COFRE"
"BEBEDOURO ELETRICO,P/GARRAF@O DE 20LT.C/02 TORNEIRAS. BEBEDOUROELETRICO P__GARRAF ODE20LT_C__02TORNEIRAS_ESMALTEC ESMALTEC BEBEDOURO"
"MESA DE CHEFIA, EM MADEIRA AGLOMERADA, MED. 2,20X1,40X0,60 MESADECHEFIA EMMADEIRAAGLOMERADA MED_2 20X1 40X0 60CADERODE CADERODE MESA DE CHEFIA"
"ESTACAO DE TRABALHO, TAMPO UNICO, EM MAD. MED.1,40X1,40X0,60 ESTACAODETRABALHO TAMPOUNICO EMMAD_MED_1 40X1 40X0 60CADERODE CADERODE ESTACAO DE TRABALHO"
"GAVETEIRO VOLANTE, C/ 03 GAVETAS, EM MADEIRA GAVETEIROVOLANTE C__03GAVETAS EMMADEIRACADERODE CADERODE GAVETEIRO"
"ARMARIO SEMI ABERTO, EM MADEIRA, MED. 0,80X0,45X1,41 ARMARIOSEMIABERTO EMMADEIRA MED_0 80X0 45X1 41CADERODE CADERODE ARMARIO"
"ESTACAO DE TRABALHO, P/ CARTORIO, EM MADEIRA, MED. 2,00X1,40 ESTACAODETRABALHO P__CARTORIO EMMADEIRA MED_2 00X1 40CADERODE CADERODE ESTACAO DE TRABALHO"
"MICROCOMPUTADOR, 512MB DE MEMORIA RAM, 40 GB MICROCOMPUTADOR 512MBDEMEMORIARAM 40GBDAEWOO DAEWOO MICROCOMPUTADOR"
"MICROCOMPUTADOR, PENTIUM IV, 2,0GHZ MICROCOMPUTADOR PENTIUMIV 2 0GHZDAEWOO DAEWOO MICROCOMPUTADOR"
"TELEVISOR 21 POL., COLOR, C/ ENT. PARA SVHS TELEVISOR21POL_ COLOR C__ENT_PARASVHSPHILCOPREMIUM PHILCO PREMIUM TELEVISAO"
"VIDEO CASSETE, 06 CABECAS VIDEOCASSETE 06CABECASJVC JVC VIDEO CASSETE"
NO BREAK DE 2000VA NOBREAKDE2000VANHS NHS NO BREAK
"IMPRESSORA JATO DE TINTA, RESOLUCAO DE IMPRESSAO 2400X1200DP IMPRESSORAJATODETINTA RESOLUCAODEIMPRESSAO2400X1200DPLEXMARK LEXMARK Z-705"
"SCANER DE MESA, COM RESOLUCAO DE 1200 OTICOS SCANERDEMESA COMRESOLUCAODE1200OTICOSHP HP SCANJETT-2400"
"CADEIRA DE CHEFIA, ESPALDAR ALTO, C/BRACOS, EM TECIDO AZUL CADEIRADECHEFIA ESPALDARALTO C__BRACOS EMTECIDOAZULBELO BELO TIPO PRESIDENTE"
"CADEIRA DE ESTACAO DE TRAB., C/BRACOS E RODIZIOS, TECIDO AZU CADEIRADEESTACAODETRAB_ C__BRACOSERODIZIOS TECIDOAZUBELO BELO CADEIRA"
"CADEIRA DE DIALOGO, FIXA TRAPEZOIDAL, C/ BRACOS, TECIDO AZU CADEIRADEDIALOGO FIXATRAPEZOIDAL C__BRACOS TECIDOAZUBELO BELO CADEIRA"
COMPUTADOR COM SISTEMA WYTRON COMPUTADORCOMSISTEMAWYTRONWYTRON WYTRON 32 CANAIS
COMPUTADOR COM SISTEMA WYTRON COMPUTADORCOMSISTEMAWYTRONWYTRON WYTRON TORRE
CAMERA FOTOGRAFICA DIGITAL KANNON CAMERAFOTOGRAFICADIGITALKANNON SEM MARCA 
"GRAMPEADOR NIQUELADO,TIPO MESA,CAP. P/ 100FLS,APLICAº`O PAPE GRAMPEADORNIQUELADO TIPOMESA CAP_P__100FLS APLICA`OPAPECARBEX CARBEX GRAMPEADOR DE MESA."
"ARMARIO DE AºO COM 2 PORTAS C/ CHAVE E PRATELEIRAS,COR CINZA ARMARIODEAOCOM2PORTASC__CHAVEEPRATELEIRAS CORCINZAPANDIM PANDIM ARMARIO DE AºO"
NOBREAK APC DE 500VA. NOBREAKAPCDE500VA_S__M S/M NOBREAK
SWITCH DE 10/100 DE 16 PORTAS. SWITCHDE10__100DE16PORTAS_BENA BENA SWITCH
SWITCH DE 10/100 DE 08 PORTAS SWITCHDE10__100DE08PORTASS__M S/M SWITCHH
"BALANºA ELETRONICA,CAP.15KG,VOLT.110/220V,DIGITAL DE PRECIS` BALANAELETRONICA CAP_15KG VOLT_110__220V DIGITALDEPRECIS`FILIZOLA FILIZOLA BALANºA"
"TRITURADOR DE PAPEL COMPACT,CS.200 POWER. TRITURADORDEPAPELCOMPACT CS_200POWER_SHREDDER SHREDDER FRAGMENTADORA DE PAPEL"
ALGEMA DE ACO INOXIDAVEL. ALGEMADEACOINOXIDAVEL_GERMAN GERMAN ALGEMA
"CADEIRA DIGITADOR,GIRATORIA,COM BRA$OS,COR AZUL,ESTRU.METALI CADEIRADIGITADOR GIRATORIA COMBRA OS CORAZUL ESTRU_METALICASTOFAR CASTOFAR CADEIRA P/ DIGITADOR"
CAMERA FOTOGRAFICA DIGITAL  CAMERAFOTOGRAFICADIGITAL PENTAX 
"MINI GRAVADOR DE AUDIO,TIPO MC,C/AUTO FALANTE EMBUTIDO MINIGRAVADORDEAUDIO TIPOMC C__AUTOFALANTEEMBUTIDOSONY SONY M-650V."
HUB DE 5/8 PORTAS PARA 10/100M. HUBDE5__8PORTASPARA10__100M_LG LG HUB
"LAMPADA ULTRAVIOLETA COM GABINETE TUBOLAR,TENS`O-220V LAMPADAULTRAVIOLETACOMGABINETETUBOLAR TENS`O-220VCQA CQA GABINETE"
"SISTEMA NO BREAK DE 1.300VA, MONOVOLT SISTEMANOBREAKDE1_300VA MONOVOLTTSSHARA TS SHARA NO BREAK"
"MONITOR DE VIDEO P/ MICROCOMPUTADOR,  MONITORDEVIDEOP__MICROCOMPUTADOR LG LG MONITOR"
"MONITOR DE VIDEO P/ MICROCOMPUTADOR,  MONITORDEVIDEOP__MICROCOMPUTADOR LENOVO LENOVO MONITOR"
"MONITOR DE VIDEO P/ MICROCOMPUTADOR,HP MONITORDEVIDEOP__MICROCOMPUTADOR HP PHILIPS MONITOR"
FILMADORA COM ZOOM OPTICO DE 40X E ADAPTADOR P/ FITA VHS FILMADORACOMZOOMOPTICODE40XEADAPTADORP__FITAVHSSONY SONY TRV318
"ZIP DRIVE EXTERNO, CAP. DE 250MB, C/ SAIDA USB ZIPDRIVEEXTERNO CAP_DE250MB C__SAIDAUSBIOMEGA IOMEGA ZIP DRIVE"
ESTOJO PARA IDENTIFICACAO DE ESTRANGEIROS ESTOJOPARAIDENTIFICACAODEESTRANGEIROS SEM MARCA 
"APARELHOS TELEFONICO COM 17 TECLAS, COR PEROLA APARELHOSTELEFONICOCOM17TECLAS CORPEROLAINTELBRAS INTELBRAS APARELHO TELEFONICO CONVENCIO"
APARELHOS TELEFONICO  APARELHOSTELEFONICO SEM MARCA 
"APARELHOS TELEFONICO COM 17 TECLAS, COR PEROLA APARELHOSTELEFONICOCOM17TECLAS CORPEROLAINTELBRAS SIEMENS "
"APARELHOS TELEFONICO COM 17 TECLAS, COR PEROLA APARELHOSTELEFONICOCOM17TECLAS CORPEROLAINTELBRAS INTELBRAS PREMIUM"
"CAMARA FOTOGRAFICA DIGITAL,RES.3.2 MEGA PIXELS,CARTAO MEMORI CAMARAFOTOGRAFICADIGITAL RES_3_2MEGAPIXELS CARTAOMEMORISONY SONY DSC-P52 - CYBER-SHOT"
"APARELHO DE FAC-SIMILE,C/FOLHA SOLTAS, A-4-CAP.10PAG.AUTOMAT APARELHODEFAC-SIMILE C__FOLHASOLTAS A-4-CAP_10PAG_AUTOMATSHARP SHARP UX-P200"
"MAQUINA DE CALCULAR ELETRONICA,C/12 DIGITOS,TECLADO PROFISSI MAQUINADECALCULARELETRONICA C__12DIGITOS TECLADOPROFISSISHARP SHARP EL-1801P"
"APARELHO DE AR CONDICIONADO,CAP. DE 18.000BTU´S,220V.Q/FRIO APARELHODEARCONDICIONADO CAP_DE18_000BTUS 220V_Q__FRIOSPRINGER SPRINGER MUNDIAL"
"BALANCA ELETRONICA, CAP. PESAGEM 15KG,110/220V,DIGITAL. BALANCAELETRONICA CAP_PESAGEM15KG 110__220V DIGITAL_URANO URANO APARELHO DE MEDI«O"
"POLTRONA P/CHEFIA,C/ESPALDAR ALTO E APOIO P/BRACOS,COR AZUL. POLTRONAP__CHEFIA C__ESPALDARALTOEAPOIOP__BRACOS CORAZUL_NEOPLAST NEOPLAST CADEIRA P/ CHEFIA."
"POLTRONA P/DIGITADOR C/ESPALDAR MEDIO E BRACOS,COR AZUL. POLTRONAP__DIGITADORC__ESPALDARMEDIOEBRACOS CORAZUL_NEOPLAST NEOPLAST CADEIRA P/ DIGITADOR"
"CADEIRA P/ INTERLOCUTOR,FIXA,C/BRACOS, EM TECIDO AZUL. CADEIRAP__INTERLOCUTOR FIXA C__BRACOS EMTECIDOAZUL_NEOPLAST NEOPLAST CADEIRA P/ INTERLOCUTOR"
FRIGOBAR GELADEIRATIPOFRIGOBAR CAP_120LITROS CORBRANCA TENSAO110_ELETROLUX ELETROLUX FRIGOBAR
"POLTRONA P/SL.DE ESPERA,03LUGARES,C/ENCOSTO,MATERIAL INJETAD POLTRONAP__SL_DEESPERA 03LUGARES C__ENCOSTO MATERIALINJETADMARELLI MARELLI POLTRONA C/ 03 LUGARES"
"CARRINHO P/ TRANSPORTE DE PROCESSO DE DUAS RODAS,EXTRU.FERRO CARRINHOP__TRANSPORTEDEPROCESSODEDUASRODAS EXTRU_FERROMALZONE MALZONE CARRINHO P/ TRANSPORTE"
FRIGOBAR FRIGOBAR C__CAPACIDADEP__120LITROS CORBRANCO TENSAO-110V_CONSUL CONSUL GELADEIRA VERTICAL
"ESTACAO DE TRABALHO,TAMPO UNICO,MED.1,40X40,COR PAU MARFIM. ESTACAODETRABALHO TAMPOUNICO MED_1 40X40 CORPAUMARFIM_CADERODE CADERODE CW140"
"CADEIRA ESTOFADA,C/ESPALDAR MEDIO,C/APOIA BRACOS,COR AZUL. CADEIRAESTOFADA C__ESPALDARMEDIO C__APOIABRACOS CORAZUL_CADERODE CADERODE 4112/03"
"CADEIRA P/INTERLOCUTOR,FIXA,C/BRACOS,EM TECIDO AZUL.FORMA""S"" CADEIRAP__INTERLOCUTOR FIXA C__BRACOS EMTECIDOAZUL_FORMA_S_CADERODE CADERODE 8003"
"ARMARIO SEMIABERTO,C/02 PORTAS,MED.0,90X0,47X1,61,COR PAU MA ARMARIOSEMIABERTO C__02PORTAS MED_0 90X0 47X1 61 CORPAUMACADERODE CADERODE M1123"
"MESA P/REUNIAO,REDONDA,COR PAU MARFIM,MED.1,20 DIAMETRO. MESAP__REUNIAO REDONDA CORPAUMARFIM MED_1 20DIAMETRO_CADERODE CADERODE M1112"
"GAVETEIRO VOLANTE,C/04GAVETAS,COR PAU MARFIM,MED.0,46X47X0,6 GAVETEIROVOLANTE C__04GAVETAS CORPAUMARFIM MED_0 46X47X0 6CADERODE CADERODE M1147"
"APARELHO DE CONDICIONADO DE 18.000 BTUS, 220V APARELHODECONDICIONADODE18_000BTUS 220VSPRINGERCARRIER SPRINGER CARRIER PAREDE"
"FRAGMENTADORA DE PAPEL.C/CESTO,110/220V,TP.ELETRICO,05FLS. FRAGMENTADORADEPAPEL_C__CESTO 110__220V TP_ELETRICO 05FLS_SECRETA SECRETA F-1600"
MAQUINA DE ESCREVER ELETRONICA PROFISSIONAL. MAQUINADEESCREVERELETRONICAPROFISSIONAL_OLIVETTI OLIVETTI LINEA-101
"BEBEDOURO P/AGUA DE GARRAFAO,MAT. INOX,TP. VERTICAL ELETRICO BEBEDOUROP__AGUADEGARRAFAO MAT_INOX TP_VERTICALELETRICOMASTERFRIO MASTERFRIO NATURAL/GELADA"
"APARELHO DE FAC-SIMILE, PAPEL TERMICO, CORTADOR AUTOMATICO APARELHODEFAC-SIMILE PAPELTERMICO CORTADORAUTOMATICOPANASONIC PANASONIC KXFT-77"
"FRAGMENTADORA DE PAPEIS, CAP. ATE 05 FOLHAS, COM CESTO FRAGMENTADORADEPAPEIS CAP_ATE05FOLHAS COMCESTOMENNO MENNO TRITURADOR"
"AR CONDICI0NADO DE 12.000 BTUS, SPLIT ARCONDICI0NADODE12_000BTUS SPLITEVER EVER SPLIT"
CAIXA PARA FERRAMENTAS CAIXAPARAFERRAMENTAS SEM MARCA CAIXA
"MACACO HIDRAULICO, TIPO JACARE, C/ CAP. 1,5 TON. MACACOHIDRAULICO TIPOJACARE C__CAP_1 5TON_ SEM MARCA JACARE"
BALANCA DE PRESCISAO COM CALIBRACAO AUTOMATICA BALANCADEPRESCISAOCOMCALIBRACAOAUTOMATICABEL BEL BALANCA
"ARMARIO ALTO, COM 02 PORTAS, COR PAU MARFIM, PRAT. REGULAVEI ARMARIOALTO COM02PORTAS CORPAUMARFIM PRAT_REGULAVEICADERODE CADERODE ARMARIO"
"ARMARIO PARA PASTA SUSPENSA, COR PAU MARFIM, COM PUXADORES ARMARIOPARAPASTASUSPENSA CORPAUMARFIM COMPUXADORESCADERODE CADERODE ARMARIO"
"PERSIANA VERTICAL,MED. 1,20X1,60M EM TECIDO NA COR BEGE PERSIANAVERTICAL MED_1 20X1 60MEMTECIDONACORBEGELIDERFLEX LIDERFLEX PERSIANA"
"CONJ. SOFA PARA SALA DE ESPERA, C/ 03 E 02 LUGARES, COR AZUL CONJ_SOFAPARASALADEESPERA C__03E02LUGARES CORAZULNEOPLAST NEOPLAST CONJ. SALA DE ESPERA"
"SOFA PARA SALA DE ESPERA,  02 LUGARES SOFAPARASALADEESPERA 02LUGARES NEOPLAST "
"NOBRAEAK 600VA, MONOVOLTS. NOBRAEAK600VA MONOVOLTS_SMS SMS MANAGER II"
"CADEIRA DE RECEPCIONISTA, COR AZUL, S/ RODIZIOS, GIRATORIA CADEIRADERECEPCIONISTA CORAZUL S__RODIZIOS GIRATORIACADERODE CADERODE CADEIRA FIXA"
"ESTABILIZADOR DE TENSAO, 1KVA, 110V ESTABILIZADORDETENSAO 1KVA 110VMAG MAG ESTABILIZADOR"
"ESTABILIZADOR DE TENSAO, 1KVA, 110V ESTABILIZADORDETENSAO 1KVA 110VSMS SMS REVOLUTION II"
"TELA DE PROJECAO, ESTRUTURA EM ALUMINIO, C/ TRIPE PROFISSION TELADEPROJECAO ESTRUTURAEMALUMINIO C__TRIPEPROFISSIONIEC IEC TELA DE PROJECAO"
"PERSIANA VERTICAL, EM TECIDO, COR BEGE, MED. 2,00MX1,20M PERSIANAVERTICAL EMTECIDO CORBEGE MED_2 00MX1 20MSTM STM PERSIANA"
"PERSIANA VERTICAL, EM TECIDO, COR BEGE, MED. 2,00MX2,80M PERSIANAVERTICAL EMTECIDO CORBEGE MED_2 00MX2 80MSTM STM PERSIANA"
"PERSIANA VERTICAL, EM TECIDO, COR BEGE, MED. 2,30MX1,20M PERSIANAVERTICAL EMTECIDO CORBEGE MED_2 30MX1 20MSTM STM PERSIANA"
"PERSIANA VERTICAL, EM TECIDO, COR BEGE, MED. 1.70MX1,00M PERSIANAVERTICAL EMTECIDO CORBEGE MED_1_70MX1 00MSTM STM PERSIANA"
"PERSIANA VERTICAL, EM TECIDO, COR BEGE, MED. 2,00MX2,90M PERSIANAVERTICAL EMTECIDO CORBEGE MED_2 00MX2 90MSTM STM PERSIANA"
"PERSIANA VERTICAL, EM TECIDO, COR BEGE, MED. 2,20MX1,10M PERSIANAVERTICAL EMTECIDO CORBEGE MED_2 20MX1 10MSTM STM PERSIANA"
"PERSIANA VERTICAL, EM TECIDO, COR BEGE, MED. 2,10MX1,10M PERSIANAVERTICAL EMTECIDO CORBEGE MED_2 10MX1 10MSTM STM PERSIANA"
"APARELHO DE FAC-SIMILE, PAPEL TERMICO, MEMORIA P/ 100 NUMERO APARELHODEFAC-SIMILE PAPELTERMICO MEMORIAP__100NUMEROHP HP "
"GAVETEIRO VOLANTE, COM 03 GAVETAS E RODIZIOS GAVETEIROVOLANTE COM03GAVETASERODIZIOSCADERODE CADERODE GAVETEIRO"
"ARMARIO ALTO EM MADEIRA, C/ 02 PORTAS DE ABERTURA FRONTAL IN ARMARIOALTOEMMADEIRA C__02PORTASDEABERTURAFRONTALINCADERODE CADERODE ARMARIO"
"CADEIRA DE ESTACAO DE TRABALHO, ESPALDAR MEDIO, APOIA BRACOS CADEIRADEESTACAODETRABALHO ESPALDARMEDIO APOIABRACOSCADERODE CADERODE CADEIRA DIGITADOR"
"CADEIRA DE CHEFIA, ESPALDR ALTO, APOIA BRACOS, RODIZIOS, GIR CADEIRADECHEFIA ESPALDRALTO APOIABRACOS RODIZIOS GIRCADERODE CADERODE CADEIRA CHEFIA"
"CADEIRA DE DIALOGO, SEM RODIZIOS, COM APOIA BRACOS FIXO CADEIRADEDIALOGO SEMRODIZIOS COMAPOIABRACOSFIXOCADERODE CADERODE CADEIRA INTERLOCUTOR"
"ESTACAO DE TRABALHO BASICA, EM MADEIRA, TAMPO UNICO ESTACAODETRABALHOBASICA EMMADEIRA TAMPOUNICOCADERODE CADERODE ESTACAO DE TRABALHO"
"CAMARA COLORIDA, TIPO CCD, PARA CIRCUITO FECHADO DE TV CAMARACOLORIDA TIPOCCD PARACIRCUITOFECHADODETVSHARP SHARP CAMARA COLORIDA"
BARCO GAIVOTA (V-N. SERIE: 12110200292) BARCOGAIVOTA_V-N_SERIE:12110200292_ SEM MARCA BARCO
MOTOR DE POPA (N/S. 02524670) MOTORDEPOPA_N__S_02524670_JOHNSON JOHNSON RS45RSJ
"RECEPTOR GPS,TELA COLORIDA,256 CORES,P/REDE VIA SATELITE. RECEPTORGPS TELACOLORIDA 256CORES P__REDEVIASATELITE_GARMIN GARMIN "
"GPS,TELA COLORIDA,256 CORES,P/REDE VIA SATELITE. GPS TELACOLORIDA 256CORES P__REDEVIASATELITE_GARMIN GARMIN "
"DISCO MAGNETICO RIGIDO,EXTERNO PORTATIL DE 120GB C/ CABO. DISCOMAGNETICORIGIDO EXTERNOPORTATILDE120GBC__CABO_IOMEGA IOMEGA EXTERNO 32659"
"IMPRESSORA LASER MONOCROMATICA,MEMORIA DE 32MB,100 A 240VOLT IMPRESSORALASERMONOCROMATICA MEMORIADE32MB 100A240VOLTLEXMARK LEXMARK "
MITSUBISHI L200 PICK-UPCABINEDUPLA L200GL TRACAO4X4E4X4REDUZ_ADIESEL_MITSUBISHI MITSUBISHI CAMIONETA
"COMPRESSOR ASPIRADOR DIA-PUMP,BOMBA DE VACUO C/GABINETE,110V COMPRESSORASPIRADORDIA-PUMP BOMBADEVACUOC__GABINETE 110VFANEM FANEM BOMBA DE VACUO"
"DESTILADOR DE AGUA DE EQUIP. SALVA-VIDAS,5 L/H, 220V. DESTILADORDEAGUADEEQUIP_SALVA-VIDAS 5L__H 220V_BIOPAR BIOPAR DESTILADOR"
"CAPELA EXAUSTAO GASES CAP.10M3/MIN, 110V,MED.80X60X80CM. CAPELAEXAUSTAOGASESCAP_10M3__MIN 110V MED_80X60X80CM_PERMUTION PERMUTION EXAUSTOR"
MITSUBISHI L200 PICK-UPCABINEDUPLA L200GL TRACAO4X4 05MACHAS ADIESEL_MITSUBISHI MITSUBISHI CAMIONETA
MITSUBISHI L200 PICK-UPCABINEDUPLA L200GL 4X4 05MARCHAS ADIESEL_MITSUBISHI MITSUBISHI CAMIONETA
"MICROCOMPUTADOR,PROCESSADOR 2,5GHZ,DISCO 40GB,MONITOR DE 17"" MICROCOMPUTADOR PROCESSADOR2 5GHZ DISCO40GB MONITORDE17_IBM_ IBM. QPF"
"MICROCOMPUTADOR,PROCESSADOR 2,5GHZ,DISCO 40GB,MONITOR DE 17"" MICROCOMPUTADOR PROCESSADOR2 5GHZ DISCO40GB MONITORDE17_IBM IBM., IBM THINKCENTRE"
"MICROCOMPUTADOR,PROCESSADOR 2,5GHZ,DISCO 40GB,MONITOR DE 17"" MICROCOMPUTADOR PROCESSADOR2 5GHZ DISCO40GB MONITORDE17_IBM_ IBM. THINKCENTRE"
"MICROCOMPUTADOR,PROCESSADOR 2,5GHZ,DISCO 40GB,MONITOR DE 17"" MICROCOMPUTADOR PROCESSADOR2 5GHZ DISCO40GB MONITORDE17_IBM IBM. SERIAL"
"MICROCOMPUTADOR,PROCESSADOR 2,5GHZ,DISCO 40GB,MONITOR DE 17"" MICROCOMPUTADOR PROCESSADOR2 5GHZ DISCO40GB MONITORDE17_IBM_ IBM. SERIAL"
"MICROCOMPUTADOR,PROCESSADOR 2,5GHZ,DISCO 40GB,MONITOR DE 17"" MICROCOMPUTADOR PROCESSADOR2 5GHZ DISCO40GB MONITORDE17_IBM IBM. THINKCENTRE"
"NOBREAK ON-LINE,C/ESTABILIZADOR INTERNO C/04 ESTAGIOS,115V. NOBREAKON-LINE C__ESTABILIZADORINTERNOC__04ESTAGIOS 115V_SMS_ SMS. BIVOLT."
FIAT SIENA AUTOMOVELSIENA CORCINZAAALCOOL__GASOLINA HLXFLEX_FIAT FIAT SIENA HLX FLEX
"SWITCH HUB 08 PORTAS 10/100MBITS RJ 45,FUNCAO FULL E HALF DU SWITCHHUB08PORTAS10__100MBITSRJ45 FUNCAOFULLEHALFDUETHERNET LEVEL ONE, ETHERNET FSW-0808TX"
"AGITADOR DE TUBO DE ENSAIO,TP. VORTEX,POR PRESAO,110V. AGITADORDETUBODEENSAIO TP_VORTEX PORPRESAO 110V_QUIMIS QUIMIS ELETRONICO-Q-220."
"AGITADOR MAGNETICO C/MOTOR POR INDUCAO,110V,ESC.100 A 2000RP AGITADORMAGNETICOC__MOTORPORINDUCAO 110V ESC_100A2000RPQUIMIS QUIMIS Q-261-12"
"PISTOLA DE AR QUENTE/SOPRADOR TERMICO REG. DE 110/220V,03NIV PISTOLADEARQUENTE__SOPRADORTERMICOREG_DE110__220V 03NIVFTG FTG "
"FILMADORA PORTATIL,ZOOM DIGITAL 700X,ZOOM OTICO 20X. FILMADORAPORTATIL ZOOMDIGITAL700X ZOOMOTICO20X_SONY SONY "
"CAMARA FOTOGRAFICA DIGITAL,ZOOM OPTICO DE 3X,FOCO MANUAL E A CAMARAFOTOGRAFICADIGITAL ZOOMOPTICODE3X FOCOMANUALEASONY SONY FULL HD 1080"
"CAMARA FOTOGRAFICA DIGITAL,ZOOM OPTICO DE 3X,FOCO MANUAL E A CAMARAFOTOGRAFICADIGITAL ZOOMOPTICODE3X FOCOMANUALEASONY SONY "
"MESA P/ MICROCOMPUTADOR,COMO BASE TECLADO RETRATIL,AGLOMERAD MESAP__MICROCOMPUTADOR COMOBASETECLADORETRATIL AGLOMERADCADERODE CADERODE MESA"
"GAVETEIRO VOLANTE, COM 03 GAVETAS. COR MARFIM, AGLOMERADO. GAVETEIROVOLANTE COM03GAVETAS_CORMARFIM AGLOMERADO_CADERODE CADERODE GAVETEIRO"
"SWITCH 08 PORTAS,TP.10/100 BASE,VELOC. 10 MB/S,ALIM.100/204V SWITCH08PORTAS TP_10__100BASE VELOC_10MB__S ALIM_100__204VLG LG HUB"
NISSAN FRONTIER MOD_5 TURBODIESEL PRETO XEDCX4 TRACAO4X4NISSAN NISSAN CAMINHONETE FRONTIER
"CPU,PENTIUM 4, PROCESS. 2,8GHZ, HD120GB. CPU PENTIUM4 PROCESS_2 8GHZ HD120GB_NOVADATA NOVADATA MICROCOMPUTADOR"
MONITOT SAMSUNG DE 17 POLEGADAS. MONITOTSAMSUNGDE17POLEGADAS_SAMSUNG SAMSUNG MONITOR
"APARELHO TELEFONICO CELULAR, POS PAGO, NOKIA. APARELHOTELEFONICOCELULAR POSPAGO NOKIA_NOKIA NOKIA 6585"
"ARMARIO DE ACO.TP.GUARDA-ROUPA,C/04 MODULOS E 08 PORTAS. ARMARIODEACO_TP_GUARDA-ROUPA C__04MODULOSE08PORTAS_W-3 W-3 ARMARIO DE A«O"
NISSAN FRONTIER MOD_05 TURBODIESEL CORPRETA XEDCX4 TRACAO4X4 VERSAOXE 5LUNISSAN NISSAN CAMINHONETE FRONTIER
FIAT SIENA MOD_05 ALC__GASOL CORCINZA HLXFLEX 04PORTAS 05PASSAGEIROSFIAT FIAT SIENA HLX FLEX
"PLASTIFICADORA,ESTRUTURA PLASTICA,TENSAO-127V,POTENCIA-450W. PLASTIFICADORA ESTRUTURAPLASTICA TENSAO-127V POTENCIA-450W_MENNO MENNO PLM 11"
"BEBEDOURO ELETRICO,TP.GARRAFAO-20LIT.C/02 SAIDAS,GELADA E NA BEBEDOUROELETRICO TP_GARRAFAO-20LIT_C__02SAIDAS GELADAENAESMALTEC ESMALTEC BEBEDOURO DE GUA."
NISSAN FRONTIER MOD_05 TURBODIESEL PRETO XEDCX4TRACAO4X4 VERSAOII 04PORTANISSAN NISSAN CAMINHONETE FRONTIER
"GRAMPEADOR,TIPO PROFISSIONAL DE GRANDE PORTE,CAP.25 A 100FOL GRAMPEADOR TIPOPROFISSIONALDEGRANDEPORTE CAP_25A100FOLGENMES GENMES GRAMPEADOR"
"CALCULADORA ELETRONICA,TP.MESA,C/12UN-DIGITOS,TENSAO BIVOLT. CALCULADORAELETRONICA TP_MESA C__12UN-DIGITOS TENSAOBIVOLT_SHARP SHARP EL-1801PIII"
"BOMBA MANUAL P/ GRAXA AUTOMOTIVA,CAPACIDADE 7KGS. BOMBAMANUALP__GRAXAAUTOMOTIVA CAPACIDADE7KGS_S__M S/M BOMBA MANUAL"
"CARRO VERSATIL CONICO,TP.ARMARIO,P/GUARDA DE FERRAMENTAS,08G CARROVERSATILCONICO TP_ARMARIO P__GUARDADEFERRAMENTAS 08GS__M S/M 215B"
"APARELHO DE AR CONDICIONADO DE 10.000BTUS, 220V APARELHODEARCONDICIONADODE10_000BTUS 220VLG LG TIPO JANELA"
"APARELHO DE AR CONDICIONADO DE 21.000BTUS, 220V APARELHODEARCONDICIONADODE21_000BTUS 220VLG LG TIPO JANELA"
"LAVADOR AUTOMATICO DE PIPETAS,C/CAP.P/150PIPETAS DE 10ML. LAVADORAUTOMATICODEPIPETAS C__CAP_P__150PIPETASDE10ML_S__M S/M LAVADOR"
"PORTA PIPETAS CIRCULARES,COM CAP. P/50PIPETAS. PORTAPIPETASCIRCULARES COMCAP_P__50PIPETAS_S__M S/M PORTA PIPETAS"
"BANQUETA ERGONOMICA,P/LAB.SEM RODAS,S/ENCOSTO,COM ASSENTO ES BANQUETAERGONOMICA P__LAB_SEMRODAS S__ENCOSTO COMASSENTOESS__M S/M BANQUETA ERGONOMICA"
"PAQUIMETRO DIGITAL,C/REGUA DE 20CM DE MEDICAO. PAQUIMETRODIGITAL C__REGUADE20CMDEMEDICAO_S__M S/M PAQUIMETRO DIGITAL"
"TERMO HIGROMETRO DIGITAL,C/AMOSTRAGEM DE TEMPERATURA INT.E E TERMOHIGROMETRODIGITAL C__AMOSTRAGEMDETEMPERATURAINT_EES__M S/M TERMO HIGROMETRO"
FIAT SIENA SIENA MOD_05 ALC__GAS_CORCINZA QUATROPORTAS_FIAT FIAT SIENA HLX FLEX
"MICROCOMPUTADOR PRO.PENTIUM IV,3.4SOCKET 775,MEMDDR,C/MONITO MICROCOMPUTADORPRO_PENTIUMIV 3_4SOCKET775 MEMDDR C__MONITOMSTEC MSTEC TORRE P4,ATX 400W."
"MICROCOMPUTADOR PRO.PENTIUM IV,3.4SOCKET 775,MEMDDR,C/MONITO MICROCOMPUTADORPRO_PENTIUMIV 3_4SOCKET775 MEMDDR C__MONITOMSTEC MSTEC 4BATX P-PIV"
"POLTRONA GIRATORIA C/BRACOS,ESPALDAR MEDIO,ESTRUT.ACO,RODIZI POLTRONAGIRATORIAC__BRACOS ESPALDARMEDIO ESTRUT_ACO RODIZICADERODE CADERODE POLTRONA"
"ESTACAO DE TRABALHO EM LAMINADO,MED.1,20X1,20X0,74,BIT.4CM. ESTACAODETRABALHOEMLAMINADO MED_1 20X1 20X0 74 BIT_4CM_CADERODE CADERODE ESTA«O DE TRABALHO."
"GAVETEIRO MOVEL,TP.MADEIRA AGLOMERADO,MED.440MMX460MMX520MM. GAVETEIROMOVEL TP_MADEIRAAGLOMERADO MED_440MMX460MMX520MM_CADERODE CADERODE GAVETEIRO"
GAVETEIRO GAVETEIROMOVELDE04GAVETAS NACORMARFIM CADERODE GAVETEIRO
"APARELHO DE FAC-SIMILE,C/GRAVACAO,FOLHA A4,MEMORIA DE 448KB. APARELHODEFAC-SIMILE C__GRAVACAO FOLHAA4 MEMORIADE448KB_HP HP "
"NO-BREAK,POTENCIA DE 700VA,BI VOLT,115/220V.BATERIA INTERNA NO-BREAK POTENCIADE700VA BIVOLT 115__220V_BATERIAINTERNARAGTECH RAGTECH SISTEMA DE POTªNCIA."
NOBREAK NOBREAKAPC APC APC
IVECO DAILY VAN MOD_05 TURBOINTERCOOLER CORPRETA ECILINDROS4X2_IVECO IVECO FURGAO DAILY 49.12
MALETA P/ MONITORIZACAO DE TELEFONE CELULAR/SIT. DE 08 GRAV. MALETAP__MONITORIZACAODETELEFONECELULAR__SIT_DE08GRAV_P_R P.R 8 PR
"NOTEBOOK 486 SX-25M-PA 200MB, COM ADAPTADOR E BOLSA PRETA NOTEBOOK486SX-25M-PA200MB COMADAPTADOREBOLSAPRETAPEACOK PEACOK VOYAGER P-30"
EST. TRAB. DOCUMENTOSCOPIA C/ CAMERA AUXILIAR EST_TRAB_DOCUMENTOSCOPIAC__CAMERAAUXILIARFOSTER&ampFREEMAN FOSTER & FREEMAN VSC 5000
ESTEREOMICROSCOPIO ESTEREOMICROSCOPIOLEICA LEICA Z6 APO00
EQUIP. P/ REVELACAO DE MARCAS LATENTES EM PAPEL EQUIP_P__REVELACAODEMARCASLATENTESEMPAPELFOSTER&ampFREEMAN FOSTER & FREEMAN ESDA 2
MEDIDOR DE ESPESSURA DE PAPEIS DIGITAL MEDIDORDEESPESSURADEPAPEISDIGITALWOLF WOLF M 2000
FONTE DE LUZ ULTRAVIOLETA C/ LAMPADAS - 2 COMP DE ONDAS FONTEDELUZULTRAVIOLETAC__LAMPADAS-2COMPDEONDASNEOLAB NEOLAB CN6 CABINET
FONTE PORTATIL DE LUZ ULTRAVIOLETA FONTEPORTATILDELUZULTRAVIOLETANEOLAB NEOLAB VL - 4LC
REPROESTATIVA AJUSTAVEL REPROESTATIVAAJUSTAVELKAISER KAISER 5617
VISOR PORTATIL INFRAVERMELHO C/ ESPERTSYS (SW) VISORPORTATILINFRAVERMELHOC__ESPERTSYS_SW_PITAGORAS PITAGORAS TRUESCAB
"TRANSCEPTOR PORTATIL, EM VHF/FM TRANSCEPTORPORTATIL EMVHF__FMMOTOROLA MOTOROLA HT-600"
"CARREGADOR DE BATERIA NTM 5539B, P/P-200-220V CARREGADORDEBATERIANTM5539B P__P-200-220VMOTOROLA MOTOROLA "
MITSUBISHI L200 VEICULOC__04P 05PASSAGEIROS 100CV__2_5LTS__DIESEL 05-L-200-GLSMITSUBISHI MITSUBISHI CAMIONETA
"IMPRESSORA DESK JET, HP-340. IMPRESSORADESKJET HP-340_HP HP 340"
"NOTEBOOK,366MHZ, HD 5GB,MEMO 64,CD ROM, COM MALETA NOTEBOOK 366MHZ HD5GB MEMO64 CDROM COMMALETAMICRONTRANSPORTTREK MICRON TRANSPORT TREK PENTIUM"
"MICROCOMPUTADOR CPU DESKTOP, DELL MICROCOMPUTADORCPUDESKTOP DELL DELL PENTIUM IV"
"MICROCOMPUTADOR PENTIUM IV 3.4SOCKET,C/MONITOR17""MEMDDR.400 MICROCOMPUTADORPENTIUMIV3_4SOCKET C__MONITOR17_MEMDDR_400MSTEC ASUS, MSTEC TORRE PENTIUM IV."
"MICROCOMPUTADOR PENTIUM IV 3.4SOCKET,C/MONITOR17""MEMDDR.400 MICROCOMPUTADORPENTIUMIV3_4SOCKET C__MONITOR17_MEMDDR_400MSTEC MSTEC TORRE PENTIUM IV"
"MICROCOMPUTADOR PENTIUM IV 3.4SOCKET,C/MONITOR17""MEMDDR.400 MICROCOMPUTADORPENTIUMIV3_4SOCKET C__MONITOR17_MEMDDR_400MSTEC MSTEC TORRE"
MICROCOMPUTADOR CPU DESKTOP MICROCOMPUTADORCPUDESKTOP SEM MARCA TIPO TORRE.
"MICROCOMPUTADOR PENTIUM IV 3.4SOCKET,C/MONITOR17""MEMDDR.400 MICROCOMPUTADORPENTIUMIV3_4SOCKET C__MONITOR17_MEMDDR_400MSTEC MSTEC TIPO TORRE."
"MICROCOMPUTADOR PENTIUM IV 3.4SOCKET,C/MONITOR17""MEMDDR.400 MICROCOMPUTADORPENTIUMIV3_4SOCKET C__MONITOR17_MEMDDR_400MSTEC MSTEC TORRE P-IV"
"MICROCOMPUTADOR,NOTEBOOK,PROC. 2.6GHZ,60GB,7200RPM, CD-RW. MICROCOMPUTADOR NOTEBOOK PROC_2_6GHZ 60GB 7200RPM CD-RW_HP HP TP. PESSOAL"
PISTOLA GLOCK G19 9MM PISTOLAC__MIRATRITIUM 04CARREGADORESEACESSORIOSGLOCK GLOCK G19
PISTOLA GLOCK G17 9MM PISTOLAC__MIRATRITIUM 03CARREGADORESEACESSORIOSGLOCK GLOCK G17
PISTOLA GLOCK G17 9MM PistolacommiraTRITIUM 03Carregadores recarreg_rapido hastedelimpezaemaleta_ GLOCK G17
FORD RANGER VEICULOTP_CAB_DUPLA MOTOR2SHIGH POT-132CAV_DIESEL PRATAFORD FORD RANGER
NISSAN FRONTIER CAMINHONETE MOD_06 CORPRETO 4PORTAS 4X4 OSTENSIVO_NISSAN NISSAN CAMINHONETE
NISSAN X-TERRA CAMINHONETE MOD_06 CORPRETO 4PORTAS 4X4 OSTENSIVO XTERRA2_NISSAN NISSAN CAMINHONETE
"EM FIBRA,USO OSTENSIVO,TAM.EXTRAGRANDE,PROTECAO 4420MM. EMFIBRA USOOSTENSIVO TAM_EXTRAGRANDE PROTECAO4420MM_GLAGIO GLAGIO NIVEL IIIA EG"
"EM FIBRA,USO OSTENSIVO,TAM.MEDIO,PROTECAO 3568MM2. EMFIBRA USOOSTENSIVO TAM_MEDIO PROTECAO3568MM2_CBC CBC NIVEL IIIA MM"
"EM FIBRA,USO OSTENSIVO,TAM.GRANDE,PROTECAO 3894MM2. EMFIBRA USOOSTENSIVO TAM_GRANDE PROTECAO3894MM2_CBC CBC NIVEL IIIA MG"
GM - CHEVROLET BLAZER AUTOMOVELMOD_2000 GASOLINA CORPRETA 4_3L SCPIV6_CHEVROLET GM - CHEVROLET BLAZER
FIAT MAREA VEIC_ELX1_8 04P 05LUG_MOD_2006 CORPRETOVESUVIO GASOLINA_FIAT FIAT MAREA
CAMERA FOTOGRAFICA DIGITAL CAMERAFOTOGRAFICADIGITALOLYMPUS OLYMPUS D-395
LAP TOP (NOTE BOOK) LAPTOP_NOTEBOOK_NEC NEC VERSAO M340
NISSAN FRONTIER CAMINHONETEPARATRANSP_DEPASSAGEIROECARGA_NISSAN NISSAN CAMINHONETE
"MAQUINA DE LAVAR-ELETRICA,C/KIT DE ALTA PRESSAO,1600W. MAQUINADELAVAR-ELETRICA C__KITDEALTAPRESSAO 1600W_TEKNA TEKNA MAQUINA_DE ALTA PRESSO"
"IMPRESSORA LASER, 110/220V,TIPO PAPEL A-4,RES.IMP.1200X1200. IMPRESSORALASER 110__220V TIPOPAPELA-4 RES_IMP_1200X1200_LEXMARK LEXMARK IMPRESSORA LASER"
IMPRESSORA IMPRESSORANETRIX NETRIX IMPRESSORA
"ESTACAO DE TRABALHO,TIPO MULTIFUNCIONAL, EM ""L"",PEFIL PVC. ESTACAODETRABALHO TIPOMULTIFUNCIONAL EM_L_ PEFILPVC_MOVEISPROJ_IND_ MOVEIS PROJ. IND. MESA DE ESCRITORIO"
"ARMARIO,TIPO ALTO,AGLOMERADO,C/02 PORTAS,COR MARFIM-CLARO. ARMARIO TIPOALTO AGLOMERADO C__02PORTAS CORMARFIM-CLARO_MOVEISPROJ_IND_ MOVEIS PROJ. IND. ARMARIO"
"ARMARIO,TIPO ESTANTE,MAT. AGLOMERADO,COR BEGE,C/PRATELEIRA. ARMARIO TIPOESTANTE MAT_AGLOMERADO CORBEGE C__PRATELEIRA_MOVEISPROJ_IND_ MOVEIS PROJ. IND. ARMARIO"
"GAVETEIRO MOVEL,MAT. AGLOMERADO,04 GAVETAS,MED.440X460X52MM. GAVETEIROMOVEL MAT_AGLOMERADO 04GAVETAS MED_440X460X52MM_MOVEISPROJ_IND_ MOVEIS PROJ. IND. GAVETEIRO"
"CADEIRA DE ESCRITORIO,TIPO CHEFIA,ESPALDAR ALTO,C/APOIO BRAC CADEIRADEESCRITORIO TIPOCHEFIA ESPALDARALTO C__APOIOBRACMOVEISPROJ_IND_ MOVEIS PROJ. IND. CADEIRA CHEFIA"
"CADEIRA DE ESTACAO DE TRABALHO,ESPALDAR MEDIO,APOIO BRACO. CADEIRADEESTACAODETRABALHO ESPALDARMEDIO APOIOBRACO_MOVEISPROJ_IND_ MOVEIS PROJ. IND. CADEIRA ESTA«O TRABALHO"
"CONDICIONADOR DE AR,TIPO SPLIT PISO/TETO,18.000BTUS,VOLT.220 CONDICIONADORDEAR TIPOSPLITPISO__TETO 18_000BTUS VOLT_220SPRINGERCARRIER SPRINGER CARRIER SPLIT"
"CONDICIONADOR DE AR,TIPO SPLIT PISO/TETO,24.000BTUS,VOLT.220 CONDICIONADORDEAR TIPOSPLITPISO__TETO 24_000BTUS VOLT_220SPRINGERCARRIER SPRINGER CARRIER SPLIT"
MESA DE CENTRO MESADECENTRO S/M MESA DE CENTRO
"APARELHO DE TV, 20"",A CORES,C/ CONTROLE REMOTO. APARELHODETV 20_ ACORES C__CONTROLEREMOTO_LG LG TV-20"""
"APARELHO DE TV, 20 POL, CCE APARELHODETV 20POL CCE CCE TV 20 POL"
"MESA COPA COZINHA RETANGULAR,MED.1,20X1,20,COM 06 CADEIRAS MESACOPACOZINHARETANGULAR MED_1 20X1 20 COM06CADEIRASS__M S/M MESA COPA COZINHA"
"BANCO COM 03 LUGARES,COR AZUL,ENCOSTO MEDIO,APOIO BRACO SEM BANCOCOM03LUGARES CORAZUL ENCOSTOMEDIO APOIOBRACOSEMCADERODE CADERODE CONJUNTO CADEIRA ESPERA"
"CADEIRA CAIXA GIRATORIA,ALTA, COR AZUL,SEM BRACOS. CADEIRACAIXAGIRATORIA ALTA CORAZUL SEMBRACOS_CADERODE CADERODE CADEIRA GIRATORIA"
"APARELHO DE TV, DE 14"",C/CONTROLE REMOTO,A CORES. APARELHODETV DE14_ C__CONTROLEREMOTO ACORES_S__M S/M TV- 14"""
"ARMARIO ALTO,TIPO ESTANTE,SEM PORTAS COM 03 PRATELEIRAS. ARMARIOALTO TIPOESTANTE SEMPORTASCOM03PRATELEIRAS_CADERODE CADERODE ARMARIO ALTO"
"ARMARIO ALTO,COM 02 PORTAS,MED.91,00CMX45,00CMX160,0CM. ARMARIOALTO COM02PORTAS MED_91 00CMX45 00CMX160 0CM_CADERODE CADERODE ARMARIO"
"GAVETEIRO MOVEL, GAVETEIROMOVEL  CADERODE GAVETEIRO"
"GAVETEIRO MOVEL,COM 06 GAVETAS,C/CHEVE TIPO PEDESTAL,C-MARFI GAVETEIROMOVEL COM06GAVETAS C__CHEVETIPOPEDESTAL C-MARFICADERODE CADERODE GAVETEIRO"
"ESTACAO DE TRABALHO,MED.1,40MX1,40M,MOD. EM ""L"" AGLOMERADO. ESTACAODETRABALHO MED_1 40MX1 40M MOD_EM_L_AGLOMERADO_CADERODE CADERODE MìDULO DE TRABALHO"
"NO BREAK DE 700VA, COM BATERIA INTERNA, 06 TOMADAS DE SAIDA NOBREAKDE700VA COMBATERIAINTERNA 06TOMADASDESAIDATSSHARA TS SHARA NO BREAK"
NOBREAK NOBREAKSMS SMS NO BREAK
"NO BREAK DE 1300VA, C/ BATERIA INTERNA 60HZ, 127V NOBREAKDE1300VA C__BATERIAINTERNA60HZ 127VTSSHARA TS SHARA NO BREAK"
TUBO DE EXTENSAO PARA CAMERA NIKON F6 TUBODEEXTENSAOPARACAMERANIKONF6NIKON NIKON PK11
TUBO DE EXTENSAO PARA CAMERA NIKON F6 TUBODEEXTENSAOPARACAMERANIKONF6NIKON NIKON PK12
TUBO DE EXTENSAO PARA CAMERA NIKON F6 TUBODEEXTENSAOPARACAMERANIKONF6NIKON NIKON PK13
FILTRO POLARIZADOR CIRCULAR PARA CAMERA F6 NIKON FILTROPOLARIZADORCIRCULARPARACAMERAF6NIKONNIKON NIKON 52MM
LENTE OBJETIVA PARA CAMERA F6 NIKON LENTEOBJETIVAPARACAMERAF6NIKONNIKON NIKON 50MM F/1.4 AF-D
OCULAR ANTI-EMBACANTE PARA CAMERA D2X-NIKON OCULARANTI-EMBACANTEPARACAMERAD2X-NIKONNIKON NIKON DK 17
BATERIA PARA CAMERA D70S NIKON BATERIAPARACAMERAD70SNIKONNIKON NIKON EN EL3
CAMERA FOTOGRAFICA ANALOGICA CAMERAFOTOGRAFICAANALOGICANIKON NIKON F6
CAMERA FOTOGRAFICA DIGITAL CAMERAFOTOGRAFICADIGITAL SEM MARCA 
FILTRO AZUL PARA LENTE OBJETIVA FILTROAZULPARALENTEOBJETIVANIKON NIKON B12 52MM
CABO PARA ACIONAMENTO REMOTO CABOPARAACIONAMENTOREMOTONIKON NIKON MC 30
LENTE OBJETIVA PARA CAMERA LENTEOBJETIVAPARACAMERANIKON NIKON 105MM F/2.8 MICRO
LENTE OBJETIVA PARA CAMERA LENTEOBJETIVAPARACAMERANIKON NIKON 20MM F/2.8 AF-D
ANEL ADAPTADOR PARA LENTES ANELADAPTADORPARALENTESNIKON NIKON BR2A
FILTRO PARA LENTE OBJETIVA FILTROPARALENTEOBJETIVANIKON NIKON L 37C 52MM
FILTRO PARA LENTE OBJETIVA FILTROPARALENTEOBJETIVANIKON NIKON L 37C 62MM
LENTE OBJETIVA PARA CAMERA LENTEOBJETIVAPARACAMERANIKON NIKON 18-70MM
LENTE OBJETIVA PARA CAMERA LENTEOBJETIVAPARACAMERANIKON NIKON 60MM F/2.8 MICRO
FLASH ELETRONICO PARA CAMERA FLASHELETRONICOPARACAMERANIKON NIKON SB 800
BATERIA RECARREGAVEL PARA CAMERA BATERIARECARREGAVELPARACAMERANIKON NIKON ENEL4
CAMEA FOTOGRAFICA DIGITAL CAMEAFOTOGRAFICADIGITALNIKON NIKON D70S
CARTAO DE MEMORIA PARA CAMERA DIGITAL CARTAODEMEMORIAPARACAMERADIGITALNIKON__DELKIN NIKON/DELKIN D2X
LEITOR DE CARTAO DE MEMORIA DE CAMERA DIGITAL LEITORDECARTAODEMEMORIADECAMERADIGITALNIKON__DELKIN NIKON/DELKIN READER 36
CARTAO DE MEMORIA PARA CAMERA DIGITAL CARTAODEMEMORIAPARACAMERADIGITALNIKON__DELKIN NIKON/DELKIN CF 1GB
SOFTWARE PARA CAPTURA DE IMAGEM DIGITAL SOFTWAREPARACAPTURADEIMAGEMDIGITALSONY SONY CAPTURE 4.2
MALA PARA TRANSPORTE DE CAMERA E ACESORIOS MALAPARATRANSPORTEDECAMERAEACESORIOSLOWEPRO LOWEPRO REPORTER 300 AW
MALA PARA TRANSPORTE DE CAMERA E ACESORIOS MALAPARATRANSPORTEDECAMERAEACESORIOSLOWEPRO LOWEPRO LOAD RUNNER AW
"MICRO-COMPLETO INFORWAY,PENTIUM-4,HD80GB,1GBRAM,PROC.2.8GHZ MICRO-COMPLETOINFORWAY PENTIUM-4 HD80GB 1GBRAM PROC_2_8GHZITAUTEC ITAUTEC INFOWAY"
"MICRO-COMPLETO INFORWAY,PENTIUM-4,HD80GB,1GBRAM,PROC.2.8GHZ MICRO-COMPLETOINFORWAY PENTIUM-4 HD80GB 1GBRAM PROC_2_8GHZITAUTEC ITAUTEC INFOWAY ST4250"
"MACACO HIDRAULICO,TIPO JACARE PARA 3 TONELADA. MACACOHIDRAULICO TIPOJACAREPARA3TONELADA_S__M S/M "
MAQUINA DE RESISTENCIA ELETRICA P/SOLDA FORTE. MAQUINADERESISTENCIAELETRICAP__SOLDAFORTE_S__M S/M 
"FURADEIRA DE ALTO IMPACTO, PROFISSIONAL,16MM. 127V. FURADEIRADEALTOIMPACTO PROFISSIONAL 16MM_127V_MAKITA MAKITA HP1620"
"ESTACAO DE TRABALHO,MULTIFUNCIONAL,PENINSULAR EM ""L"",AGLOME- ESTACAODETRABALHO MULTIFUNCIONAL PENINSULAREM_L_ AGLOME-MOVEISPROJETOSIND_ MOVEIS PROJETOS IND. ESTA«O DE TRABALHO"
"ARMARIO TP.ALTO,C/04 PORTAS, INFERIOR E SUPER.C/FECHADURAE/S ARMARIOTP_ALTO C__04PORTAS INFERIORESUPER_C__FECHADURAE__SMOVEISPROJETOSIND_ MOVEIS PROJETOS IND. ESTANTE"
"GAVETEIRO MOVEL,C/04 GAVETAS,MED.440MMALT.X 460MMLARX20MM PR GAVETEIROMOVEL C__04GAVETAS MED_440MMALT_X460MMLARX20MMPRMOVEISPROJETOSIND_ MOVEIS PROJETOS IND. GAVETEIRO"
"CADEIRA DE CHEFIA,ESP.ALTO,C/APOIA/BRACOS,GIRATORIA,COIR AZU CADEIRADECHEFIA ESP_ALTO C__APOIA__BRACOS GIRATORIA COIRAZUMOVEISPROJETOSIND_ MOVEIS PROJETOS IND. CADEIRA DE CHEFIA"
"CADEIRA DE ESTACAO DE TRABALHO,ESP.MEDIO,GIRATORIA,COR AZUL CADEIRADEESTACAODETRABALHO ESP_MEDIO GIRATORIA CORAZULMOVEISPROJETOSIND_ MOVEIS PROJETOS IND. CADEIRA DE ESTA. TRABALHO"
"CADEIRA DE ESTACAO SE TRABALHO,ESP.MEDIO,GIRATORIA,COR AZUL CADEIRADEESTACAOSETRABALHO ESP_MEDIO GIRATORIA CORAZULMOVEISPROJETOSIND_ MOVEIS PROJETOS IND. CADEIRA DE EST. DE TRABALHO"
"ARMARIO TP.ALTO,C/04PORTAS,INFERIOR E SUPERIOR,C/FECHADURA/S ARMARIOTP_ALTO C__04PORTAS INFERIORESUPERIOR C__FECHADURA__SMOVEISPROJETOSIND_ MOVEIS PROJETOS IND. ESTANTE"
"CADEIRA DE CHEFIA,ESP. ALTO,C/APOIA BRACOS,GIRATORIA,COR AZU CADEIRADECHEFIA ESP_ALTO C__APOIABRACOS GIRATORIA CORAZUMOVEISPROJETOSIND_ MOVEIS PROJETOS IND. CADEIRA DE CHEFIA"
"MESA P/ CHEFIA,ESTACAO DE TRABALHO,TAMPO UNICO,C/SUPERF.P/RE MESAP__CHEFIA ESTACAODETRABALHO TAMPOUNICO C__SUPERF_P__REMIRANTEMiVEIS MIRANTE MìVEIS MESA"
"MESA P/CHEFIA,ESTACAO DE TRAB.TAMPO UNICO,E GAVETEIRO TP.PED MESAP__CHEFIA ESTACAODETRAB_TAMPOUNICO EGAVETEIROTP_PEDMIRANTIMaVEIS MIRANTI MäVEIS MESA P/ REUNIÞO"
"MESA P/CHEFIA,ESTACAO DE TRAB.TAMPO UNICO,E GAVETEIRO TP.PED MESAP__CHEFIA ESTACAODETRAB_TAMPOUNICO EGAVETEIROTP_PEDMIRANTIMiVEIS MIRANTI MìVEIS MESA P/ CHEFIA."
"MOTOR ELETRICO P/PORTAO ELETRONICO,CAP.700KG,1/2HP DE POTENC MOTORELETRICOP__PORTAOELETRONICO CAP_700KG 1__2HPDEPOTENCEURO EURO MOTOR EL©TRICO"
"APARELHO DE AR COND.DE 18000BTUS,220V,TP.SPLIT,C/REMOTO,BRAN APARELHODEARCOND_DE18000BTUS 220V TP_SPLIT C__REMOTO BRANELETROLUX ELETROLUX AR CONDICIONADO"
"APARELHO DE AR COND.DE 18000BTUS,220V,TP.SPLIT,C/REMOTO,BRAN APARELHODEARCOND_DE18000BTUS 220V TP_SPLIT C__REMOTO BRANGREE GREE AR CONDICIONADO"
"MAQUINA PLASTIFICADORA, EM ACO,MED.440MMX285MM,TENSAO 127V. MAQUINAPLASTIFICADORA EMACO MED_440MMX285MM TENSAO127V_MRMAQUINAS MR MAQUINAS P-380"
"MAQUINA FRAGMENTADORA DE PAPEL,MOD.1512X,CAP.P/15FOLHAS,127V MAQUINAFRAGMENTADORADEPAPEL MOD_1512X CAP_P__15FOLHAS 127VMENO MENO FRAGMENTADORA DE PAPEL"
"APARELHO DE AR COND.TP.SPLIT,DE18.000BTUS,TENSAO 220V,C/REMO APARELHODEARCOND_TP_SPLIT DE18_000BTUS TENSAO220V C__REMOSPRINGERCARRIER SPRINGER CARRIER SPLIT PISO/TETO"
"APARELHO DE AR COND.TP.SPLIT,DE24.000BTUS,TENSAO 220V,C/REMO APARELHODEARCOND_TP_SPLIT DE24_000BTUS TENSAO220V C__REMOSPRINGERCARRIER SPRINGER CARRIER SPLIT PISO/TETO"
"MESA P/REUNIAO REDONDA,MAD.AGLOMERADO,MARFIM,MED.120CMX72CM. MESAP__REUNIAOREDONDA MAD_AGLOMERADO MARFIM MED_120CMX72CM_CADERODE CADERODE MESA REDONDA"
"CADEIRA C/BRACO,C/05 PES,SIST.RODIZIOS, REGULAVEL,PES CROMAD CADEIRAC__BRACO C__05PES SIST_RODIZIOS REGULAVEL PESCROMADCADERODE CADERODE CADEIRA P/ DIGITADOR"
"MESA P/REUNIAO REDONDA,AGLOMERADO,MED.120CMX72CM,01 PES. MESAP__REUNIAOREDONDA AGLOMERADO MED_120CMX72CM 01PES_CADERODE CADERODE MESA P/ REUNIO"
"CADEIRA C/BRACO,TP. RECEPCIONISTA,COR AZUL,C/RODIZIOS,REGULA CADEIRAC__BRACO TP_RECEPCIONISTA CORAZUL C__RODIZIOS REGULACADERODE CADERODE CADEIRA C/ BRA«O"
"CADEIRA C/BRACO,TP.RECEPIC.C/05 PES,COR AZUL,RODIZIOS,REGULA CADEIRAC__BRACO TP_RECEPIC_C__05PES CORAZUL RODIZIOS REGULACADERODE CADERODE CADEIRA C/ BRA«O"
"ARQUIVO DE ACO P/ PASTA SUSPENSAS,C/ 04 GAVETAS,C/FECHADURA. ARQUIVODEACOP__PASTASUSPENSAS C__04GAVETAS C__FECHADURA_W3 W3 ARQUIVO DE A«O"
"ARMARIO P/ ESCRITORIO,EM ACO,C/06 PORTAS,MED.90CMX198CMX0,42 ARMARIOP__ESCRITORIO EMACO C__06PORTAS MED_90CMX198CMX0 42W3 W3 ARQUIVO DE A«O"
"APARELHO DE AR COND.DE 30.000BTUS,TENSAO,110/220V E 60HZ. APARELHODEARCOND_DE30_000BTUS TENSAO 110__220VE60HZ_SPRINGER SPRINGER APARELHO AR CONDICIONDO"
"APARELHO DE AR COND.DE 12.000BTUS,TENSAO/220V E 60HZ. APARELHODEARCOND_DE12_000BTUS TENSAO__220VE60HZ_SPRINGER SPRINGER APARELHO AR CONDICIONDO"
"APARELHO DE AR COND.DE 18.000BTUS,TENSAO/220V E 60HZ. APARELHODEARCOND_DE18_000BTUS TENSAO__220VE60HZ_SPRINGER SPRINGER APARELHO AR CONDICIONDO"
"APARELHO TELEFONICO,C/FIO E TECLADO,CAMPAINHA C/MUSICA E TOQ APARELHOTELEFONICO C__FIOETECLADO CAMPAINHAC__MUSICAETOQSANTEL SANTEL APARELHO TELEFNICO."
"APARELHO TELEFONICO,C/FIO E TECLADO,CAMPAINHA C/MUSICA E TOQ APARELHOTELEFONICO C__FIOETECLADO CAMPAINHAC__MUSICAETOQSANTELNIC SANTELNIC APARELHO TELEFNICO."
"APARELHO FAC-SIMILE,BANDEJA P/50FLS.A-4,REFIL X-FA57A,110V. APARELHOFAC-SIMILE BANDEJAP__50FLS_A-4 REFILX-FA57A 110V_PANASONIC PANASONIC KX-FHD332."
"APARELHO FAC-SIMILE,BANDEJA P/50FLS.A-4,REFIL X-FA57A,110V. APARELHOFAC-SIMILE BANDEJAP__50FLS_A-4 REFILX-FA57A 110V_PANASONIC PANASONIC KX-FHD332"
"FUZIL DE ASSALTO HK G36 5,56MM FUZILDEASSALTOHKG365 56X45MM HK HK G36CV"
"FUZIL DE ASSALTO HK G36 5,56MM FUZILDEASSALTOHKG365 56X45MM HK HK G36KV"
GUARDA-MAO COM LANTERNA P/ MP5A5 GUARDA-MAOCOMLANTERNAP__MP5A5HK HK GUARDA-MAO MP5A5-628
ESTABILIZADOR ESTABILIZADORSMS SMS UX)
ESTABILIZADOR C/3KVA DE POTENCIA E FREQUENCIA DE 60HZ. ESTABILIZADORC__3KVADEPOTENCIAEFREQUENCIADE60HZ_CSINDUST_ELETRENICA CS INDUST. ELETRÊNICA 301 TI (PìLUX)
ESTABILIZADOR  ESTABILIZADORUPS UPS LUX)
ESTABILIZADOR C/3KVA DE POTENCIA E FREQUENCIA DE 60HZ. ESTABILIZADORC__3KVADEPOTENCIAEFREQUENCIADE60HZ_CSINDUST_ELETRENICA CS INDUST. ELETRÊNICA 301 TI (PÌLUX)
"ESTOFADO COM 03 E 02 LUGARES, TECIDO COR AZUL PADRAO. ESTOFADOCOM03E02LUGARES TECIDOCORAZULPADRAO_PELMEX PELMEX CONJUNTO ESTOFADO."
"CONJUNTO ESTOFADO COM 03 E 02 LUGARES,TECIDO COR AZUL PADRAO CONJUNTOESTOFADOCOM03E02LUGARES TECIDOCORAZULPADRAOPELMEX PELMEX "
"ARMARIO DE ACO TP. GUARDA-ROUPA,CHAPA-20,C/08 PORTAS,COR BEG ARMARIODEACOTP_GUARDA-ROUPA CHAPA-20 C__08PORTAS CORBEGFUTURA FUTURA ARMARIO DE A«O"
"IMPRESSORA A LASER,TENSAO 110V,TP. PAPEL A-4 E A-5,INTERFACE IMPRESSORAALASER TENSAO110V TP_PAPELA-4EA-5 INTERFACELEXMARK LEXMARK T-430DN"
"IMPRESSORA A LASER,TENSAO 110V, TP. PAPEL A-4 E A-5,INTERFAC IMPRESSORAALASER TENSAO110V TP_PAPELA-4EA-5 INTERFACLEXMARK LEXMARK T-430DN"
IMPRESSORA  IMPRESSORALEXMARK LEXMARK 
BALANCA ANALITICA BALANCAANALITICAMETTLERTOLEDO METTLER TOLEDO XP205
BALANCA DE PRECISAO BALANCADEPRECISAOMETTLERTOLEDO METTLER TOLEDO X56002SDR
BALANCA DE ALTA PRECISAO COM ACESSORIOS BALANCADEALTAPRECISAOCOMACESSORIOS SEM MARCA KB60.02
MEDIDOR DE PH (PHMETRO) C/ IMP MEDIDORDEPH_PHMETRO_C__IMPMETROHM METROHM 780
APARELHO PARA DETERM. DO PONTO DE FUSAO E EBULICAO APARELHOPARADETERM_DOPONTODEFUSAOEEBULICAOMETTLERTOLEDO METTLER TOLEDO FP81HT
REFRATOMETRO REFRATOMETRO SEM MARCA ABBE-3L
TRIPE PARA CAMERA FOTOGRAFICA TRIPEPARACAMERAFOTOGRAFICAVELBON VELBON CX-686
"MICROCOMPUTADOR,COMPLETO INFOWAY ST425+WXP PRO,C/MONITOR 17"" MICROCOMPUTADOR COMPLETOINFOWAYST425+WXPPRO C__MONITOR17_ITAUTEC ITAUTEC INFOWAY ST4261"
"MICROCOMPUTADOR,COMPLETO INFOWAY ST425+WXP PRO, MICROCOMPUTADOR COMPLETOINFOWAYST425+WXPPRO ITAUTEC ITAUTEC PENTIUM-4."
"MICROCOMPUTADOR,COMPLETO INFOWAY ST425+WXP PRO,C/MONITOR 17"" MICROCOMPUTADOR COMPLETOINFOWAYST425+WXPPRO C__MONITOR17_ITAUTEC ITAUTEC INFOWAY ST4251"
MICROCOMPUTADOR  MICROCOMPUTADOR SEM MARCA 
"MICROCOMPUTADOR,COMPLETO INFOWAY ST425+WXP PRO,C/MONITOR 17"" MICROCOMPUTADOR COMPLETOINFOWAYST425+WXPPRO C__MONITOR17_ITAUTEC ITAUTEC PENTIUM-4."
MICROCOMPUTADOR MICROCOMPUTADOR SEM MARCA 
DESUMIDIFICADOR DE AR DESUMIDIFICADORDEARARTEL ARTEL 16MR 110V
ESTABILIZADOR DE TENSAO ESTABILIZADORDETENSAOBMI BMI 1 KVA BIVOLT.
LANCADOR DE MUNIÇÃO MENOS LETAL CALIBRE 37/38MM LANCADORDEMUNICAONAO-LETALCONDOR CONDOR AM-600
"EM FIBRA,USO OSTENSIVO,TAMANHO MEDIO,PROTECAO 3568 MM2 EMFIBRA USOOSTENSIVO TAMANHOMEDIO PROTECAO3568MM2CBC CBC NIVEL III A MM"
MALETA DE DETECCAO E CONTRA-ESPIONAGEM 3 CHZ MALETADEDETECCAOECONTRA-ESPIONAGEM3CHZREI REI OSCOR5000 DE LUXE PACKAGE
"DETECTOR DE JUNCAO NAO LINEAR, C/KIT DE FERRAMENTAS. DETECTORDEJUNCAONAOLINEAR C__KITDEFERRAMENTAS_REI REI NJE 4000 ORION"
TIME DOMAIN REFLECTOMETER. TIMEDOMAINREFLECTOMETER_REI REI TDR 1270
REPETIDORA DIGITAL INDEPENDENTE REPETIDORADIGITALINDEPENDENTEEADS__TELECOM EADS/TELECOM HR6005 IDR
CAIXA DE TRANSPORTE TATICA P/ MAT. DE COMUNICACAO CAIXADETRANSPORTETATICAP__MAT_DECOMUNICACAOEADS__TELECOM EADS/TELECOM RSC-01 CAIXA DE TRANSPORT
CAIXA DE TRANSPORTE TATICA P/ MAT. DE COMUNICACAO CAIXADETRANSPORTETATICAP__MAT_DECOMUNICACAOEADS__TELECOM EADS/TELECOM MSC-01 CAIXA DE TRANSPORT
TRASCEPTOR PORTATIL TRASCEPTORPORTATILEADS__TELECOM EADS/TELECOM TR 1131 RADIO PORTATIL P2
ESTACAO MOVEL VHF/UHF ESTACAOMOVELVHF__UHFEADS__TELECOM EADS/TELECOM RADIO MOVEL PRO-HT-6991
CARREGADOR PORTATIL DE BATERIA CARREGADORPORTATILDEBATERIAEADS__TELECOM EADS/TELECOM HR5913 CARREG BAT P/ VIAG
MICROFONE MICROFONEEADS__TELECOM EADS/TELECOM 
MICROFONE MICROFONE SEM MARCA 
MICROFONE  MICROFONE EADS/TELECOM 
MICROFONE MICROFONE EADS/TELECOM 
MICROFONE DE CABECA MICROFONEDECABECAEADS__TELECOM EADS/TELECOM 
CARREGADOR PORTATIL DE BATERIA CARREGADORPORTATILDEBATERIAEADS__TELECOM EADS/TELECOM HR5941 CARREGADOR BAT MUL
PK 1391 ANTENA PK1391ANTENAEADSTELECOM EADS TELECOM PK1391 ANTENA
MICROFONE TIPO VIP MICROFONETIPOVIPEADSTELECOM EADS TELECOM HT 6183 MICROFONE TIPO VI
"HR 7365 BATERIA NIMH 2,3 AH 4,8V HR7365BATERIANIMH2 3AH4 8VEADS__TELECOM EADS/TELECOM HR 7365 BATERIA"
"MICROFONE INDUTIVO H 2,3 AH 4,8V MICROFONEINDUTIVOH2 3AH4 8VEADS__TELECOM EADS/TELECOM HR 6188 MICROFONE INDUTIVO"
CAPA DE COURO PARA TERMINAL P2G S CAPADECOUROPARATERMINALP2GSEADS__TELECOM EADS/TELECOM HR 1852 CAPA DE COURO
CLIP (PRENDEDOR) PARA CINTO CLIP_PRENDEDOR_PARACINTOEADS__TELECOM EADS/TELECOM HR 6210 CLIP PARA CINTO.
ANTENA VERTICAL ( KATHREIN) ANTENAVERTICAL_KATHREIN_EADS__TELECOM EADS/TELECOM 720 880 ANTENA VERTICAL
CABO PARA TELECOMUNICACOES. CABOPARATELECOMUNICACOES_EADS__TELECOM EADS/TELECOM HG5111A CABO DE REF DE 10M.
CABO PARA TELECOMUNICACOES COM 30M. CABOPARATELECOMUNICACOESCOM30M_EADS__TELECOM EADS/TELECOM HG5111B CABO DE REF
MASTRO TATICO. MASTROTATICO_EADS__TELECOM EADS/TELECOM MP9F/L
CABO DE RF COM 20M CABODERFCOM20MEADS__TELECOM EADS/TELECOM SCF 12 50J
TUBO PARA ACONDICIONAMENTO DE ANTENA. TUBOPARAACONDICIONAMENTODEANTENA_EADS__TELECOM EADS/TELECOM HT8231
"BEBEDOURO P/GARRAFA DE 20LT.C/SISTEMA DE REFRIGERACAO,110V. BEBEDOUROP__GARRAFADE20LT_C__SISTEMADEREFRIGERACAO 110V_ESMALTEC ESMALTEC BEBEDOURO"
"CONJUNTO DE ESTOFADO, C/03 E 02 LUGARES,COR AZUL. CONJUNTODEESTOFADO C__03E02LUGARES CORAZUL_PELMEX PELMEX CONJUNTO ESTOFADO"
"MAQUINA FOTOGRAFICA, DIGITAL, 5.1 MEGA PIXELS MAQUINAFOTOGRAFICA DIGITAL 5_1MEGAPIXELSSONY SONY DSC-P93"
"APARELHO DE GPS, GARMIN V, COM ACESSORIOS APARELHODEGPS GARMINV COMACESSORIOSGARMIN GARMIN GPS"
CAMARA FOTOGRAFICA DIGITAL CAMARAFOTOGRAFICADIGITALCANON CANON 
COMPUTADOR TIPO NOTEBOOK E ACESSORIOS COMPUTADORTIPONOTEBOOKEACESSORIOSPCCHIPS PCCHIPS GREEN 320
"AR CONDICIONADO,TIPO SPLIT,C/60.000BTU/H,TENSAO-220V,GAS R-2 ARCONDICIONADO TIPOSPLIT C__60_000BTU__H TENSAO-220V GASR-2TRANEDXPA050 TRANE DXPA 050 AR COND CENTRAL"
"AR CONDICIONADO,TIPO SPLIT,C/90.000BTU/H,TENSAO-220V,GAS R-2 ARCONDICIONADO TIPOSPLIT C__90_000BTU__H TENSAO-220V GASR-2TRANEDXPA075 TRANE DXPA 075 AR COND CENTRAL"
"ALGEMA P/PUNHOS EM ACO INOX, ACABAMENTO POLIDO. ALGEMAP__PUNHOSEMACOINOX ACABAMENTOPOLIDO_SAFENITE SAFENITE TIPO DOBRADI«A"
"ALGEMA P/PUNHOS EM ACO INOX, ACABAMENTO POLIDO. ALGEMAP__PUNHOSEMACOINOX ACABAMENTOPOLIDO_SAFENITE SAFENITE TIPO CORRENTE"
"APARELHO DE FAC-SIMILE, SHARP UX-45 APARELHODEFAC-SIMILE SHARPUX-45SHARP SHARP UX-45"
"APARELHO DE DVD PLAYER, COM ACESSORIOS APARELHODEDVDPLAYER COMACESSORIOSESNDVD-2002-DN ESN DVD-2002-DN ESN DVD-2002-DN"
APARELHO DE DVD PLAYER APARELHODEDVDPLAYERPHILIPS PHILIPS DVP3005K-78
"APARELHO DE DVD PLAYER, MINI APARELHODEDVDPLAYER MINIPHILIPS PHILIPS DVP4000-78"
"CAMERA FOTOGRAFIXA, DIGITAL, 5.1MP, 3XZOOM OTICO, PRATA CAMERAFOTOGRAFIXA DIGITAL 5_1MP 3XZOOMOTICO PRATASONY SONY CYBERSHOT DSC-W5"
"CAMERA FOTOGRAFIXA, DIGITAL, 5.0MP,PRATA, SEM ACESSORIOS CAMERAFOTOGRAFIXA DIGITAL 5_0MP PRATA SEMACESSORIOSSANSUNG SANSUNG DIGIMAX A502"
"GRAVADOR DIGITAL, POWERPACK DVR-800 III GRAVADORDIGITAL POWERPACKDVR-800IIIPOWERPACK POWERPACK DVR-800 III"
"NOTEBOOK, C/ ACESSØRIOS, HD 40GB WINXP NOTEBOOK C__ACESSRIOS HD40GBWINXP SEM MARCA NOTEBOOK"
"IMPRESSORA JATO DE TINTA, DESKJET HP 3535 IMPRESSORAJATODETINTA DESKJETHP3535HP HP HP 3535"
"MAQUINA FRAGMENTADORA DE PAPEL,A-4,CAP.P/10FLS.,110V OU BIVO MAQUINAFRAGMENTADORADEPAPEL A-4 CAP_P__10FLS_ 110VOUBIVOMENNO MENNO APARELHO FRAGMENTADOR"
"APARELHO DE AR CONDICIONADO, TP.SPLIT DE 30.000BTUS,220V APARELHODEARCONDICIONADO TP_SPLITDE30_000BTUS 220VGREE GREE SPLIT"
"SWITCH DE 24 PORTAS FAST ETHERNET E 02 PORTAS GIGABIT,10/100 SWITCHDE24PORTASFASTETHERNETE02PORTASGIGABIT 10__100SM SM HUB"
SWITCH  SWITCHD-LINK D LINK HUB
SWITCH  SWITCHPLANET PLANET HUB
"CAMERA FOTOGRAFICA DIGITAL, SONY. CAMERAFOTOGRAFICADIGITAL SONY_SONY SONY DSC-S40"
FAC-SIMILE PANASONIC KX-FT901LA FAC-SIMILEPANASONICKX-FT901LAPANASONICKX-FT901LA PANASONIC KX-FT901LA FAX
MICROCOMPUTADOR DESKTOP EX TIPO1. MICROCOMPUTADORDESKTOPEXTIPO1_COMPAQ COMPAQ PENTIUM III
"MONITOR DE VIDEO DE 15"". MONITORDEVIDEODE15__ITAUTEC ITAUTEC IT15L102"
"MONITOR DE VIDEO DE 14"". MONITORDEVIDEODE14__LG LG IT15L102"
NOTEBOOK C/ ACESS. HD40GB WINXP. NOTEBOOKC__ACESS_HD40GBWINXP_N__T N/T N/T
GABINETE P/CPU C/04 BAIAS COM FONTE. GABINETEP__CPUC__04BAIASCOMFONTE_DR_HANK DR. HANK BRANCO
"MONITOR DE VIDEO, DELL MONITORDEVIDEO DELL DELL "
IMPRESSORA DESKJET HP D1460 IMPRESSORADESKJETHPD1460 HP HP
IMPRESSORA DESKJET HP  IMPRESSORADESKJETHP HP HP
IMPRESSORA DESKJET HP PSC1500 MULTIFUNCIONAL IMPRESSORADESKJETHPPSC1500MULTIFUNCIONALHP-PSC1500 HP-PSC1500 HP
IMPRESSORA DESKJET HP 3920. IMPRESSORADESKJETHP3920_HP-3920 HP-3920 HP
IMPRESSORA DESKJET HP 3745. IMPRESSORADESKJETHP3745_HP-3745 HP-3745 HP
IMPRESSORA DESKJET HP 3535. IMPRESSORADESKJETHP3535_HP-3535 HP-3535 HP
IMPRESSORA DESKJET HP 3745. IMPRESSORADESKJETHP3745_HP-3745 HP HP
IMPRESSORA DESKJET HP IMPRESSORADESKJETHP HP-3745 HP
IMPRESSORA DESKJET HP IMPRESSORADESKJETHP HP HP
"FOGAO INDUSTRIAL A GAS, COM RELOGIO E MANGUEIRA.(MEDIA) FOGAOINDUSTRIALAGAS COMRELOGIOEMANGUEIRA__MEDIA_TROPICAL TROPICAL FOGO"
"SUPORTE DE GARRAFAO DE AGUA DE 20LITROS,NATURAL. SUPORTEDEGARRAFAODEAGUADE20LITROS NATURAL_TECA TECA "
"MAQUINA DE CALCULAR ELETRONICA,110/220V,C/12DIGITOS,BOBINA P MAQUINADECALCULARELETRONICA 110__220V C__12DIGITOS BOBINAPOLIVETI OLIVETI LOGOS 662"
"NOBREAK,TRIFASICO,POTENCIA 10KVA, TENSAO 220V,C/BATERIAS SEL NOBREAK TRIFASICO POTENCIA10KVA TENSAO220V C__BATERIASSELAMPLIMAG AMPLIMAG FONTE DE ALIMENTA«O-PTX"
"ARMARIO MADEIRA AGLOMERADO,C/02 PORTAS,ALT.1,66XLARG.91CMX49 ARMARIOMADEIRAAGLOMERADO C__02PORTAS ALT_1 66XLARG_91CMX49CADERODE CADERODE ARMARIO"
"GAVETEIRO MOVEL, C/03 GAVETAS,COR PAU MARFIM. GAVETEIROMOVEL C__03GAVETAS CORPAUMARFIM_CADERODE CADERODE M1147"
"ESTACAO DE TRABALHO BASICA,EM PAU MARFIM,TAMPO UNICO. ESTACAODETRABALHOBASICA EMPAUMARFIM TAMPOUNICO_CADERODE CADERODE ESTAÞO DE TRABALHO"
"POLTRONA PARA DIGITADOR,GIRATORIA,C/ESPADAR MEDIO,BRACOS,AZU POLTRONAPARADIGITADOR GIRATORIA C__ESPADARMEDIO BRACOS AZUCADERODE CADERODE CADEIRA DIGITADOR."
"CADEIRA PARA INTERLOCUTOR,S/BRACOS,FIXA,ESTOFADO COR AZUL. CADEIRAPARAINTERLOCUTOR S__BRACOS FIXA ESTOFADOCORAZUL_CADERODE CADERODE CADEIRA FIXA."
"APARELHO DE AR CONDICIONADO,18000BTUS,JANELEIRO,220V. APARELHODEARCONDICIONADO 18000BTUS JANELEIRO 220V_GREE GREE GJ18"
"TELEVISOR TELA DE 20"", COLOR, HPS2073, 110V. TELEVISORTELADE20_ COLOR HPS2073 110V_CCE CCE HPS2073"
BEBEDOURO DE COLUNA PARA AGUA DE GARRAFAO DE 20LIT.110V. BEBEDOURODECOLUNAPARAAGUADEGARRAFAODE20LIT_110V_ESMALTEC ESMALTEC EGC35A
"ARMARIO C/04 GAVETAS,P/PASTAS SUSPENSAS,ESTRUTURA EM ACO. ARMARIOC__04GAVETAS P__PASTASSUSPENSAS ESTRUTURAEMACO_MOVEISELITE_ MOVEIS ELITE. ARMARIO DE AO"
"ADIPOMETRO, FORMATO APALPA C/MOLA DE PRESAO CONSTANTE 10G/MM ADIPOMETRO FORMATOAPALPAC__MOLADEPRESAOCONSTANTE10G__MMS__M_ S/M. ADIPMETRO"
APARELHO DE TELEVISAO COM CONTROLE REMOTO. APARELHODETELEVISAOCOMCONTROLEREMOTO_CCE CCE 
"CALCULADORA ELETRONICA, COM 12-DIGITOS,TP.MESA,TENSAO-110V. CALCULADORAELETRONICA COM12-DIGITOS TP_MESA TENSAO-110V_OLIVETTI OLIVETTI SUMMA220"
"NO-BREAK POTENCIA 1500KVA,TENSAO 110/127V,ESTABILIZADO. NO-BREAKPOTENCIA1500KVA TENSAO110__127V ESTABILIZADO_FORCE-LINE FORCE-LINE FONTE DE ALIMEWNTAÞO"
NOBREAK NOBREAKAPC APC FONTE DE ALIMENTAÇÃO
NOBREAK  NOBREAKAPC APC FONTE DE ALIMEWNTAÞO
"RADIO COM CARREGADOR, CAPA E DUAS BATERIAS. RADIOCOMCARREGADOR CAPAEDUASBATERIAS_MOTOROLA MOTOROLA "
"RADIO COM CARREGADOR, CAPA E DUAS BATERIAS. RADIOCOMCARREGADOR CAPAEDUASBATERIAS_MOTOROLA MOTOROLA RADIO"
"BEBEDOURO DE COLUNA P/AGUA, NATURAL E GELADA, 110V. BEBEDOURODECOLUNAP__AGUA NATURALEGELADA 110V_BEGEL BEGEL STILL"
"FRAGMENTADORA DE PAPEL/CD/DVD,CORTA 08FLS,PAPEL A-4,110V. FRAGMENTADORADEPAPEL__CD__DVD CORTA08FLS PAPELA-4 110V_AURORAAS810SD AURORA AS 810SD AS-618-SB"
"FRAGMENTADORA DE PAPEL/CD/DVD,CORTA 08FLS,PAPEL A-4,110V. FRAGMENTADORADEPAPEL__CD__DVD CORTA08FLS PAPELA-4 110V_AURORA AURORA AS1018CD"
"FRAGMENTADORA DE PAPEL/CD/DVD,CORTA 08FLS,PAPEL A-4,110V. FRAGMENTADORADEPAPEL__CD__DVD CORTA08FLS PAPELA-4 110V_AURORAAS810SD AURORA AS 810SD AS1018CD"
MOTOR DE POPA 15HP MERCURY MOTORDEPOPA15HPMERCURY MERCURIO MERCURY
MOTOR DE POPA 30HP MOTORDEPOPA30HPYAMAHA- YAMAHA- YAMAHA
"BARCO DE ALUMINIO, 5.85X1,40M, COR CINZA E AZUL. BARCODEALUMINIO 5_85X1 40M CORCINZAEAZUL_METALOESTENAUTICA_ METAL OESTE NAUTICA. "
"BARCO DE ALUMINIO, COMP. 5M. BARCODEALUMINIO COMP_5M_METALOESTENAUTICA_ METAL OESTE NAUTICA. "
REFRIGERADOR REFRIGERADORDUPLEX SIST_DEGELOFROSTFREE CORBRANCA 110V_ELETROLUX ELETROLUX REFRIGERADOR DUPLEX
"CAFETEIRA INDUSTRIAL ELETRICA C/ 02 DEPOSITO,DE 05LIT. 110V. CAFETEIRAINDUSTRIALELETRICAC__02DEPOSITO DE05LIT_110V_UNIVERSAL UNIVERSAL CAFETEIRA ELETRICA"
"CAMERA FILMADORA DCR-DVD108,TL.CRISTAL,HANDY CAN,110/220V CAMERAFILMADORADCR-DVD108 TL_CRISTAL HANDYCAN 110__220VSONY SONY DCR-DVD 108"
"CAMERA FILMADORA DCR-DVD105,HANDY CAN,TEL.LIQUIDA,110/220V. CAMERAFILMADORADCR-DVD105 HANDYCAN TEL_LIQUIDA 110__220V_SONY__DCR-DVD108 SONY/DCR-DVD108 FILMADORA PORTTIL"
"CAMERA FILMADORA DCR-DVD108,HANDY CAN,TL.LIQUIDO.110/220V CAMERAFILMADORADCR-DVD108 HANDYCAN TL_LIQUIDO_110__220VSONY SONY DCR-DVD 108"
"CAMERA FILMADORA DCR-DVD108,HANDY CAN,TL LIQUIDO.110/220V CAMERAFILMADORADCR-DVD108 HANDYCAN TLLIQUIDO_110__220VSONY SONY DCR-DVD 108"
CAMERA FILMADORA SONY CAMERAFILMADORASONY SONY 
"CAMERA FILMADORA DCR-DVD108,RANDY CAN,TL.LIQUIDO.110/220V CAMERAFILMADORADCR-DVD108 RANDYCAN TL_LIQUIDO_110__220VSONY SONY DCR-DVD 108"
CAMERA FILMADORA DCR-SR68 SONY CAMERAFILMADORADCR-SR68SONY SONY DCR-SR68
"IMPRESSORA LASER, LASERJET LEXMARK-E120 E CABO, 110V. IMPRESSORALASER LASERJETLEXMARK-E120ECABO 110V_LEXMARK LEXMARK E120"
"FRAGMENTADOR DE PAPEL,CD E DVD,CAP.CORTAR 08FLS.A-4,110V. FRAGMENTADORDEPAPEL CDEDVD CAP_CORTAR08FLS_A-4 110V_AURORAAS810SD_ AURORA AS 810SD. FRAGMENTADORA DE PAPEL"
"FRAGMENTADOR DE PAPEL,CD E DVD,CAP.CORTAR 08FLS.A-4,110V. FRAGMENTADORDEPAPEL CDEDVD CAP_CORTAR08FLS_A-4 110V_ SEM MARCA FRAGMENTADORA DE PAPEL"
CLAVICULÁRIO EM MADEIRA CLAVICULARIOEMMADEIRA SEM MARCA CLAVICULÁRIO.
"CLAVICULARIO,MAT.CHAPA DE ACO,COMP.52CMX46CMX16CM,CAP.100CHV CLAVICULARIO MAT_CHAPADEACO COMP_52CMX46CMX16CM CAP_100CHVPONTUAL_ PONTUAL. CLAVICULRIO."
"CONJ.DE 04 CADEIRAS,ESTRUT.DE LONGARINA,ESPALDAR MEDIO,EM PV CONJ_DE04CADEIRAS ESTRUT_DELONGARINA ESPALDARMEDIO EMPVSHOPPINGDOESCRITORIO SHOPPING DO ESCRITORIO CONJ. CADEIRAS ESPERA"
"CONJ.DE 02 CADEIRAS,ESTRUT.DE LONGARINA,ESPALDAR MEDIO,EM PV CONJ_DE02CADEIRAS ESTRUT_DELONGARINA ESPALDARMEDIO EMPVSHOPPINGDOESCRITORIO SHOPPING DO ESCRITORIO CONJ. CADEIRAS ESPERA"
"CONJ.DE 03 CADEIRAS,ESTRUT.DE LONGARINA,ESPALDAR MEDIO,EM PV CONJ_DE03CADEIRAS ESTRUT_DELONGARINA ESPALDARMEDIO EMPVSHOPPINGDOESCRITORIO SHOPPING DO ESCRITORIO CONJ. CADEIRAS ESPERA"
"POLTRONA DE 03LUGARES,ESTRUT.DE ACO,TUBULAR C/BRACOS COR AZU POLTRONADE03LUGARES ESTRUT_DEACO TUBULARC__BRACOSCORAZUSHOPPINGDOESCRITORIO SHOPPING DO ESCRITORIO POLTRONA"
"CADEIRA DE CH. ESPALDAR ALTO.C/APOIO BRACOS E CABECA,GIRATOR CADEIRADECH_ESPALDARALTO_C__APOIOBRACOSECABECA GIRATORSHOPPINGDOESCRITORIO SHOPPING DO ESCRITORIO CADEIRA DE CHEFIA."
"CADEIRA DE ESTACAO DE TRABALHO,ESP.MEDIO,C/APOIA BRACOS,AZUL CADEIRADEESTACAODETRABALHO ESP_MEDIO C__APOIABRACOS AZULSHOPPINGDOESCRITORIO SHOPPING DO ESCRITORIO CADEIRA GIRATìRIA"
"CADEIRA GIRATÓRIA COM RODIZIOS PARA ESTACAO DE TRABALHO,ESP.MEDIO,C/APOIA BRACOS,AZUL CADEIRAGIRATORIACOMRODIZIOSPARAESTACAODETRABALHO ESP_MEDIO C__APOIABRACOS AZULSHOPPINGDOESCRITORIO SHOPPING DO ESCRITORIO CADEIRA GIRATÌRIA"
"CADEIRA DE ESTACAO DE TRABALHO,ESP.MEDIO,C/APOIA BRACOS,AZUL CADEIRADEESTACAODETRABALHO ESP_MEDIO C__APOIABRACOS AZULSHOPPINGDOESCRITORIO SHOPPING DO ESCRITORIO CADEIRA GIRATÌRIA"
"CADEIRA DE DIALOGO,ESPALDAR MEDIO,ESTRUT.TUBULAR EM""S""COR AZ CADEIRADEDIALOGO ESPALDARMEDIO ESTRUT_TUBULAREM_S_CORAZSHOPPINGDOESCRITORIO SHOPPING DO ESCRITORIO CADEIRA GIRATìRIA"
"CADEIRA DE DIALOGO,ESPALDAR MEDIO,ESTRUT.TUBULAR EM""S""COR AZ CADEIRADEDIALOGO ESPALDARMEDIO ESTRUT_TUBULAREM_S_CORAZSHOPPINGDOESCRITORIO SHOPPING DO ESCRITORIO CADEIRA GIRATÌRIA"
"CADEIRA DE DIALOGO,ESPALDAR MEDIO,ESTRUT.TUBULAR EM""S""COR AZ CADEIRADEDIALOGO ESPALDARMEDIO ESTRUT_TUBULAREM_S_CORAZSHOPPINGDOESCRITORIO SHOPPING DO ESCRITORIO CADEIRA DE DIALOGO"
"CADEIRA DE EST.DE TRABALHO,ESPAL.MEDIO,APOIA BRACOS REGULAVE CADEIRADEEST_DETRABALHO ESPAL_MEDIO APOIABRACOSREGULAVESHOPPINGDOESCRITORIO SHOPPING DO ESCRITORIO CADEIRA GIRATìRIA"
"CADEIRA DE DIALOGO,EM FORMA DE ""S"",ESP.MEDIO,BRACOS FIXOS. CADEIRADEDIALOGO EMFORMADE_S_ ESP_MEDIO BRACOSFIXOS_SHOPPINGDOESCRITORIO SHOPPING DO ESCRITORIO CADEIRA GIRATìRIA"
"CADEIRA DE CHEFIA,ESPALDAR ALTO,C/APOIA BRACOS,GIRATORIA. CADEIRADECHEFIA ESPALDARALTO C__APOIABRACOS GIRATORIA_SHOPPINGDOESCRITORIO SHOPPING DO ESCRITORIO CADEIRA DE CHEFIA."
"CADEIRA DE ESTACAO DE TRABALHO,ESPAL.MEDIO,C/APOIA/BRACOS RE CADEIRADEESTACAODETRABALHO ESPAL_MEDIO C__APOIA__BRACOSRESHOPPINGDOESCRITORIO SHOPPING DO ESCRITORIO CADEIRA GIRATìRIA."
"CADEIRA DE DIALOGO,ESPAL.MEDIO,C/APOIA/BRACOS FIXOS,REGULAVE CADEIRADEDIALOGO ESPAL_MEDIO C__APOIA__BRACOSFIXOS REGULAVESHOPPINGDOESCRITORIO SHOPPING DO ESCRITORIO CADEIRA GIRATìRIA."
"CADEIRA DE CHEFIA,ESPAL.ALTO,C/APOIA/BRACOS E CABECA OPTATIV CADEIRADECHEFIA ESPAL_ALTO C__APOIA__BRACOSECABECAOPTATIVSHOPPINGDOESCRITORIO SHOPPING DO ESCRITORIO CADEIRA GIRATìRIA."
"CADEIRA DE ESTACAO DE TRAB.APOIA/BRACOS,ESPALDAR MEDIO, AZUL CADEIRADEESTACAODETRAB_APOIA__BRACOS ESPALDARMEDIO AZULSHOPPINGDOESCRITORIO SHOPPING DO ESCRITORIO CADEIRA GIRATìRIA."
"CADEIRA DE DIALOGO,EM FORMA DE ""S"",ESPALDAR MEDIO,COR AZUL. CADEIRADEDIALOGO EMFORMADE_S_ ESPALDARMEDIO CORAZUL_SHOPPINGDOESCRITORIO SHOPPING DO ESCRITORIO CADEIRA FIXA."
"MESA DE CENTRO,EM ESTRUTURA MADEIRA MDF. MESADECENTRO EMESTRUTURAMADEIRAMDF_SHOPPINGDOESCRITORIO SHOPPING DO ESCRITORIO MESINHA DE CENTRO"
"ARMARIO DE ACO,TP.GUARDA-ROUPA,C/03 GANCHOS/CABIDES POR MODU ARMARIODEACO TP_GUARDA-ROUPA C__03GANCHOS__CABIDESPORMODUSHOPPINGDOESCRITORIO SHOPPING DO ESCRITORIO ARMRIO DE ESCRITìRIO"
"POLTRONA C/02 LUGARES P/ RECEPCAO,EST. ACO TUBULAR,COR AZUL. POLTRONAC__02LUGARESP__RECEPCAO EST_ACOTUBULAR CORAZUL_SHOPPINGDOESCRITORIO SHOPPING DO ESCRITORIO CADEIRA DE ESCRITìRIO"
"SOFA C/03 LUGARES P/ RECEPCAO, COR AZUL. SOFAC__03LUGARESP__RECEPCAO CORAZUL_SHOPPINGDOESCRITORIO SHOPPING DO ESCRITORIO CADEIRA DE ESCRITÌRIO"
POLTRONA C/03 LUGARES P/ RECEPCAO POLTRONAC__03LUGARESP__RECEPCAO EST_ACOTUBULAR CORpreta_SHOPPINGDOESCRITORIO SHOPPING DO ESCRITORIO CADEIRA DE ESCRITÌRIO
"POLTRONA C/03 LUGARES P/ RECEPCAO,EST. ACO TUBULAR,COR AZUL. POLTRONAC__03LUGARESP__RECEPCAO EST_ACOTUBULAR CORAZUL_SHOPPINGDOESCRITORIO SHOPPING DO ESCRITORIO CADEIRA DE ESCRITìRIO"
"CADEIRA DE CHEFIA,ESPALDAR ALTO,C/APOIA BRACOS,COR AZUL. CADEIRADECHEFIA ESPALDARALTO C__APOIABRACOS CORAZUL_SHOPPINGDOESCRITORIO SHOPPING DO ESCRITORIO CADEIRA GIRATìRIA"
"CADEIRA DE ESTACAO DE TRABALHO,ESPALDAR MEDIO,C/APOIA/BRACOS CADEIRADEESTACAODETRABALHO ESPALDARMEDIO C__APOIA__BRACOSSHOPPINGDOESCRITORIO SHOPPING DO ESCRITORIO CADEIRA GIRATìRIA"
"CADEIRA DE ESTACAO DE TRABALHO,ESPALDAR MEDIO,C/APOIA/BRACOS CADEIRADEESTACAODETRABALHO ESPALDARMEDIO C__APOIA__BRACOSSHOPPINGDOESCRITORIO SHOPPING DO ESCRITORIO CADEIRA GIRATÌRIA"
"CADEIRA DE DIALOGO,ESPALDAR MEDIO,C/APOIA/BRACOS FIXOS,EM ""S CADEIRADEDIALOGO ESPALDARMEDIO C__APOIA__BRACOSFIXOS EM_SSHOPPINGDOESCRITORIO SHOPPING DO ESCRITORIO CADEIRA FIXA"
"ALGEMA P/PUNHOS EM ACO INOX, ACABAMENTO POLIDO ALGEMAP__PUNHOSEMACOINOX ACABAMENTOPOLIDOSAFENITE SAFENITE TIPO DOBRADI«A"
"ALGEMA P/PUNHOS EM ACO INOX, ACABAMENTO POLIDO ALGEMAP__PUNHOSEMACOINOX ACABAMENTOPOLIDOSAFENITE SAFENITE TIPO CORRENTE"
"ALGEMA P/ PUNHOS EM ACO INOX, ACABAMENTO POLIDO. ALGEMAP__PUNHOSEMACOINOX ACABAMENTOPOLIDO_SAFENITE SAFENITE TIPO CORRENTE"
"ARMARIO DE ACO,TP.GUARDA ROUPA,MODULADO E 04PORTAS,C/03CABID ARMARIODEACO TP_GUARDAROUPA MODULADOE04PORTAS C__03CABIDPANDIN PANDIN ARMARIO DE A«O"
"MESA CHEFIA,ESTACAO DE TRABALHO, TAMPO UNICO,C/GAVETEIRO FIX MESACHEFIA ESTACAODETRABALHO TAMPOUNICO C__GAVETEIROFIXCADERODE CADERODE ESTA«O DE TRABALHO"
"MAQUINA FOTOGRAFICA DIGITAL,RESOLUCAO 10MEGAP.ZOOM DIGITAL. MAQUINAFOTOGRAFICADIGITAL RESOLUCAO10MEGAP_ZOOMDIGITAL_KODAKZ1275 KODAK Z1275 MËQUINA FOTOGRAFICA D¥GITAL"
"MAQUINA FOTOGRAFICA DIGITAL,RESOLUCAO 10MEGAP.ZOOM DIGITAL. MAQUINAFOTOGRAFICADIGITAL RESOLUCAO10MEGAP_ZOOMDIGITAL_KODAKZ1275 KODAK Z1275 MëQUINA FOTOGRAFICA D¥GITAL"
"MAQUINA FOTOGRAFICA DIGITAL,RESOLUCAO 10MEGAPX.ZOOM. MAQUINAFOTOGRAFICADIGITAL RESOLUCAO10MEGAPX_ZOOM_KODAKZ1275 KODAK Z1275 MQUINA FOTOGRFICA."
"MAQUINA FOTOGRAFICA DIGITAL,COMPACTA,ZOOM DIGITAL. MAQUINAFOTOGRAFICADIGITAL COMPACTA ZOOMDIGITAL_SONYDSC-W55 SONY DSC-W55 MëQUINA FOTOGRAFICA D¥GITAL"
"MAQUINA FOTOGRAFICA DIGITAL,COMPACTA,ZOOM DIGITAL. MAQUINAFOTOGRAFICADIGITAL COMPACTA ZOOMDIGITAL_SONYDSC-W55 SONY DSC-W55 MËQUINA FOTOGRAFICA D¥GITAL"
"MESA CHEFIA,ESTACAO DE TRABALHO,C/GAVETEIRO FIXO C/04GAVETAS MESACHEFIA ESTACAODETRABALHO C__GAVETEIROFIXOC__04GAVETASCADERODE CADERODE ESTA«O DE TRABALHO"
"MICROCOMPUTADOR,PROCES.1,6GHZ,MEM.RAM-128MB,DISCO/RIG.20GB. MICROCOMPUTADOR PROCES_1 6GHZ MEM_RAM-128MB DISCO__RIG_20GB_ITAUTEC ITAUTEC MICRO ATX,MINITORRE."
MICROCOMPUTADOR CPU DESKTOP MICROCOMPUTADORCPUDESKTOP SEM MARCA MICRO
MICROCOMPUTADOR COMPAQ MICROCOMPUTADOR COMPAQ COMPAQ 
MICROCOMPUTADOR COMPAQ MICROCOMPUTADORCOMPAQ COMPAQ 
"CAMERA DE SEGURANCA(SISTEMA),COMPOSTA DE 09-MINICAMERAS COLO CAMERADESEGURANCA_SISTEMA_ COMPOSTADE09-MINICAMERASCOLO SEM MARCA SISTEMA DE SEG.C/CáMERA"
"NOTEBOOK PESSOAL,C/PROCES.INTEL CORE DUO 1.8GHZ,MEM.DDR2-667 NOTEBOOKPESSOAL C__PROCES_INTELCOREDUO1_8GHZ MEM_DDR2-667SONY SONY MICROCOMPUTADOR PESSOAL"
"NOTEBOOK PESSOAL,C/PROCES.INTEL CORE DUO 1.8GHZ,MEM.DDR2-667 NOTEBOOKPESSOAL C__PROCES_INTELCOREDUO1_8GHZ MEM_DDR2-667 SEM MARCA MICROCOMPUTADOR PESSOAL"
"NOTEBOOK PESSOAL, NOTEBOOKPESSOAL TOSHIBA TOSHIBA MICROCOMPUTADOR PESSOAL"
"NOBREAK DE 15 KVA, TRIFASICO DE 06 PULSOS,TP.PTX3015X,220V. NOBREAKDE15KVA TRIFASICODE06PULSOS TP_PTX3015X 220V_AMPLIMAG AMPLIMAG PTX"
"SERVIDOR DE ARQUIVO,POWEREDGE(DELL2900), 02 PROCESSADPRES. SERVIDORDEARQUIVO POWEREDGE_DELL2900_ 02PROCESSADPRES_DELL DELL SERVIDOR ARQUIVO"
"MICROCOMPUTADOR CPU DESKTOP, DELL MICROCOMPUTADORCPUDESKTOP DELL DELL "
"ARMARIO DE ESCRITORIO,MADEIRA AGLOMERADO, C/02PORTAS E ARMARIODEESCRITORIO MADEIRAAGLOMERADO C__02PORTASEADATTARE ADATTARE ARMARIO DE ESCRITORIO"
"ARMARIO DE ESCRITORIO,MADEIRA AGLOMERADO,C/02PORTAS. ARMARIODEESCRITORIO MADEIRAAGLOMERADO C__02PORTAS_ADATTARE ADATTARE ARMARIO DE ESCRITORIO"
"ARMARIO ESCRITORIO, MADEIRA AGLOMERADA,C/02PORTAS. ARMARIOESCRITORIO MADEIRAAGLOMERADA C__02PORTAS_ADATTARE ADATTARE ARMARIO DE ESCRITORIO"
"ARMARIO ALTO C/02 PORTAS,C/ABERTURA FRONTAL INFERIOR. ARMARIOALTOC__02PORTAS C__ABERTURAFRONTALINFERIOR_ADATTARE ADATTARE ARMARIO ALTO"
ARMARIO ALTO C/02 PORTAS ARMARIOALTOC__02PORTAS ADATTARE ARMARIO ALTO
"ARMARIO BAIXO 02 PORTAS,C/ABERTURA FRONTAL,C/01PRATELEIRA IN ARMARIOBAIXO02PORTAS C__ABERTURAFRONTAL C__01PRATELEIRAINADATTARE ADATTARE ARMARIO BAIXO"
"ARMARIO ALTO  02 PORTAS,C/ABERTURA FRONTAL,C/PRATELEIRA ARMARIOALTO02PORTAS C__ABERTURAFRONTAL C__PRATELEIRAADATTARE ADATTARE ARMARIO ALTO"
"ARMARIO BAIXO 02 PORTAS,C/ABERTURA FRONTAL,C/01 PRATELEIRA ARMARIOBAIXO02PORTAS C__ABERTURAFRONTAL C__01PRATELEIRAADATTARE ADATTARE ARMARIO BAIXO"
"ARMARIO ESCRITORIO,MAD.AGLOMERADO,C/02PORTAS 03 PRATELEIRA ARMARIOESCRITORIO MAD_AGLOMERADO C__02PORTAS03PRATELEIRAADATTARE ADATTARE ARMARIO ESCRITORIO"
"ESTACAO DE TRABALHO TAMPO UNICO,C/PES TP. PAINEL DE MADEIRA. ESTACAODETRABALHOTAMPOUNICO C__PESTP_PAINELDEMADEIRA_ADATTARE ADATTARE ESTA«O TRABALHO"
"ESTACAO DE TRABALHO P/CARTORIO ,C/PES TP. PAINEL DE MADEIRA. ESTACAODETRABALHOP__CARTORIO C__PESTP_PAINELDEMADEIRA_ADATTARE ADATTARE ESTA«O TRABALHO_P/CARTìRIO"
"ESTACAO DE TRABALHO P/SECRETARIA, TP. PAINEL DE MADEIRA. ESTACAODETRABALHOP__SECRETARIA TP_PAINELDEMADEIRA_ADATTARE ADATTARE ESTA«O TRABALHO_P/SECRETRIA"
"GAVETEIRO MOVEL C/03GAVETAS MEDIAS, EM AGLOMERADO. GAVETEIROMOVELC__03GAVETASMEDIAS EMAGLOMERADO_ADATTARE ADATTARE GAVETEIRO MìVEL"
"GAVETEIRO MOVEL C/04GAVETAS,TIPO PEDESTAL,P/EST.DE TRABALHO. GAVETEIROMOVELC__04GAVETAS TIPOPEDESTAL P__EST_DETRABALHO_ADATTARE ADATTARE GAVETEIRO MìVEL"
ESTACAO DE TRABALHO C/TAMPO UNICO C/PES TP.PAINEL DE MADEIRA ESTACAODETRABALHOC__TAMPOUNICOC__PESTP_PAINELDEMADEIRAADATTARE ADATTARE ESTA«O DE TRABALHO
"ESTACAO DE TRABALHO P/CARTOTIO, C/PES TP.PAINEL DE MADEIRA ESTACAODETRABALHOP__CARTOTIO C__PESTP_PAINELDEMADEIRAADATTARE ADATTARE ESTA«O DE TRABALHO P/CARTìRI"
"GAVETEIRO MOVEL, TP.PEDESTAL,C/04GAVETAS,P/EST.DETRABALHO. GAVETEIROMOVEL TP_PEDESTAL C__04GAVETAS P__EST_DETRABALHO_ADATTARE ADATTARE GAVETEIRO MìVEL."
"ESTACAO DE TRABALHO, TAMPO UNICO,P/ CARTORIO,EM AGLOMERADO. ESTACAODETRABALHO TAMPOUNICO P__CARTORIO EMAGLOMERADO_ADATTARE ADATTARE ESTA«O TRABALHO P/CARTìRIO"
"GAVETEIRO MOVEL C/03GAVETAS MEDIAS, EM MADEIRA AGLOMERADO. GAVETEIROMOVELC__03GAVETASMEDIAS EMMADEIRAAGLOMERADO_ADATTARE ADATTARE GAVETEIRO MìVEL"
"ESTANTE DE ACO C/06PRATELEIRAS,TP.COLUNAS, C/FIXADOR. ESTANTEDEACOC__06PRATELEIRAS TP_COLUNAS C__FIXADOR_W3 W3 ESTANTE METLICA"
"ESTANTE DE ACO C/06PRATELEIRAS,TP.COLUNAS,C/FIXADOR. ESTANTEDEACOC__06PRATELEIRAS TP_COLUNAS C__FIXADOR_W3 W3 ESTANTE METLICA"
"GAVETEIRO MOVEL,C/03GAVETAS MEDIAS,MADEIRA AGLOMERADO. GAVETEIROMOVEL C__03GAVETASMEDIAS MADEIRAAGLOMERADO_ADATTARE ADATTARE GAVETEIRO MìVEL"
"GAVETEIRO MOVEL,C/02GAVETAS MEDIAS,MADEIRA AGLOMERADO. GAVETEIROMOVEL C__02GAVETASMEDIAS MADEIRAAGLOMERADO_ ADATTARE GAVETEIRO MOVEL"
"GAVETEIRO MOVEL,C/04GAVETAS MEDIAS,MADEIRA AGLOMERADO. GAVETEIROMOVEL C__04GAVETASMEDIAS MADEIRAAGLOMERADO_ADATTARE ADATTARE GAVETEIRO MÌVEL"
"GAVETEIRO MOVEL,C/04GAVETAS MEDIAS,MADEIRA AGLOMERADO. GAVETEIROMOVEL C__04GAVETASMEDIAS MADEIRAAGLOMERADO_ADATTARE ADATTARE GAVETEIRO MìVEL"
"ESTACAO DE TRABALHO,MESA AUXILIAR,MADEIRA AGLOMERADO. ESTACAODETRABALHO MESAAUXILIAR MADEIRAAGLOMERADO_ADATTARE ADATTARE ESTA«O DE TRABALHO"
MESA PARA IMPRESSORA MESAPARAIMPRESSORA MADEIRAAGLOMERADO_ADATTARE ADATTARE ESTA«O DE TRABALHO
"MESA DE REUNIAO REDONDA P/04 CADEIRAS,EM AGLOMERADO. MESADEREUNIAOREDONDAP__04CADEIRAS EMAGLOMERADO_ADATTARE ADATTARE MESA DE REUNIO"
"MESA DE REUNIAO SEMI-OVAL P/10 CADEIRAS, EM AGLOMERADO. MESADEREUNIAOSEMI-OVALP__10CADEIRAS EMAGLOMERADO_ADATTARE ADATTARE MESA DE REUNIO SEMI-OVAL."
PISTOLA GLOCK G19 9MM PISTOLAC__MIRATRITIUM 03CARREGADORESEACESSORIOSGLOCK GLOCK G19
PISTOLA GLOCK G26 9MM PISTOLAC__MIRATRITIUM 02CARREGADORESEACESSORIOS_GLOCK GLOCK G26
IMPRESSORA LASER MONOCROMATICA COM 128MB DE RAM IMPRESSORALASERMONOCROMATICACOM128MBDERAMSAMSUNG SAMSUNG ML-3561ND
IMPRESSORA LASER MONOCROMATICA IMPRESSORALASERMONOCROMATICACOM128MBDERAMSAMSUNG SAMSUNG ML-3561ND
"IMPRESSORA MONOCROMATICA COM 128MB DE RAM, HP IMPRESSORAMONOCROMATICACOM128MBDERAM HP HP "
IMPRESSORA LASER MONOCROMATICA COM 128MB DE RAM IMPRESSORALASERMONOCROMATICACOM128MBDERAMSAMSUNG SAMSUNG 
IMPRESSORA LASER MONOCROMATICA SAMSUNG IMPRESSORALASERMONOCROMATICASAMSUNG SAMSUNG 
"APARELHO FAC-SIMILE, TIPO PAPEL IMPRESSAO A-4 APARELHOFAC-SIMILE TIPOPAPELIMPRESSAOA-4BROTHER BROTHER FAX2820 BRZ"
TRIPE TRIPESONY SONY 
GRAVADOR E REPRODUTOR DE SOM GRAVADOREREPRODUTORDESOMSONY SONY 
MINI GRAVADOR E REPRODUTOR DE SOM MINIGRAVADOREREPRODUTORDESOMSONY SONY ICD-MX20
NISSAN X-TERRA VEICULOXTERRA MOD_2007 CORPRATA 05PORTAS 4X4NISSAN NISSAN CAMINHONETE
"SERVIDOR DE REDE, 1.6 GHZ, 8 MB, 4HD-146G, 86RAM SERVIDORDEREDE 1_6GHZ 8MB 4HD-146G 86RAMIBM IBM. X3400/XEON/QC"
"MICROCOMPUTADOR DESKTOP, 1.6 GHZ, 8 MB, 4HD-146G, 86RAM MICROCOMPUTADORDESKTOP 1_6GHZ 8MB 4HD-146G 86RAMIBM IBM. "
"NOTEBOOK HP C/ GRAV. LEITORA DE DVD, MOUSE OPTICO E BOLSA TR NOTEBOOKHPC__GRAV_LEITORADEDVD MOUSEOPTICOEBOLSATRHP HP 6515B"
"NOTEBOOK HP COM GRAV. LEITORA DE DVD, MOUSE OPTICO E BOLSA NOTEBOOKHPCOMGRAV_LEITORADEDVD MOUSEOPTICOEBOLSAHP HP 6515B"
"NOTEBOOK, PROC. INTEL CORE DUO 2.0 GHZ, 2048 MB DDR2, HD200G NOTEBOOK PROC_INTELCOREDUO2_0GHZ 2048MBDDR2 HD200GSONY SONY VAIO, CR 220"
"NOTEBOOK, PROC. INTEL CORE DUO 2.0 GHZ, 2048 MB DDR2, HD200G NOTEBOOK PROC_INTELCOREDUO2_0GHZ 2048MBDDR2 HD200GSONYVAIO SONY "
"MAQUINA DE CALCULAR ELETRONICA, 12 DIGITOS, C/ VISOR E BOBIN MAQUINADECALCULARELETRONICA 12DIGITOS C__VISOREBOBINOLIVETTI OLIVETTI SUMMA 220"
"ESCADA EM ALUMINIO COM 06 DEGRAUS, C/ BORRACHA ANTI DERRAPAN ESCADAEMALUMINIOCOM06DEGRAUS C__BORRACHAANTIDERRAPAN SEM MARCA ESCADA"
APARELHO DE TELEFONE CELULAR APARELHODETELEFONECELULARNOKIA NOKIA 1208
"APARELHO TELEFONICO, COM TECLADO, COR AZUL APARELHOTELEFONICO COMTECLADO CORAZULINTELBRAS INTELBRAS TC 500"
"APARELHO TELEFONICO, DIGITAL, FUNCAO VIVA VOZ DUPLEX APARELHOTELEFONICO DIGITAL FUNCAOVIVAVOZDUPLEXSIEMENS SIEMENS OPTIPOINT 500"
"APARELHO TELEFONICO, DIGITAL, FUNCAO VIVA VOZ DUPLA APARELHOTELEFONICO DIGITAL FUNCAOVIVAVOZDUPLASIEMENS SIEMENS PTOPOINT 500"
"APARELHO TELEFONICO, DIGITAL, FUNCAO VIVA VOZ DUPLA APARELHOTELEFONICO DIGITAL FUNCAOVIVAVOZDUPLASIEMENS SIEMENS OPTIPOINT 500"
"APARELHO TELEFONICO, DIGITAL, VIVA VOZ DUPLA APARELHOTELEFONICO DIGITAL VIVAVOZDUPLASIEMENS SIEMENS OPTIPOINT 500"
"APARELHO TELEFONICO, DIGITAL, VIVA VOZ FUNCAO DUPLA APARELHOTELEFONICO DIGITAL VIVAVOZFUNCAODUPLASIEMENSOPTIPOINT SIEMENS OPTIPOINT "
SISTEMA DE COMUNICACAO MOVEL TERRESTRE -GPS SISTEMADECOMUNICACAOMOVELTERRESTRE-GPSASUS ASUS GPS
SISTEMA DE COMUNICACAO MOVEL TERRESTRE - GPS SISTEMADECOMUNICACAOMOVELTERRESTRE-GPSASUS ASUS GPS
SISTEMA DE COMUNICACAO MOVEL TERRESTRE - GPS SISTEMADECOMUNICACAOMOVELTERRESTRE-GPSASUS AVMAP GPS
"APARELHO GRAVADOR DE CD/DVD/DVD-R, TENSAO 110/220V APARELHOGRAVADORDECD__DVD__DVD-R TENSAO110__220VSAMSUNG SAMSUNG GRAVADOR DE CD/DVD"
BINOCULO DE LONGO ALCANCE BINOCULODELONGOALCANCECELESTRON CELESTRON SKYMASTER 25X100
GPS PORTATIL GPSPORTATILGARMIN GARMIN CTREX
"BINOCULO CURTO ALCANCE,AUM.-8X,DIST.FOCAL-2,3METROS. BINOCULOCURTOALCANCE AUM_-8X DIST_FOCAL-2 3METROS_TASCO TASCO "
"BINOCULO LONGO ALCANCE,PRETO C/ MALETA. BINOCULOLONGOALCANCE PRETOC__MALETA_CELESTRON CELESTRON SKYMASTER,25X100PN-1017"
"MINI GRAVADOR DE VOZ, DIGITAL,COR PRETA. MINIGRAVADORDEVOZ DIGITAL CORPRETA_SONY SONY ICD-MX20"
TRIPE C/CONTR.REMOTO P/CAMERAS DE VIDEOS E DSC C/ ESTOJO. TRIPEC__CONTR_REMOTOP__CAMERASDEVIDEOSEDSCC__ESTOJO_SONY SONY VCT-D680RM.
"MONOPE EM ALUMINIO ANODIZADO,COR PRETA,C/ESTOJO. MONOPEEMALUMINIOANODIZADO CORPRETA C__ESTOJO_FANTIEV FANTIEV FT-1012."
CAMERA FOTOGRAFICA DIGITAL 7.2MP. CAMERAFOTOGRAFICADIGITAL7_2MP_SONY SONY DSC-W55.
"CAMERA DEVIDEO DIGITAL HANDYCAN ZOOM-10X20X,3MP,VISOR COLOR. CAMERADEVIDEODIGITALHANDYCANZOOM-10X20X 3MP VISORCOLOR_SONY SONY DCR-DVD308"
"NOTEBOOK 80GB,14,DVDRW,C/MOUSE OPTICO E MALETA. NOTEBOOK80GB 14 DVDRW C__MOUSEOPTICOEMALETA_LENOVO LENOVO TP-R61"
LEITOR DE CODIGO DE BARRA LEITORDECODIGODEBARRA BULL BULL 
CARTAO DE MEMORIA COM ADAPTADOR STICK PRO DUO. CARTAODEMEMORIACOMADAPTADORSTICKPRODUO_SONY SONY MSX-M1GST.
MITSUBISHI L200 VEICULOL2004X4C__04PORTASGL2_5L CORCINZAHEMATITA_MITSUBISHI MITSUBISHI PICK-UP
MITSUBISHI L200 VEICULOL2004X4C__04PORTASGL2_5L CORPRATA-EVOLUTIONMITSUBISHI MITSUBISHI PICK-UP
"EM FIBRA,USO OSTENSIVO,TAM.P,CAPA RIT STOP, COR PRETA. EMFIBRA USOOSTENSIVO TAM_P CAPARITSTOP CORPRETA_INBRA-TEXTIL INBRA-TEXTIL NIVEL III A"
"EM FIBRA,USO OSTENSIVO,TAM.M,CAPA RIT STOP, COR PRETA. EMFIBRA USOOSTENSIVO TAM_M CAPARITSTOP CORPRETA_INBRA-TEXTIL INBRA-TEXTIL NIVEL III A"
"EM FIBRA,USO OSTENSIVO,TAM.G,CAPA RIT STOP, COR PRETA. EMFIBRA USOOSTENSIVO TAM_G CAPARITSTOP CORPRETA_INBRA-TEXTIL INBRA-TEXTIL NIVEL III A"
GM - CHEVROLET ASTRA SEDAN ASTRASEDANADVANTAGECHEVROLET GM - CHEVROLET ASTRA SEDAN ADVANTAG
"MAQUINA PLASTIFICADORA,EM ACO,MED.270MMX1LARGX440MMX285ALT. MAQUINAPLASTIFICADORA EMACO MED_270MMX1LARGX440MMX285ALT_GAZELA GAZELA PLASTIFICADORA"
"APARELHO DE FAC-SIMILE,S/FIO,C/SECRET.ELETRONICA,C/IDENT.CHA APARELHODEFAC-SIMILE S__FIO C__SECRET_ELETRONICA C__IDENT_CHAPANASONIC PANASONIC KX-FG2853"
"EQUIP.ELETRONICO DE PONTO/FREQUENCIA,C/BIOMETRIA E LEITURA C EQUIP_ELETRONICODEPONTO__FREQUENCIA C__BIOMETRIAELEITURACDIMEP DIMEP BIOPOINT II - S."
"EQUIP.ELETRONICO DE PONTO/FREQUENCIA,C/BIOMETRIA E CARTAO EQUIP_ELETRONICODEPONTO__FREQUENCIA C__BIOMETRIAECARTAODIMEP DIMEP BIOPOINT II -S"
EQUIP.ELETRONICO DE PONTO/FREQUENCIA COM BIOMETRIA E EQUIP_ELETRONICODEPONTO__FREQUENCIACOMBIOMETRIAEDIMEP DIMEP BIOPOINT II-S
"EQUIP.ELETRONICO DE PONTO/FREQUENCIA,COM BIOMETRIA E EQUIP_ELETRONICODEPONTO__FREQUENCIA COMBIOMETRIAEDIMEP DIMEP BIOPOINT II - S"
"SWITCH, 48 PORTAS 10/100 MBPS SWITCH 48PORTAS10__100MBPSD-LINK D-LINK SWITCH"
"PROJETOR MULTIMIDIA,RESOL.800X600,ENT.P/VIDEO COMPOST.BIVOLT PROJETORMULTIMIDIA RESOL_800X600 ENT_P__VIDEOCOMPOST_BIVOLTVIEWSONICPJ513DB VIEWSONIC PJ513DB VS11959"
"PROJETOR MULTIMIDIA,RESOL.800X600,ENT.P/VIDEO COMP. PROJETORMULTIMIDIA RESOL_800X600 ENT_P__VIDEOCOMP_VIEWSONICPJ513DB VIEWSONIC PJ513DB VS11959"
"PROJETOR MULTIMIDIA,RESOL. 800X600, ENTRADA P/VIDEO COMP. PROJETORMULTIMIDIA RESOL_800X600 ENTRADAP__VIDEOCOMP_VIEWSONICPJ513DB VIEWSONIC PJ513DB VS11959"
"PROJETOR MULTIMIDIA, RESOL. 800X600, ENTRADA P/VIDEO,COMP. PROJETORMULTIMIDIA RESOL_800X600 ENTRADAP__VIDEO COMP_VIEWSONICPJ513DB VIEWSONIC PJ513DB VS11959"
NOTEBOOK INTEL CORE DUO T2300E NOTEBOOKINTELCOREDUOT2300EHP HP NX 6320
IMPRESSORA PORTATIL PARA NOTEBOOK IMPRESSORAPORTATILPARANOTEBOOKHP HP 460WF
"HUB SWITCH 3COM, 24 PORTAS-10/100MBPS,C/CHAVEAMENTO AUTOMATI HUBSWITCH3COM 24PORTAS-10__100MBPS C__CHAVEAMENTOAUTOMATI3COM 3COM SWITCH"
CENTRIFUGA CENTRIFUGATHERMOELECTRON THERMO ELECTRON JOUAN CR4I
"AGITADOR DE TUBO DE ENSAIO, PARA LABORATORIO AGITADORDETUBODEENSAIO PARALABORATORIOTHERMOELECTRON THERMO ELECTRON AGITADOR"
ESTUFA LABORATORIAL ESTUFALABORATORIALTHERMOELECTRON THERMO ELECTRON ESTUFA
"PLACA DE AGITACAO MAGNETICA, COM AQUECIMENTO P/ LABORATORIO PLACADEAGITACAOMAGNETICA COMAQUECIMENTOP__LABORATORIOTHERMOELECTRON THERMO ELECTRON PLACA DE AGITACAO"
"MOTOR DE RABETA DE 23HP VANGUARD, P/ EMBARCACAO. MOTORDERABETADE23HPVANGUARD P__EMBARCACAO_VANGUARD VANGUARD MOTOR DE POPA"
"CENTRAL DE COMUTACAO TELEFONICA PRIVADA HIPATH,MODELO 02. CENTRALDECOMUTACAOTELEFONICAPRIVADAHIPATH MODELO02_SIEMENS SIEMENS TELEFONICA DIGITAL"
"CENTRAL DE COMUTACAO TELEFONICA PRIVADA HIPATH,MOD.02 CENTRALDECOMUTACAOTELEFONICAPRIVADAHIPATH MOD_02SIEMENS SIEMENS TELEFONICA DIGITAL"
"CENTRAL DE COMUTACAO TELEFONICA PRIVADA HIPATH,MD02 CENTRALDECOMUTACAOTELEFONICAPRIVADAHIPATH MD02SIEMENS SIEMENS TELEFONICA DIGITAL"
"CENTRAL DE COMUTACAO TELEFONICA PRIVADA HIPATH,M2 CENTRALDECOMUTACAOTELEFONICAPRIVADAHIPATH M2SIEMENS SIEMENS TELEFONICA DIGITAL"
"CENTRAL DE COMUTACAO TELEFONICA PRIVADA HIPATH,M3 CENTRALDECOMUTACAOTELEFONICAPRIVADAHIPATH M3SIEMENS SIEMENS TELEFONICA DIGITAL"
"GUILHOTINA TP. ESCRITORIO,EM METAL E MADEIRA,C/LAMINA 0,32 GUILHOTINATP_ESCRITORIO EMMETALEMADEIRA C__LAMINA0 32KRAUSE KRAUSE GUILHOTINA TIPO ESCRITORIO"
"HUB SWITCH 3COM,COM 24 PORTAS,PADRAO ETHERNET 10/100. HUBSWITCH3COM COM24PORTAS PADRAOETHERNET10__100_3COM 3COM SWITCH_2024"
MONITOR DE VIDEO COLORIDO 17 POLEGADAS. MONITORDEVIDEOCOLORIDO17POLEGADAS_HPLCD HP LCD LCD W17
MONITOR DE VIDEO COLORIDO MONITORDEVIDEOCOLORIDOHPLCD HP 
MONITOR DE VIDEO MONITORDEVIDEO HP 
MONITOR DE VIDEO LENOVO MONITORDEVIDEOLENOVO LENOVO 
MONITOR DE VIDEO COLORIDO 17 POLEGADAS. MONITORDEVIDEOCOLORIDO17POLEGADAS_HPLCD HP LCD 
MONITOR DE VIDEO HP MONITORDEVIDEOHP HP 
MONITOR DE VIDEO  MONITORDEVIDEOHPLCD HP LCD 
MONITOR DE VIDEO MONITORDEVIDEO_HPLCD HP LCD 
MONITOR DE VIDEO COLORIDO  MONITORDEVIDEOCOLORIDOHPLCD HP LCD 
MONITOR DE VIDEO MONITORDEVIDEOHPLCD HP LCD 
MONITOR DE VIDEO MONITORDEVIDEOCOLORIDOHPLCD HP LCD 
MONITOR DE VIDEO  MONITORDEVIDEOPROVIEW PROVIEW 
MONITOR DE VIDEO MONITORDEVIDEOPROVIEW PROVIEW 
MONITOR DE VIDEO PROVIEW MONITORDEVIDEOPROVIEW PROVIEW 
UNID. PROC. DIG. PEQ. CAP. DESKTOP  UNID_PROC_DIG_PEQ_CAP_DESKTOP LG 
UNID. PROC. DIG. PEQ. CAP. HP DESKTOP DC5750 UNID_PROC_DIG_PEQ_CAP_HPDESKTOPDC5750HP HP DC5750
"APARELHO DE AR CONDICIONADO SPLIT DE 30.000BTU´S,220V,C/CONT APARELHODEARCONDICIONADOSPLITDE30_000BTUS 220V C__CONTHITACHI HITACHI MOD. SPLIT"
"APARELHO DE AR CONDICIONADO SPLIT DE 30.000BUT´S,220V. APARELHODEARCONDICIONADOSPLITDE30_000BUTS 220V_HITACHI HITACHI SPLIT. (C/CONTROLE REMOTO)"
"APARELHO DE AR COND. SPLIT DE 30.000BTU´S,220V,C/CONTROLE RE APARELHODEARCOND_SPLITDE30_000BTUS 220V C__CONTROLEREHITACHI HITACHI SPLIT."
"APARELHO DE AR CONDICIONADO, TENSAO 110V,TIPO JANELA APARELHODEARCONDICIONADO TENSAO110V TIPOJANELAGREE GREE JANELA"
"APARELHO DE AR CONDICIONADO,SPLIT,220V,C/CONTROLE,12000BTUS APARELHODEARCONDICIONADO SPLIT 220V C__CONTROLE 12000BTUSSPRINGER SPRINGER SPLIT"
"APARELHO DE AR CONDIONADO,SPLIT,220V,C/CONTROLE,12000BTUS. APARELHODEARCONDIONADO SPLIT 220V C__CONTROLE 12000BTUS_SPRINGER SPRINGER SPLIT"
"APARELHO DE AR COND.SPLIT,220V,C/CONTROLE, 12.000BTUS. APARELHODEARCOND_SPLIT 220V C__CONTROLE 12_000BTUS_ SPRINGER SPLIT"
"APARELHO DE AR COND.SPLIT,220V,C/CONTROLE,12000BTUS. APARELHODEARCOND_SPLIT 220V C__CONTROLE 12000BTUS_ELECTROLUX ELECTROLUX SPLIT"
SWITCH HUB DE 04 PORTAS D-LINK SWITCHHUBDE04PORTASD-LINK D LINK 
SWITCH HUB DE 04 PORTAS D LINK SWITCHHUBDE04PORTASDLINK D LINK 
"APARELHO DE AR CONDICIONADO DE 12000BTU´S,220V,SPLIT APARELHODEARCONDICIONADODE12000BTUS 220V SPLITSPRINGER SPRINGER AR LINHA SPLIT"
"APARELHO DE AR CONDICIONADO DE 18000BTU´S,220V,SPLIT APARELHODEARCONDICIONADODE18000BTUS 220V SPLITELETROLUX ELETROLUX AR LINHA SPLIT"
"APARELHO DE AR CONDICIONADO DE 24000BTU´S,220V,SPLIT APARELHODEARCONDICIONADODE24000BTUS 220V SPLITGREE GREE AR LINHA SPLIT"
"BOMBA DAGUA CENTRIFUGA,MODELO BCR-2000,1/2C,DE 110/220V. BOMBADAGUACENTRIFUGA MODELOBCR-2000 1__2C DE110__220V_SCHENEIDER SCHENEIDER BCR-2000"
"SISTEMA NO-BREAK COM POTENCIA DE 5KVA, COM BATERIA SELADA SISTEMANO-BREAKCOMPOTENCIADE5KVA COMBATERIASELADASMS SMS NO-BREAK"
"BARCO DE ALUMINIO AZUL E CINZA, COMP. 5,85M. PANTANAUTICA, LOTAÇÃO 12 PESSOAS. BARCODEALUMINIOAZULECINZA COMP_5 85M_PANTANAUTICA LOTACAO12PESSOAS_ FLUVINAUTICA TUPI-600"
FRIGOBAR FRIGOBARCOMCAP_75L 110V CORBRANCO GAVETAMULTIUSOEDEGELELECTROLUX ELECTROLUX REFRIGERADOR DOMESTICO
ESTANTE METALICA PARA CABO LOGICO/VERTICALIZACAO DE CARGA ESTANTEMETALICAPARACABOLOGICO__VERTICALIZACAODECARGARDTELECOM RD TELECOM ESTANTE RACK
"PATCH METALICO PARA CABO,24AP COT 6 PATCHMETALICOPARACABO 24APCOT6FURUKAWA FURUKAWA PATCH PANEL"
"FILMADORA PORTATIL,ZOMDIGITAL,AMPL.900X20X2,50POL,CARACT.NTS FILMADORAPORTATIL ZOMDIGITAL AMPL_900X20X2 50POL CARACT_NTSSONYDCR-SR45 SONY DCR-SR45 FILAMDORA"
"COFRE MECANICO,EM ACO,MED.1,00X45X40CM E 90X35X27CM. COFREMECANICO EMACO MED_1 00X45X40CME90X35X27CM_W3 W3 CONFRE EM A«O"
"COFRE MECANICO,EM ACO,MED.60X40X35CM E 58,5X38,56X27CM COFREMECANICO EMACO MED_60X40X35CME58 5X38 56X27CMW3 W3 W -060"
"BARCO ALUMINIO,COMP.8M,BOCA 1,70M,PONTAL 0,68M,TANQUE 60L. BARCOALUMINIO COMP_8M BOCA1 70M PONTAL0 68M TANQUE60L_RIVERCRAFT RIVER CRAFT C 8-ALUM.NAVAL 5052"
"IMPRESSORA MULTIFUNCIONAL HP, MODELO PHOTOSMART C3180. IMPRESSORAMULTIFUNCIONALHP MODELOPHOTOSMARTC3180_HP HP PHOTOSMART-C3180"
"MICROSCOPIO,LENTES EM CRISTAL,MOD.MBB-200,BINOCULAR BIOLOGIC MICROSCOPIO LENTESEMCRISTAL MOD_MBB-200 BINOCULARBIOLOGICINSTRUTHERM INSTRUTHERM MBB-200"
"POLTRONA P/RECEPCAO,02 LUGARES,ESTOFADO C/EST.DE ACO TUBULAR POLTRONAP__RECEPCAO 02LUGARES ESTOFADOC__EST_DEACOTUBULARSHOPPINGDOESCRITORIO SHOPPING DO ESCRITORIO ESTOFADO C/ 02LUG."
"POLTRONA P/RECEPCAO,03 LUGARES,ESTOFADO C/EST.DE ACO TUBULAR POLTRONAP__RECEPCAO 03LUGARES ESTOFADOC__EST_DEACOTUBULARSHOPPINGDOESCRITORIO SHOPPING DO ESCRITORIO ESTOFADO C/ 03LUG."
"CADEIRA DE CHEFIA,ESPALDAR ALTO,GIRATORIA,C/APOIA BRACOS. CADEIRADECHEFIA ESPALDARALTO GIRATORIA C__APOIABRACOS_SHOPPINGDOESCRITORIO SHOPPING DO ESCRITORIO CADEIRA DE ESCRITORIO"
"CADEIRA DE ESTACAO DE TRABALHO,GIRATORIA,C/APOIA BRACOS REGI CADEIRADEESTACAODETRABALHO GIRATORIA C__APOIABRACOSREGISHOPPINGDOESCRITORIO SHOPPING DO ESCRITORIO CADEIRA DE ESCRITORIO"
"CADEIRA DE DIALOGO,EM FORMA DE ""S""ESPALDARMEDIO,BRACOS FIXOS CADEIRADEDIALOGO EMFORMADE_S_ESPALDARMEDIO BRACOSFIXOSSHOPPINGDOESCRITORIO SHOPPING DO ESCRITORIO CADEIRA DE ESCRITORIO"
"CADEIRA DE DIALOGO,EM FORMA DE ""S""ESPALDAR MED.,BRACOS FIXOS CADEIRADEDIALOGO EMFORMADE_S_ESPALDARMED_ BRACOSFIXOSSHOPPINGDOESCRITORIO SHOPPING DO ESCRITORIO CADEIRA DE ESCRITORIO"
"MESA DE CENTRO, EM MADEIRA MDF, C/ESTRUTURA METALICA. MESADECENTRO EMMADEIRAMDF C__ESTRUTURAMETALICA_SHOPPINGDOESCRITORIO SHOPPING DO ESCRITORIO MESINHA DE ESCRITORIO"
"BEBEDOURO DE COLUNA PARA GARRAFAO,CAP. 20LIT,NATURAL E GELAD BEBEDOURODECOLUNAPARAGARRAFAO CAP_20LIT NATURALEGELADBEGEL BEGEL BEBEDOURO GUA"
"VENTILADOR DE COLUNA,C/03 VELOCIDADE,HELICE DE 30CM,BRITANIA VENTILADORDECOLUNA C__03VELOCIDADE HELICEDE30CM BRITANIABRITANIA BRITANIA VENTILADOR VENTUS PROTECT30."
"APARELHO TELEFONICO C/ FIO,SIEMENS EUROSET E3005,COR GELO. APARELHOTELEFONICOC__FIO SIEMENSEUROSETE3005 CORGELO_SIEMENS SIEMENS E3005"
"APARELHO TELEFONICO C/ FIO,SIEMENS EUROSET E3005,COR GELO. APARELHOTELEFONICOC__FIO SIEMENSEUROSETE3005 CORGELO_SIEMENS SIEMENS E3005, X"
"APARELHO TELEFONICO C/ FIO,SIEMENS EUROSET E3005,COR GELO. APARELHOTELEFONICOC__FIO SIEMENSEUROSETE3005 CORGELO_SIEMENS SIEMENS "
"APARELHO TELEFONICO C/ FIO,SIEMENS EUROSET E3005,COR GELO. APARELHOTELEFONICOC__FIO SIEMENSEUROSETE3005 CORGELO_SIEMENS SIEMENS E3005, N"
"APARELHO TELEFONICO C/ FIO,SIEMENS EUROSET E3005,COR GELO. APARELHOTELEFONICOC__FIO SIEMENSEUROSETE3005 CORGELO_SIEMENS SIEMENS EUROSET 3005"
"APARELHO TELEFONICO C/ FIO,SIEMENS EUROSET E3005, APARELHOTELEFONICOC__FIO SIEMENSEUROSETE3005 SIEMENS SIEMENS "
MONITOR HP 17 POL. MONITORHP17POL_HP HP HP 5500 INVENT
MICROCOMPUTADOR PENTIUM IV C/CD-ROM E PERIFERICOS. MICROCOMPUTADORPENTIUMIVC__CD-ROMEPERIFERICOS_HP HP 
"CPU PENTIUM 4, 512MB DE RAM, GRAVADORA DE DVD, HD DE 80GB. CPUPENTIUM4 512MBDERAM GRAVADORADEDVD HDDE80GB_POSITIVO POSITIVO "
MONITOR SVGA DE 17 POL. MONITORSVGADE17POL_SANSUNG SANSUNG 
"MONITOR SVGA DE 17 POL. RAM, GRAVADORA DE DVD, HD DE 80GB. MONITORSVGADE17POL_RAM GRAVADORADEDVD HDDE80GB_SANSUNG SANSUNG "
IMPRESSORA PORTATIL P/ NOTEBOOK IMPRESSORAPORTATILP__NOTEBOOKHP HP 460WF
IMPRESSORA LASERJET MULTIFUNCIONAL. IMPRESSORALASERJETMULTIFUNCIONAL_HP HP 3390
IMPRESSORA LASERJET MULTIFUNCIONAL IMPRESSORALASERJETMULTIFUNCIONALHP HP 3390
IMPRESSORA LASERJET MULTIFUNCIONAL IMPRESSORALASERJETMULTIFUNCIONALHP HP 
"MONITOR DE ""LCD"" DE 20"",TFT.SM 205 BW. MONITORDE_LCD_DE20_ TFT_SM205BW_SANSUNG SANSUNG MONITOR LCD"
ACESS POINT/WIRELLES. ACESSPOINT__WIRELLES_HP HP 
NO BREAK BIVOLT. NOBREAKBIVOLT_S__M S/M 
COMPUTADOR EXPERT WORK STATION E ACESSORIOS. COMPUTADOREXPERTWORKSTATIONEACESSORIOS_S__M S/M 
IMPRESSORA  IMPRESSORA WORK CENTRE   XEROX 
IMPRESSORA IMPRESSORA BROTHER 
"SCANNER, COM ACESSORIOS. SCANNER COMACESSORIOS_S__M S/M "
"LOGICUBE TALON (KIT),PORTABLE HD E ACESSORIOS. LOGICUBETALON_KIT_ PORTABLEHDEACESSORIOS_S__M S/M "
"NOTEBBOK, COM WINDOWS VISTA E ACESSORIOS. NOTEBBOK COMWINDOWSVISTAEACESSORIOS_S__M S/M "
GC/EM SEM INJETOR AUTOMATICO GC__EMSEMINJETORAUTOMATICOS__M S/M 
UV/VIS UV__VISS__M S/M 
FREQUENCIMETRO DIGITAL PORTATIL. FREQUENCIMETRODIGITALPORTATIL_S__M_ S/M. 
MULTIMETRO DIGITAL PORTATIL. MULTIMETRODIGITALPORTATIL_S__M_ S/M. 
ALICATE AMPERIMETRO 1.000A ALICATEAMPERIMETRO1_000AS__M_ S/M. 
CARGA ATENUADORA DE RF. CARGAATENUADORADERF_S__M_ S/M. 
CONJUNTO DE FERRAMENTAS. CONJUNTODEFERRAMENTAS_S__M_ S/M. 
FERRAMENTAS PARA RETRABALHO COM SMD FERRAMENTASPARARETRABALHOCOMSMDS__M_ S/M. 
ESTACAO DE TRABALHO COM TEMPERATURA CONTROLADA. ESTACAODETRABALHOCOMTEMPERATURACONTROLADA_S__M_ S/M. 
MATRIZ DE CONTATOS (PROTOBOARD). MATRIZDECONTATOS_PROTOBOARD__S__M_ S/M. 
PROTECAO ANTIESTATICA. PROTECAOANTIESTATICA_S__M_ S/M. 
LUPAS COM LUMINARIA. LUPASCOMLUMINARIA_S__M_ S/M. 
"SCANNER DIGITAL DE MESA,CAP. 50 PAG.PAPEL COMUM SCANNERDIGITALDEMESA CAP_50PAG_PAPELCOMUMHP HP "
CAMERA FOTOGRAFICA DIGITAL CAMERAFOTOGRAFICADIGITALCANON CANON 
"GRAVADOR DIGITAL,USB,132 HORAS,COM ACESSORIOS. GRAVADORDIGITAL USB 132HORAS COMACESSORIOS_POWERPACK POWERPACK DVR-1920"
"IMPRESSORA,FAX,SCANNER E COPIADORA HP 4355. IMPRESSORA FAX SCANNERECOPIADORAHP4355_HP HP "
"MONITOR LCD, 15 POLEGADAS. MONITORLCD 15POLEGADAS_HP HP L156V"
"COMPUTADOR ,PROCES. AMD 2.0 DUAL CORE, HD 80 MEM, 2GB. COMPUTADOR PROCES_AMD2_0DUALCORE HD80MEM 2GB_HP HP DC5750"
"NOTEBOCK C/DRIVE 1,44, USB C/MINI-MOUSE,OPTICO E MALETA. NOTEBOCKC__DRIVE1 44 USBC__MINI-MOUSE OPTICOEMALETA_ACER ACER 5050-4570"
"TELEVISOR COLORIDO,LCD 32"",WIDE SCREEN,HDTV READY,BIVOLT. TELEVISORCOLORIDO LCD32_ WIDESCREEN HDTVREADY BIVOLT_LG LG 32LC4R"
"IMPRESSORA MULTIFUNCIONAL,SCX-4720FN,BIVOLT. IMPRESSORAMULTIFUNCIONAL SCX-4720FN BIVOLT_SAMSUNG SAMSUNG MULTIFUNCIONAL"
"APARELHO DE AR CONDICIONADO SPLIT,C/18000BTUS,C/CONT.REMOTO APARELHODEARCONDICIONADOSPLIT C__18000BTUS C__CONT_REMOTOMIDEA__HI-WALL MIDEA/HI-WALL TETO/PAREDE"
"APARELHO DE AR CONDICIONADO SPLIT,C/18000BTUS,C/CONT.REMOTO APARELHODEARCONDICIONADOSPLIT C__18000BTUS C__CONT_REMOTOMIDEA__HI-WALL MIDEA/HI-WALL "
"APARELHO DE AR CONDICIONADO SPLIT,C/9000BTUS,C/CONT.REMOTO APARELHODEARCONDICIONADOSPLIT C__9000BTUS C__CONT_REMOTOMIDEA__HI-WALL MIDEA/HI-WALL TETO/PAREDE"
NOBREAK  NOBREAKAPC APC SISTEMA NO-BREAK
MONITOR LCD 19 POL. MONITORLCD19POL_SAMSUNG SAMSUNG 943 BWX
MONITOR LCD 19 POL. MONITORLCD19POL_DELL DELL 
"MONITOR DE VIDEO, SAMSUNG MONITORDEVIDEOSAMSUNG SAMSUNG "
MONITOR DE VIDEO MONITORDEVIDEOLG LG 
MONITOR DE VIDEO MONITORDEVIDEO POSITIVO POSITIVO 
"MONITOR DE VIDEO, SAMSUNG MONITORDEVIDEO SAMSUNG SAMSUNG "
MONITOR DE VIDEO MONITORDEVIDEO SAMSUNG SAMSUNG 
MONITOR DE VIDEO MONITORDEVIDEO LG LG 
MONITOR LCD 19 POL. MONITORLCD19POL_SAMSUNG SAMSUNG 
MONITOR DE VIDEO MONITORDEVIDEO LENOVO LENOVO 
"BEBEDOURO ELETRICO COLUNA,CAP.20LT.02TORNEIRAS,AGUA NAT/GEL BEBEDOUROELETRICOCOLUNA CAP_20LT_02TORNEIRAS AGUANAT__GELLIBEL LIBEL BEBEDOURO P/ GUA"
"BEBEDOURO ELETRICO COLUNA,CAP.20LT.02TORNEIRAS,AGUA NAT/GELA BEBEDOUROELETRICOCOLUNA CAP_20LT_02TORNEIRAS AGUANAT__GELALIBEL LIBEL "
"MACACO TIPO JACARE,PORTATIL,C/CAP. DE 02 TONELADAS C/ACIONAM MACACOTIPOJACARE PORTATIL C__CAP_DE02TONELADASC__ACIONAMBOVENAU BOVENAU TIPO JACAR©"
"MACACO TIPO JACARE,PORTATIL,C/CAP.DE 02 TONELADAS MACACOTIPOJACARE PORTATIL C__CAP_DE02TONELADASBOVENAU BOVENAU TIPO JACAR©"
"BOMBA D´AGUA DE 1CV, 60HZ. BOMBADAGUADE1CV 60HZ_DANCOR DANCOR BOMBA D""GUA."
CARRETA REBOQUE PARA EMBARCACAO COM 06M. DE COMPRIMENTO. CARRETAREBOQUEPARAEMBARCACAOCOM06M_DECOMPRIMENTO_ESPANHABRASIL_ ESPANHA BRASIL. REBOQUE
"BARCO DE ALUMINIO SOLDADO,CAP.800KG.P/06PESSOAS,COMP.5,5MX1, BARCODEALUMINIOSOLDADO CAP_800KG_P__06PESSOAS COMP_5 5MX1 MARRECO MARRECO SEMI-CHATA"
"ESTABILIZADOR DE TENSAO TRUE RMS,115V,C/04 TOMADAS DE SAIDAS ESTABILIZADORDETENSAOTRUERMS 115V C__04TOMADASDESAIDASSMS SMS ESTABILIZADOR"
ESTABILIZADOR DE TENSAO ESTABILIZADORDETENSAO SEM MARCA ESTABILIZADOR
ESTABILIZADOR DE TENSAO SMS ESTABILIZADORDETENSAOSMS SMS SD
"CILINDRO EM CARBONO, P/ARMAZENAR GASES,C/CAP.P/15M3OU50LIT. CILINDROEMCARBONO P__ARMAZENARGASES C__CAP_P__15M3OU50LIT_WM WM CILINDRO"
REFRIGERADOR REFRIGERADORDUPLEX FROSTFREE VERTICAL BRANCO 110VMABE MABE GELADEIRA
REFRIGERADOR REFRIGERADORDUPLEX FROSTFREE VERTICAL BRANCOMABE MABE GELADEIRA
"CAFETEIRA ELETRICA COM 02 FILTROS DE 1,2 LITROS CAFETEIRAELETRICACOM02FILTROSDE1 2LITROSCADENCE CADENCE EXP315"
"CAFETEIRA ELETRICA COM 02 FILTROS SW 1,2 LITROS CAFETEIRAELETRICACOM02FILTROSSW1 2LITROSCADENCE CADENCE EXP315"
MICROONDAS MICROONDAS PORTACOMVISORBRANCOTRANSPARENTE SEM MARCA FORNO MICROONDAS
MICROONDAS MICROONDASDE28LITROS PORTACOMVISORBRANCOTRANSPARENTEELECTROLUX ELECTROLUX FORNO MICROONDAS
"MICROONDAS DE 28 LITROS, PORTA COM VISOR BRANCO TRANSPARENTE MICROONDASDE28LITROS PORTACOMVISORBRANCOTRANSPARENTEELECTROLUX ELECTROLUX FORNO MICROONDAS"
"AP. DE TELEFONE SEM FIO, COM ID/CHAMADA AP_DETELEFONESEMFIO COMID__CHAMADAINTELBRAS INTELBRAS TELEFONE SEM FIO"
AP. FAC SIMILE C/FUNCAO COPIADORA ID/CHAMADA AP_FACSIMILEC__FUNCAOCOPIADORAID__CHAMADAINTELBRAS INTELBRAS FAC SIMILE
AP. FAC SIMILE C/FUNCAO COPIADORA ID/CHAMADA AP_FACSIMILEC__FUNCAOCOPIADORAID__CHAMADAINTELBRAS INTELBRAS F312
"PARAFUSADEIRA ELETRICA, POTENCIA MINIMA DE 550W PARAFUSADEIRAELETRICA POTENCIAMINIMADE550WHENKO HENKO PARAFUSADEIRA"
"FURADEIRA DE BANCADA, POTENCIA MINIMA 250W FURADEIRADEBANCADA POTENCIAMINIMA250WMAKITA MAKITA FURADEIRA"
CARREGADOR DE BATERIA AUTOMOTIVA CARREGADORDEBATERIAAUTOMOTIVAWEG WEG CARREGADOR
"COROTE PLASTICO, CAPACIDQADE PARA 50 LITROS COROTEPLASTICO CAPACIDQADEPARA50LITROSPLASUTIL PLASUTIL COROTE"
"CARREGADOR DE BATERIA AUTOMOTIVA, 110V/220V CARREGADORDEBATERIAAUTOMOTIVA 110V__220VWEG WEG CARREGADOR"
"TANQUE DE COMBUSTIVEL, COROTE PLASTICO PARA 50 LITROS TANQUEDECOMBUSTIVEL COROTEPLASTICOPARA50LITROSPLASUTIL PLASUTIL COROTE"
"EQUP. DE PROC. DADOS, SOFTWARE RECONHEC. DE VOZ EQUP_DEPROC_DADOS SOFTWARERECONHEC_DEVOZ SEM MARCA EQUIP. PROC. DADOS"
IMPRESSORA MULTIFUNCIONAL IMPRESSORAMULTIFUNCIONALSAMSUNG SAMSUNG SCX-5530FN
"EMBARCACAO TIPO VOADEIRA DE 16 PES, APROX. 5M EMBARCACAOTIPOVOADEIRADE16PES APROX_5MLEVEFORT__MARFIM5_0 LEVEFORT/MARFIM5.0 MARFIM5.0"
MITSUBISHI L200 CAMINHONETEPARATRANSPORTEDEPASSAGEIROECARGAMITSUBISHI MITSUBISHI L-200
MITSUBISHI L200 CAMINHONETEPARATRANSPORTEDEPASSAGEIROSECARGAMITSUBISHI MITSUBISHI L-200
"ARMARIO ESCRITORIO,2 PORTAS,MADEIRA AGLOMERADA,3 PRATELEIRAS ARMARIOESCRITORIO 2PORTAS MADEIRAAGLOMERADA 3PRATELEIRASADATTARE ADATTARE ARMÝRIO"
"ARMARIO ALTO,2 PORTAS,COM PRATELEIRAS ARMARIOALTO 2PORTAS COMPRATELEIRASADATTARE ADATTARE ARMÝRIO"
"ESTACAO DE TRABALHO DE TAMPO §NICO,MADEIRA,APOIO PARA OS PES ESTACAODETRABALHODETAMPONICO MADEIRA APOIOPARAOSPESADATTARE ADATTARE ESTAÞO DE TRABALHO"
ESTACAO DE TRABALHO PARA CARTORIO ESTACAODETRABALHOPARACARTORIOADATTARE ADATTARE ESTAÞO DE TRABALHO
"GAVETEIRO MOVEL, TIPO PEDESTAL, 4 GAVETAS, MADEIRA GAVETEIROMOVEL TIPOPEDESTAL 4GAVETAS MADEIRAADATTARE ADATTARE GAVETEIRO"
"ESTACAO DE TRABALHO, MESA AUXILIAR ESTACAODETRABALHO MESAAUXILIARADATTARE ADATTARE ESTAÞO DE TRABALHO"
"APARELHO DE AR CONDICIONADO,12000 BTUS,SPLIT,220V APARELHODEARCONDICIONADO 12000BTUS SPLIT 220VELGIN ELGIN PAREDE/TETO"
"APARELHO DE AR CONDICIONADO, 7.500 BTUS, 220V APARELHODEARCONDICIONADO 7_500BTUS 220VELGIN ELGIN PAREDE"
"APARELHO DE AR CONDICIONADO, 18.000 BTUS, 220V APARELHODEARCONDICIONADO 18_000BTUS 220VELGIN ELGIN PAREDE"
APARELHO TELEFONICO CELULAR APARELHOTELEFONICOCELULARIRIDIUM IRIDIUM 9505A
GM - CHEVROLET ASTRA SEDAN AUTOMOVELPASSAGEIRO FLEXPOWER CINZABLUETCHEVROLET GM - CHEVROLET ASTRA SEDAN
"BARCO EM ALUMINIO SOLDADO, SEMICHATO, 5M COMPRIMENTO BARCOEMALUMINIOSOLDADO SEMICHATO 5MCOMPRIMENTOMARRECO MARRECO SEMICHATO"
"BARCO EM ALUMINIO SOLDADO, SEMICHATO, 5M COMPRIMENTO BARCOEMALUMINIOSOLDADO SEMICHATO 5MCOMPRIMENTOMARRECO MARRECO SEMICHATA"
RENAULT MEGANE AUTOMOVELPASSAGEIRO MEGANESEDAN2_0 PRETOMETALICORENAULT RENAULT MEGANE SEDAN
RENAULT MASTER MASTERBUSPARA16PASSAGEIROS BRANCORENAULT RENAULT MASTER BUS 16 DCI
"MOTOR DE POPA DE 60HP, 4 CILINDROS, PARTIDA ELETRICA MOTORDEPOPADE60HP 4CILINDROS PARTIDAELETRICAYAMAHA YAMAHA MOTOR DE POPA"
"MOTOR DE POPA DE 40HP, 2 CILINDROS, PARTIDA ELETRICA MOTORDEPOPADE40HP 2CILINDROS PARTIDAELETRICAYAMAHA YAMAHA MOTOR DE POPA"
VW - VOLKSWAGEN SANTANA AUTOMOVELAGASOLINA MOTOR2_0 CORPRATAVOLKSWAGEN VW - VOLKSWAGEN SANTANA
IMPRESSORA MONOCROMATICA IMPRESSORAMONOCROMATICAHP HP LASERJET 1200N
IMPRESSORA MONOCROMATICA IMPRESSORAMONOCROMATICAHP HP LASERJET
NOTEBOOK NOTEBOOKCOMPAQ COMPAQ PRESARIO
ESTACAO REPETIDORA DIGITAL INDEPEMDENTE ESTACAOREPETIDORADIGITALINDEPEMDENTEEADS__TELECOM EADS/TELECOM 
TRANSCEPTOR PORTATIL TRANSCEPTORPORTATILEADS__TELECOM EADS/TELECOM TR 1131 RADIO PORTATIL P2
CAREGADOR PORTATIL DE BATERIA CAREGADORPORTATILDEBATERIAEADS__TELECOM EADS/TELECOM HR5941 CARREAGADOR BAT MUL
"BATERIA P/ TELECECOMUNICACAO HR 7365, BAT. NIMH 2,3AH 4,8V BATERIAP__TELECECOMUNICACAOHR7365 BAT_NIMH2 3AH4 8VEADS__TELECOM EADS/TELECOM HR 7365 BATERIA"
ANTENA VERTICAL (KATHREIN) 720880 ANTENAVERTICAL_KATHREIN_720880EADS__TELECOM EADS/TELECOM 7208805 BATERIA
CAPA DE NEOPRENE PARA RADIO TPH600 HR7727 CAPADENEOPRENEPARARADIOTPH600HR7727EADS__TELECOM EADS/TELECOM HR7727
"BATERIA DE ALTA CAPACIDADE DE INOS DE LITIO 7,4V BATERIADEALTACAPACIDADEDEINOSDELITIO7 4VEADS__TELECOM EADS/TELECOM HR7471AAA01"
RADIO MOVEL  RADIOMOVEL SEM MARCA 
RADIO MOVEL RADIOMOVEL SEM MARCA 
RÁDIO VEICULAR TETRAPOL RADIOMOVELHT EADS/TELECOM HT
RÁDIO VEICULAR TETRAPOL RADIOMOVELHT EADS/TELECOM HT 6991
RADIO PORTATIL HT RADIOPORTATILHT EADS/TELECOM HT
RADIO PORTATIL TPH600 RADIOPORTATILTPH600EADS__TELECOM EADS/TELECOM HT8381 RADIO PORTATIL TPH
RADIO HT TPH600 RADIOPORTATILTPH600EADS__TELECOM EADS/TELECOM HT8381 RADIO PORTATIL TPH
LANCADOR DE MUNIÇÃO MENOS LETAL CALIBRE 12 PROJETORCALIBRE12P__CARTUCHOSDEMUNICAOQUIMICACONDOR CONDOR 
LANCADOR DE MUNIÇÃO MENOS LETAL CALIBRE 37/38MM LANCADORDEMUNICOESNAOLETAISCONDOR CONDOR AM-600
TOYOTA COROLLA COROLLAXLI 1_8FLEX 16VALVULAS PRETOECLIPSETOYOTA TOYOTA COROLLA
MITSUBISHI L200 PICK-UPL200 CABINEDUPLA PRETOLAMPMITSUBISHI MITSUBISHI L-200
"NOTEBOOK-2KB-DDR2,FC1.8GHZ-64BITS-HD160GB,MALETA/ACESSORIOS NOTEBOOK-2KB-DDR2 FC1_8GHZ-64BITS-HD160GB MALETA__ACESSORIOSLENOVO LENOVO T61"
"MONITOR DE VIDEO 19"" MONITORDEVIDEO19_COMPAG COMPAG MONITOR"
SCANNER DE COMUNICACAO SCANNERDECOMUNICACAOEPSON EPSON EPSON 1680
IMPRESSORA DE DADOS IMPRESSORADEDADOSHP HP HP46DN
HUB (SWITCH) MICRO HUB_SWITCH_MICRO3COM 3COM 24 PORTAS
MESA DE TRABALHO LINEAR EM MADEIRA NA COR MARFIM MESADETRABALHOLINEAREMMADEIRANACORMARFIMATAL ATAL MESA LINEAR
CADEIRA GIRATORIA ESPALDAR MEDIO C/RODIZIOS NA COR AZUL. CADEIRAGIRATORIAESPALDARMEDIOC__RODIZIOSNACORAZUL_ATAL ATAL CADEIRA ESPALDAR MEDIO
LEITOR DE CODIGO DE BARRAS LEITORDECODIGODEBARRASOPTICON OPTICON OPR-2001
LEITOR DE CODIGO DA BARRAS LEITORDECODIGODABARRASMETROLOGIC METROLOGIC 
IMPRESSORA DE CODIGO DE BARRAS IMPRESSORADECODIGODEBARRASZEBRA ZEBRA TLP2844
TOYOTA COROLLA COROLLAXLI M__T:1_8L136CV4CILINDROS4PORTAS_TOYOTA TOYOTA COROLLA
"ARMARIO ALTO, EM MADEIRA, P/PASTAS SUSPENSAS ARMARIOALTO EMMADEIRA P__PASTASSUSPENSASN__C N/C ARMARIO P/PASTA SUSPENSA"
"ARMARIO ALTO, TIPO ESTANTE, EM MADEIRA AGLOMERADO, 08 PRATELEIRA  ARMARIOALTO TIPOESTANTE EMMADEIRAAGLOMERADO 08PRATELEIRA N/C ARMARIO TIPO ESTANTE"
"ESTACAO DE TRABALHO,EM MADEIRA, MED. 700X700X1600 ESTACAODETRABALHO EMMADEIRA MED_700X700X1600N__C N/C ESTA«O DE TRABALHO"
"GAVETEIRO EM MADEIRA, PEDESTAL GAVETEIROEMMADEIRA PEDESTALN__C N/C GAVETEIRO PEDESTAL"
"GAVETEIRO EM MADEIRA, PEDESTAL COM 04 GAVETAS GAVETEIROEMMADEIRA PEDESTALCOM04GAVETAS N/C GAVETEIRO PEDESTAL"
"MESA PARA REUNIAO. EM MADEIRA, REDONDA. MESAPARAREUNIAO_EMMADEIRA REDONDA_N__C N/C MESA DE REUNIO"
"MESA PARA REUNIAO. EM MADEIRA, SEMI-OVAL, P/06CADEIRA MESAPARAREUNIAO_EMMADEIRA SEMI-OVAL P__06CADEIRAN__C N/C MESA DE REUNIO"
"MESA PARA REUNIAO. EM MADEIRA, SEMI-OVAL, P/10CADEIRA MESAPARAREUNIAO_EMMADEIRA SEMI-OVAL P__10CADEIRAN__C N/C MESA DE REUNIO"
"MESA DE TRABALHO. EM MADEIRA, CPD. MESADETRABALHO_EMMADEIRA CPD_N__C N/C MESA EM MADEIRA"
"ARMARIO ALTO, EM MADEIRA, C/PORTAS E PRATELEIRAS. ARMARIOALTO EMMADEIRA C__PORTASEPRATELEIRAS_N__C N/C ARMARIO ALTO EM MADEIRA"
"ARMARIO ALTO, TIPO ESTANTE, EM MADEIRA AGLOMERADO, 08 PRATELEIRA  ARMARIOALTO TIPOESTANTE EMMADEIRAAGLOMERADO 08PRATELEIRA N/C ARMARIO ALTO EM MADEIRA"
"ARMARIO ALTO, TIPO ESTANTE, EM MADEIRA AGLOMERADO, 05 PRATELEIRA  ARMARIOALTO TIPOESTANTE EMMADEIRAAGLOMERADO 05PRATELEIRA N/C ARMARIO ALTO EM MADEIRA"
"ARAMRIO DE MADEIRA P/ FUZIS,COLETES E MUNICOES/CAPACETES. ARAMRIODEMADEIRAP__FUZIS COLETESEMUNICOES__CAPACETES_TECNO2000 TECNO2000 ARMARIO ALTO"
"ARMARIO DE MADEIRA P/FUZIS,COLETES E MUNICOES/CAPACETES ARMARIODEMADEIRAP__FUZIS COLETESEMUNICOES__CAPACETESTECNO2000 TECNO2000 ARMARIO ALTO"
ARMARIO DE MADEIRA ALTO P/ARMAS E MUNICOES. ARMARIODEMADEIRAALTOP__ARMASEMUNICOES_TECNO2000 TECNO2000 ARMARIO ALTO
"ARMARIO DE MADEIRA PARA PASSAPORTES, MULTI USO. ARMARIODEMADEIRAPARAPASSAPORTES MULTIUSO_TECNO2000 TECNO2000 ARMARIO COM 02 PORTAS"
PISTOLA DE DESCARGA ELETRICA TASER M26/X26 PISTOLADEDESCARGAELETRICATASERM26IMOBILIZACAO TASER M26
PISTOLA DE DESCARGA ELETRICA TASER M26/X26 PISTOLADEDESCARGAELETRICAX26TASER TASER X26
COMPUTADOR COM GRAVADOR DE DVD COMPUTADORCOMGRAVADORDEDVDLENOVO LENOVO THINKCENTRE M57P
MICROCOMPUTADOR COM GRAVADOR DE DVD MICROCOMPUTADORCOMGRAVADORDEDVD SEM MARCA 
COMPUTADOR COM GRAVADOR DE DVD COMPUTADORCOMGRAVADORDEDVDLENOVO LENOVO 
COMPUTADOR COM GRAVADORA DE DVD COMPUTADORCOMGRAVADORADEDVDLENOVO LENOVO THINKCENTRE M57P
COMPUTADOR COM GRAVADORA DE DVD COMPUTADORCOMGRAVADORADEDVDLENOVO LENOVO 
COMPUTADOR COM GRAVADORA DE DVD COMPUTADORCOMGRAVADORADEDVD SEM MARCA 
MICROCOMPUTADOR CPU DESKTOP  MICROCOMPUTADORCPUDESKTOP SEM MARCA 
COMPUTADOR COM GRAVADORA DE DVD COMPUTADORCOMGRAVADORADEDVDMULTILASER MULTILASER 
COMPUTADOR COM GRAVADORA DE DVD. COMPUTADORCOMGRAVADORADEDVD_LENOVO LENOVO THINKCENTRE M57P
"CAPACETE, MACH-5 CAPACETE MACH-5PEELF PEELF MACH-5 RT CLASSIC"
HONDA XR 250 TORNADO MOTO 249 0CC MONOCILINDRICO4TEMPOS 24HP ARREF_AARHONDA HONDA XR 250 TORNADO
ESCANINHO TIPO ARMARIO ALTO. ESCANINHOTIPOARMARIOALTO_TECNO2000 TECNO2000 ARMARIO ALTO
FORD FOCUS SEDAN FORDFOCUSSEDAN 2_0L 04PORTAS GASOLINAFORD FORD FOCUS SEDAN
RADIO MOVEL PRO-HT6991 RADIOMOVELPRO-HT6991EADS__TELECOM EADS/TELECOM HT 6991
REPETIDORA DIGITAL INDEPENDENTE REPETIDORADIGITALINDEPENDENTEEADS__TELECOM EADS/TELECOM RB1909GA IDR
ANTENA VERTICAL KATHREIN ANTENAVERTICALKATHREINEADS__TELECOM EADS/TELECOM 720880
"APARELHO DE FAC-SIMILE, C/ IDENTIFICADOR DE CHAMADAS E OUT. APARELHODEFAC-SIMILE C__IDENTIFICADORDECHAMADASEOUT_INTELBRAS INTELBRAS F312 LINEA GRAFITE"
DEIONIZADOR DE AGUA DEIONIZADORDEAGUA SEM MARCA DEIONIZADOR
"POLTRONA DE CHEFIA, EM NAPA PRETA, C/ENCOSTO ALTO C/CABIDE. POLTRONADECHEFIA EMNAPAPRETA C__ENCOSTOALTOC__CABIDE_FLEXIBASE FLEXIBASE POLTRONA/RODIZIO"
"POLTRONA DE CHEFIA,EM NAPA PRETA,C/ENCOSTO ALTO,C/RODIZIO. POLTRONADECHEFIA EMNAPAPRETA C__ENCOSTOALTO C__RODIZIO_FLEXIBASE FLEXIBASE POLTRONA"
"POLTRONA DE CHEFIA,EM NAPA PRETA,C/ENCOSTO ALTO,C/RODIZIO POLTRONADECHEFIA EMNAPAPRETA C__ENCOSTOALTO C__RODIZIOFLEXIBASE FLEXIBASE POLTRONA"
"CADEIRA DE INTERLOCUTOR S/RODIZ.C/BRACOS,FIXA,NAPA PRETA CADEIRADEINTERLOCUTORS__RODIZ_C__BRACOS FIXA NAPAPRETAFLEXIBASE FLEXIBASE CADEIRA INTERLOCUTOR"
"CADEIRA DE INTERLOCUTOR S/RODIZ.C/BRACOS,FIXA,NAPA PRETA. CADEIRADEINTERLOCUTORS__RODIZ_C__BRACOS FIXA NAPAPRETA_FLEXIBASE FLEXIBASE CADEIRA INTERLOCUTOR"
"CADEIRA DE ESTACAO DE TRABALHO,EM NAPA PRETA. CADEIRADEESTACAODETRABALHO EMNAPAPRETA_FLEXIBASE FLEXIBASE CADEIRA DE ESTA«O TRABALHO"
"CADEIRA DE ESTACAO DE TRABALHO, EM NAPA. CADEIRADEESTACAODETRABALHO EMNAPA_FLEXIBASE FLEXIBASE CAD. ESTA«O DE TRABALHO"
"CADEIRA DE ESTACAO DE TRABALHO,EM NAPA PRETA. CADEIRADEESTACAODETRABALHO EMNAPAPRETA_FLEXIBASE FLEXIBASE CAD.ESTA«O TRABALHO"
"POLTRONA DE SALA DE ESPERA S/LONGARINA DE 03LUG.FIXA,NP.PRET POLTRONADESALADEESPERAS__LONGARINADE03LUG_FIXA NP_PRETFLEXIBASE FLEXIBASE POLTRONA SALA ESPERA."
"POLTRONA DE SALA ESPERA S/LONGARINA DE 03LUG.FIXA,NAPA PRETA POLTRONADESALAESPERAS__LONGARINADE03LUG_FIXA NAPAPRETAFLEXIBASE FLEXIBASE POLTRONA SALA ESPERA."
"POLTRONA DE SALA ESPERA S/LONGARINA DE 03LUG.FIXA,NAPA PRETA POLTRONADESALAESPERAS__LONGARINADE03LUG_FIXA NAPAPRETAFLEXIBASE FLEXIBASE POLTRONA SALA ESPERA"
"CADEIRA DE INTERLOCUTOR DE CHEFIA S/RODIZIO,C/BRACOS,NP.PRET CADEIRADEINTERLOCUTORDECHEFIAS__RODIZIO C__BRACOS NP_PRETFLEXIBASE FLEXIBASE CADEIRA INTERLOCUTOR"
"MONITOR DE VIDEO 17"" COLORIDO MONITORDEVIDEO17_COLORIDOSANSUNG SANSUNG SYNCMASTER"
"MONITOR DE VIDEO 17"" COLORIDO MONITORDEVIDEO17_COLORIDOSANSUNG SANSUNG SYNCMASTER 757NF"
"MONITOR DE VIDEO 17"" COLORIDO MONITORDEVIDEO17_COLORIDOSANSUNG SANSUNG, SAMSUNG SYNCMASTER 757NF"
MONITOR DE VIDEO  MONITORDEVIDEO POSITIVO 
MONITOR DE VIDEO MONITORDEVIDEO POSITIVO 
MONITOR DE VIDEO MONITORDEVIDEOSANSUNG SANSUNG 
"MONITOR DE VIDEO 17"" COLORIDO MONITORDEVIDEO17_COLORIDOLG LG FLATRON L1718S-BN"
"MONITOR DE VIDEO 17"" COLORIDO MONITORDEVIDEO17_COLORIDOSANSUNG SANSUNG 740N"
"MONITOR DE VIDEO 17"" COLORIDO MONITORDEVIDEO17_COLORIDOLG LG L1918S"
"MONITOR DE VIDEO 17"" COLORIDO MONITORDEVIDEO17_COLORIDOSOYO SOYO MT-NI-DYLM1598"
"MONITOR DE VIDEO 17"" COLORIDO MONITORDEVIDEO17_COLORIDOAOC AOC 716SW"
"MONITOR DE VIDEO 17"" COLORIDO MONITORDEVIDEO17_COLORIDOAOC AOC LM560S"
"ESCADA EM ALUMINIO,C/06 DEGRAUS,AUTO-TRAVANTE,ALTA RESISTENC ESCADAEMALUMINIO C__06DEGRAUS AUTO-TRAVANTE ALTARESISTENCALULEV ALULEV ESCADA EM ALUM¥NIO"
"ESCADA EM ALUMINIO,C/06 DEGRAUS,AUTO-TRAVANTE,ALTA REST. ESCADAEMALUMINIO C__06DEGRAUS AUTO-TRAVANTE ALTAREST_ALULEV ALULEV ESCADA EM ALUM¥NIO"
FRIGOBAR FRIGOBAR CAP_122LIT 127V DEGELOMANUAL PORTAC__CAP_P__PETS_ELECTROLUX ELECTROLUX REFRIGERADOR DOMESTICO
"MICROONDAS C/31 LIT.PORTA C/VISOR,POTEN.900W,COR BRANCA. MICROONDASC__31LIT_PORTAC__VISOR POTEN_900W CORBRANCA_ELECTROLUX ELECTROLUX FORNO MICROONDAS"
MICROONDAS MICROONDASC__31LIT_PORTAC__VISOR POTEN_900W CORBRANCAELECTROLUX ELECTROLUX FORNO MICROONDAS
"MICROONDAS C/31LIT.PORTA C/VISOR,POTEN.900W,COR BRANCA MICROONDASC__31LIT_PORTAC__VISOR POTEN_900W CORBRANCAELECTROLUX ELECTROLUX FORNO MICROONDAS"
"MESA DE DIRETOR, TIPO FORMICA ,COM TAMPO DE MARMORE. MESADEDIRETOR TIPOFORMICA COMTAMPODEMARMORE_FLEXIBASE FLEXIBASE MESA DE CHEFIA"
"MESA DE CENTRO P/GAB. DE DIRETOR, MAD.TP. FORMICA. MESADECENTROP__GAB_DEDIRETOR MAD_TP_FORMICA_FLEXIBASE FLEXIBASE MESA DE CENTRO"
"GAVETEIRO DE DIRETOR,MAD. TP. FORMICA. GAVETEIRODEDIRETOR MAD_TP_FORMICA_FLEXIBASE FLEXIBASE GAVETEIRO"
"ARMARIO BAIXO P/DIRETOR,MAD. TP. FORMICA. ARMARIOBAIXOP__DIRETOR MAD_TP_FORMICA_FLEXIBASE FLEXIBASE ARMARIO  DE DIRETOR"
"MESA AUXILIAR P/DIRETOR,MAD. TP. FORMICA. MESAAUXILIARP__DIRETOR MAD_TP_FORMICA_FLEXIBASE FLEXIBASE MESA AUX.DE DIRETOR"
"CAFETEIRA ELETRICA C/02 FILTROS,CAP.1,2LIT.110V,BICO VAPORIZ CAFETEIRAELETRICAC__02FILTROS CAP_1 2LIT_110V BICOVAPORIZCADENCE CADENCE CAFETEIRA EL©TRICA"
"BEBEDOURO ELETRICO,GARRAFAO 20LIT.D.COLUNA,02TORNEIRAS. BEBEDOUROELETRICO GARRAFAO20LIT_D_COLUNA 02TORNEIRAS_LIBELL LIBELL BEBEDOURO P/GUA"
"CARREGADOR DE BATERIA AUTOMOTIVO,110/220V,50/60HZ,RAP/LENTO CARREGADORDEBATERIAAUTOMOTIVO 110__220V 50__60HZ RAP__LENTOKITA KITA CM 312"
"PARAFUSADEIRA ELETRICA,CAP.P/PARAF.MAQ.M8(5/16"")127V. PARAFUSADEIRAELETRICA CAP_P__PARAF_MAQ_M8_5__16__127V_BLACK__DECKER BLACK/DECKER HP120K-BR"
"PARAFUSADEIRA ELETRICA,CAP.P/PARAF.MAQ.M*(5/16""),127V. PARAFUSADEIRAELETRICA CAP_P__PARAF_MAQ_M__5__16__ 127V_BLACK__DECKER BLACK/DECKER HP120K-BR"
"FURADEIRA DE BANCADA,MED.EXTERN.530X300X820MM,MOTOR-450W-36K FURADEIRADEBANCADA MED_EXTERN_530X300X820MM MOTOR-450W-36KCHIAPERINE CHIAPERINE CHFB16"
"COMPRESSOR DE AR,MONOFASICO 110/220V/60HZ,140LBF/POL12/9,7BA COMPRESSORDEAR MONOFASICO110__220V__60HZ 140LBF__POL12__9 7BAMOTOMIL MOTOMIL MAM-8,7/24-120PSI"
"COMPRESSOR DE AR,MONOFASICO 110/220V/60HZ,140LBF/PO12/9,BAR COMPRESSORDEAR MONOFASICO110__220V__60HZ 140LBF__PO12__9 BARMOTOMIL MOTOMIL MAM-8,7/24-120PSI"
"COMPRESSOR DE AR,MONOFASICO 110/220V/60HZ,140LBF/PO12/9,7BAR COMPRESSORDEAR MONOFASICO110__220V__60HZ 140LBF__PO12__9 7BARMOTOMIL MOTOMIL MAM-8,7/24-120PSI"
"MACACO TP. JACARE,C/CAP. DE 02TONELADAS,ACION.LEVE MACACOTP_JACARE C__CAP_DE02TONELADAS ACION_LEVEBOVENAU BOVENAU MACACO AUTOMOTIVO"
"APARELHO DE AR CONDICIONADO TIPO JANELA, DE 21.000BTUS APARELHODEARCONDICIONADOTIPOJANELA DE21_000BTUSELGIN ELGIN JANELA"
REFRIGERADOR GELADEIRABRANCAELETROLUX ELETROLUX GELADEIRA
REFRIGERADOR REFRIGERADORDUPLEX SISTEMDEGELOFROSTFREE CORBRANCAELETROLUX ELETROLUX GELADEIRA
"AP. DE AR CONDICIONADO,M TIPO SPLIT, 9.000 BTUS, C/CONTROLE AP_DEARCONDICIONADO MTIPOSPLIT 9_000BTUS C__CONTROLEMIDEA__HI-WALL MIDEA/HI-WALL SPLIT/PAREDE"
"AP. DE AR CONDICIONADO,M TIPO SPLIT, 18.000BTUS, C/CONTROLE AP_DEARCONDICIONADO MTIPOSPLIT 18_000BTUS C__CONTROLEMIDEA__HI-WALL MIDEA/HI-WALL SPLIT/PAREDE"
ROTEADOR WBR 1310 WIRELESS ROTEADORWBR1310WIRELESSD-LINK D-LINK WBR-1310
KIT COMPOSTO POR 45 LIVROS KITCOMPOSTOPOR45LIVROSEDITORADIVERSAS EDITORA DIVERSAS AUTORES DIVERSOS
KIT COMPOSTO POR 19 LIVROS KITCOMPOSTOPOR19LIVROSEDITORADIVERSAS EDITORA DIVERSAS AUTORES DIVERSOS
"CONJ. DE LIXEIRA, P/ COLETA SELETIVA, EM POLIET., C/ 4 LIX. CONJ_DELIXEIRA P__COLETASELETIVA EMPOLIET_ C__4LIX_JSN JSN CONJ. LIXEIRA SELETIVA"
FILMADORA PORTATIL SONY FILMADORAPORTATILSONY SONY 
"LIQUIDIFICADOR 110V, C/ JARRA PARA 02 LITROS LIQUIDIFICADOR110V C__JARRAPARA02LITROSBRITANIA BRITANIA LIQUIDIFICADOR"
REFRIGERADOR REFRIGERADORCAPACIDADEDE280LITROS DEGELOSEMI-AUTOMATICOELETROLUX ELETROLUX GELADEIRA
"NO BREAK 5000VA,MICROPROCESSADOR C/ESTABILIZADOR INTERNO. NOBREAK5000VA MICROPROCESSADORC__ESTABILIZADORINTERNO_SMS SMS "
APARELHO DE DVD PLAYER REPRODUZ CD-ROM E MP3 APARELHODEDVDPLAYERREPRODUZCD-ROMEMP3PANASONIC PANASONIC 
"APARELHO DE VIDEO CASSETE, 7 CABECAS. APARELHODEVIDEOCASSETE 7CABECAS_PANASONIC PANASONIC "
"MICROCOMPUTADOR, ADM ATHLON XP 2800, 80GB, 72000RPM MICROCOMPUTADOR ADMATHLONXP2800 80GB 72000RPMHP HP ATHLON XP 2800"
"MICROCOMPUTADOR, ADM ATHLON XP 2800, 80GB, 72000RPM MICROCOMPUTADOR ADMATHLONXP2800 80GB 72000RPMHP HP "
MICROCOMPUTADOR CPU DESKTOP MULTILASER MICROCOMPUTADORCPUDESKTOPMULTILASER MULTILASER 
"MONITOR DE VIDEO, TELA PLANA. MONITORDEVIDEO TELAPLANA LG "
"MONITOR DE VIDEO, TELA PLANA. MONITORDEVIDEO TELAPLANA_SAMSUNG LG "
"MONITOR DE VIDEO 17"" FLAT, COR PRETA, TELA PLANA. MONITORDEVIDEO17_FLAT CORPRETA TELAPLANA_SAMSUNG SAMSUNG "
MONITOR DE VIDEO TELA PLANA. SAMSUNG MONITORDEVIDEO TELAPLANA_SAMSUNG SAMSUNG 
"MONITOR DE VIDEO , TELA PLANA. SAMSUNG MONITORDEVIDEO TELAPLANA_SAMSUNG SAMSUNG "
"MONITOR DE VIDEO, TELA PLANA, SAMSUNG MONITORDEVIDEO TELAPLANA SAMSUNG SAMSUNG "
"MONITOR DE VIDEO, TELA PLANA. SAMSUNG MONITORDEVIDEO TELAPLANA_SAMSUNG SAMSUNG "
"MONITOR DE VIDEO, TELA PLANA. MONITORDEVIDEO TELAPLANA_SAMSUNG SAMSUNG "
"MONITOR DE VIDEO , TELA PLANA. MONITORDEVIDEO TELAPLANA_SAMSUNG SAMSUNG "
"MONITOR DE VIDEO , COR PRETA, TELA PLANA. MONITORDEVIDEO TELAPLANA_SAMSUNG SAMSUNG "
MICROCOMPUTADOR DESKTOP HP MICROCOMPUTADORDESKTOPHP HP 
"IMPRESSORA LASER MONOCROMATICO 1200DPI, 64GB DE RAM. IMPRESSORALASERMONOCROMATICO1200DPI 64GBDERAM_SAMSUNG SAMSUNG "
"IMPRESSORA LASER MONOCROMATICO 1200DPI, 64GB DE RAM. IMPRESSORALASERMONOCROMATICO1200DPI 64GBDERAM_KYOCERA KYOCERA "
"SWITCH C/ 24 PORTAS RJ-45 10/100/1000,CAP 192 PORTAS. SWITCHC__24PORTASRJ-4510__100__1000 CAP192PORTAS_3COM 3COM 3870"
IMPRESSORA  IMPRESSORA_EPSON EPSON 
MICROCOMPUTADOR CPU DESKTOP MICROCOMPUTADORCPUDESKTOPLG LG 
"MESA PARA TELEVISAO DE FORMATO RETO COM REVEST,METALICO. MESAPARATELEVISAODEFORMATORETOCOMREVEST METALICO_GIROFLEX GIROFLEX "
"CADEIRA GIRATORIA EM MADEIRA S/BRACO,POLIESTER AZUL. CADEIRAGIRATORIAEMMADEIRAS__BRACO POLIESTERAZUL_GIROFLEX GIROFLEX "
MESA PARA REUNIAO EM MADEIRA COM BASE CENTRALIZADA. MESAPARAREUNIAOEMMADEIRACOMBASECENTRALIZADA_GIROFLEX GIROFLEX 
"POLTRONA FIXA C/ESPALDAR MEDIO E BRACO,POLIESTER AZUL. POLTRONAFIXAC__ESPALDARMEDIOEBRACO POLIESTERAZUL_GIROFLEX GIROFLEX "
"CADEIRA FIXA EM MADEIRA S/BRACO,POLIESTER AZUL. CADEIRAFIXAEMMADEIRAS__BRACO POLIESTERAZUL_GIROFLEX GIROFLEX "
"CADEIRA FIXA EM MADEIRA,S/BRACO,POLIESTER AZUL. CADEIRAFIXAEMMADEIRA S__BRACO POLIESTERAZUL_GIROFLEX GIROFLEX "
MESA P/MICROCOMPUTADOR DE ESTRUTURA EM ACO ABNT TUBULAR MESAP__MICROCOMPUTADORDEESTRUTURAEMACOABNTTUBULARGIROFLEX GIROFLEX 
ESTACAO DE TRABALHO P/TUTORES EM MADEIRA AGLOMERADA. ESTACAODETRABALHOP__TUTORESEMMADEIRAAGLOMERADA_GIROFLEX GIROFLEX 
"MESA P/INSTRUTOR FORMATO RETO, MADEIRA AGLOMERADA. MESAP__INSTRUTORFORMATORETO MADEIRAAGLOMERADA_GIROFLEX GIROFLEX "
"CONJ. LIXEIRA SELETIVA, CAP. 50L, MAT. POLIET., VARIAS CORES CONJ_LIXEIRASELETIVA CAP_50L MAT_POLIET_ VARIASCORESJSN JSN LIXEIRA SELETIVA"
"CONJ.LIXEIRA SELETIVA, CAP.100L, MAT. POLIET., VARIAS CORES CONJ_LIXEIRASELETIVA CAP_100L MAT_POLIET_ VARIASCORESJSN JSN LIXEIRA SELETIVA"
"BALANCA DE PRECISAO,C/APARATO DENSIMETRICO,INCLUS.DENSINTYKI BALANCADEPRECISAO C__APARATODENSIMETRICO INCLUS_DENSINTYKIN__T N/T "
"MEDIDOR DE PROFUNDIDADE DE AGUA DIGITAL.CO,INCLUS.DENSINTYKI MEDIDORDEPROFUNDIDADEDEAGUADIGITAL_CO INCLUS_DENSINTYKIN__T N/T "
"AMOSTRADOR DE SOLOS DE 21"" AMOSTRADORDESOLOSDE21_N__T N/T "
TRENA ELETRONICA. TRENAELETRONICA_N__T N/T 
ESTACAO TOTAL GPT7005I ESTACAOTOTALGPT7005IN__T N/T 
LUPA DE MAO LUPADEMAON__T N/T 
LUPA ESTEREOSCOPIA DE MESA. LUPAESTEREOSCOPIADEMESA_N__T N/T 
GPS DE NAVEGACAO GPSDENAVEGACAO GARMIN GARMIN 
CLINOMETRO DIGITAL (BUSSULA). CLINOMETRODIGITAL_BUSSULA__N__T N/T 
"PALM TOP, COM CAPA E SOLFTWARE PALMTOP COMCAPAESOLFTWAREN__T N/T "
"PLOTTER,SCANNER E COPIADORA AO. PLOTTER SCANNERECOPIADORAAO_N__T N/T "
"MICROCOMPUTADOR PENTIUM 4, WINDOWS VISTA E SOLFWARES. MICROCOMPUTADORPENTIUM4 WINDOWSVISTAESOLFWARES_N__T N/T "
"MONITOR DE 20"". MONITORDE20__N__T N/T "
"MICROCOMPUTADOR PENTIUM 4, COM WINDOWS VISTA E SOLFTWARES. MICROCOMPUTADORPENTIUM4 COMWINDOWSVISTAESOLFTWARES_N__T N/T "
MONITOR DA ESTACAO PERICIAL DE GEOFISICA FORENSE. MONITORDAESTACAOPERICIALDEGEOFISICAFORENSE_N__T N/T 
"MICROCOMPUTADOR, PENTIUM 4,COM WINDOWS VISTA E SOLFTWARES. MICROCOMPUTADOR PENTIUM4 COMWINDOWSVISTAESOLFTWARES_N__T N/T "
"MONITOR DE ESTACAO PERICIAL, SANSUNG. MONITORDEESTACAOPERICIAL SANSUNG_N__T N/T "
"SWITCH DE 48 PORTAS NETGEAR,TP.CONECTORES RJ-45,TENSAO-110/2 SWITCHDE48PORTASNETGEAR TP_CONECTORESRJ-45 TENSAO-110__2NETGEAR NETGEAR SWITCH"
"MALETA P/ NOTEBOOK 15,4"",MED.42X33X12CM,C/COMPARTIMENTOS ALC MALETAP__NOTEBOOK15 4_ MED_42X33X12CM C__COMPARTIMENTOSALCNOTESHIP NOTESHIP MALETA DE MO P/NOTEBOOK"
"DISCO EXTERNO C/BARRAMENTO,INTERFACE,USB 2.0 DE ALTA VELOCID DISCOEXTERNOC__BARRAMENTO INTERFACE USB2_0DEALTAVELOCIDCLONE CLONE DISCO R¥GIDO REMOV¥VEL"
"NO BREAK DE 600VA,TENSAO 115V,C/ESTABILIZADOR INTERNO,60HZ NOBREAKDE600VA TENSAO115V C__ESTABILIZADORINTERNO 60HZSMS SMS ESTABILIZADOR DE TENSO"
"CHAVEADORA,TIPO VGA 8X1,SAIDA 08UN.TP.PS2,CONECT.VGA,110/220 CHAVEADORA TIPOVGA8X1 SAIDA08UN_TP_PS2 CONECT_VGA 110__220PLANET PLANET KVM800"
"NOBREAK DE 30KVA,SIN.TRIPH.(BATERIA SELADA N622020000117) NOBREAKDE30KVA SIN_TRIPH__BATERIASELADAN622020000117_SMS SMS "
"NOBREAK DE 30KVA,SIN.TRIPH.(C/BATERIA SELADA N622027000118) NOBREAKDE30KVA SIN_TRIPH__C__BATERIASELADAN622027000118_SMS SMS "
CAMERA DE SEGURANCA CAMERADESEGURANCATSHIBAIK-64DNA TSHIBA IK-64DNA TSHIBA IK-64DNA
CAM FOT DIGIT 6.OMP 3XZOOM OTICO PRATA CAMFOTDIGIT6_OMP3XZOOMOTICOPRATASONYCYBERSHOTDSC-W30 SONY CYBERSHOT DSC-W30 SONY CYBERSHOT DSC-W30
GRAVADOR DIGITAL POWERPACK DVR-800 III GRAVADORDIGITALPOWERPACKDVR-800IIIPOWERPACK POWERPACK POWERPACK DVR-800 III
GRAVADOR DIGITAL POWERPACK DVR-800 II PLUS GRAVADORDIGITALPOWERPACKDVR-800IIPLUSPOWERPACK POWERPACK POWERPACK DVR-800 II PLUS
GRAVADOR DIGITAL POWERPACK DVR-860 OBK GRAVADORDIGITALPOWERPACKDVR-860OBKPOWERPACK POWERPACK POWERPACK DVR-860-OBK
"CAMERA FOTOG. DIGITAL, 7.2MP,ZOOM OPTICO DE 3X, PRATA CAMERAFOTOG_DIGITAL 7_2MP ZOOMOPTICODE3X PRATASONY SONY CYBERSHOT DSC-W35"
CAMERA FOTOG. DIGITAL CAMERAFOTOG_DIGITAL SEM MARCA 
"CAMERA FOTOG. DIGITAL, 7.2MP,ZOOM OPTICO DE 3X, PRATA CAMERAFOTOG_DIGITAL 7_2MP ZOOMOPTICODE3X PRATASONY SONY CYBERSHOT DSC-S650"
"MICROCOMPUTADOR DELL,INTEL PENTIUM 4, 512MB, 250GB HD,WIN XP MICROCOMPUTADORDELL INTELPENTIUM4 512MB 250GBHD WINXPDELL DELL "
"MICROCOMPUTADOR DELL,INTEL PENTIUM 4,512MB,250GB HD, WIN XP. MICROCOMPUTADORDELL INTELPENTIUM4 512MB 250GBHD WINXP_DELL DELL PRECISION 370"
MICROCOMPUTADOR PESSOAL NOTEBOOK. MICROCOMPUTADORPESSOALNOTEBOOK_LENOVO LENOVO THINPAD_T400
MICROCOMPUTADOR PESSOAL NOTEBOOK. MICROCOMPUTADORPESSOALNOTEBOOK_LENOVO LENOVO 
MICROCOMPUTADOR PESSOAL NOTEBOOK. MICROCOMPUTADORPESSOALNOTEBOOK_LENOVO LENOVO THINPAD T400
VIDEOCONFERENCIA EXECUTIVE DESKTOP SYSTEM. VIDEOCONFERENCIAEXECUTIVEDESKTOPSYSTEM_POLYCOM POLYCOM HDX4000HD
VIDEOCONFERENCIA CODEC DE ALTA DEFINICAO HDX8004 VIDEOCONFERENCIACODECDEALTADEFINICAOHDX8004POLYCOM POLYCOM HDX8004
VIDEOCONFERENCIA PEDESTRAL DE CHAO VE800 ELG BLACK VIDEOCONFERENCIAPEDESTRALDECHAOVE800ELGBLACKPOLYCOM POLYCOM ELG BLACK
TELEVISOR COLORIDO LCD 42 POLEGADAS PHILIPS. TELEVISORCOLORIDOLCD42POLEGADASPHILIPS_PHILIPS PHILIPS LCD42
"MEDIDOR DE CONDUTIVIDADE TERMICA, PRESIDIUM. MEDIDORDECONDUTIVIDADETERMICA PRESIDIUM_PRESIDIUM PRESIDIUM N/T"
MEDIDOR DE CONDUTIVIDADE ELETRICA. MEDIDORDECONDUTIVIDADEELETRICA_ONE1_ ONE1. N/T
"TRENA ELETRONICA (NEW), LEICA. TRENAELETRONICA_NEW_ LEICA_LEICA LEICA N/T"
TRENA DE RODA. TRENADERODA_N__T N/T N/T
EQUIPAMENTO DE ILUMINACAO INCANDESCENTE POR FIBRA OPTICA. EQUIPAMENTODEILUMINACAOINCANDESCENTEPORFIBRAOPTICA_N__T N/T N/T
PAQUIMETRO DIGITAL. PAQUIMETRODIGITAL_N__T N/T N/T
"DETECTOR GEIGER MULLER, COM ACESSORIOS. DETECTORGEIGERMULLER COMACESSORIOS_N__T N/T N/T"
"SONDA PORTATIL P/ANALISE DE AGUA,HYDROLAB SONDAPORTATILP__ANALISEDEAGUA HYDROLABHYDROLAB HYDROLAB N/T"
KIT DE ESTUDO AVANCADO DO SOLO. KITDEESTUDOAVANCADODOSOLO_ SEM MARCA N/T
"DENTROMETRO ELETRONICO, CRITERION. DENTROMETROELETRONICO CRITERION_CRITERION CRITERION N/T"
HIPSOMETRO. HIPSOMETRO_N__T N/T N/T
APARELHO DE GPS APARELHODEGPS GARMIN GARMIN N/T
"APARELHO DE GPS, COM PRECISAO SUBMETRICA. APARELHODEGPS COMPRECISAOSUBMETRICA_N__T N/T N/T"
CAMERA FOTOGRAFICA  CAMERAFOTOGRAFICATOSHIBA TOSHIBA N/T
"CAMERA FOTOGRAFICA DIGITAL, PENTAX. CAMERAFOTOGRAFICADIGITAL PENTAX_PENTAX PENTAX N/T"
"FILMADORA DIGITAL, C/ACESSORIOS,PANASONIC FILMADORADIGITAL C__ACESSORIOS PANASONICPANASONIC PANASONIC N/T"
"MICROCOMPUTADOR NOTEBOOK, IBM. MICROCOMPUTADORNOTEBOOK IBM_IBM IBM. N/T"
"MICROCOMPUTADOR NOTEBOOK, LENOVO MICROCOMPUTADORNOTEBOOK LENOVOLENOVO LENOVO N/T"
"PALM TOP, COM CAPAS DE PROTECAO. PALMTOP COMCAPASDEPROTECAO_N__T N/T N/T"
MONITOR DE VIDEO MONITORDEVIDEOPOSITIVO POSITIVO 
SISTEMA DE RAIO-X SISTEMADERAIO-XSMITHSDETECTION SMITHS DETECTION HI-SCAN HS60401
CLINOMETRO DIGITAL (BUSSULA) AC CLINOMETRODIGITAL_BUSSULA_ACFRIEIBERGER FRIEIBERGER PRAZISIONSMECHANIK
CUBA DE ACO CUBADEACO SEM MARCA 
LENTE OBJETIVA PARA CAMERA F6 NIKON LENTEOBJETIVAPARACAMERAF6NIKONNIKON NIKON 80 200MM F2.8 AFD
"NOTBOOK P M-725 CENTRINO 1,6GHZ 512MB RAM HD 40G CDRW/DVD NOTBOOKPM-725CENTRINO1 6GHZ512MBRAMHD40GCDRW__DVDDELL DELL D-505"
PENTIUM M 512MB DDR2 HD 40GB CD-RW/DVD(COMBO)COM MALETA PENTIUMM512MBDDR2HD40GBCD-RW__DVD_COMBO_COMMALETADELL DELL LATITUDE D-510
LEITOR DE TARJA MAGNETICA 3 TRILHAS SR/AC LEITORDETARJAMAGNETICA3TRILHASSR__ACIDTECH IDTECH IDT-3331-33U
"FOGAO DE USO DOMESTICO, COM 04 BOCAS, ACEND. ELETRICO FOGAODEUSODOMESTICO COM04BOCAS ACEND_ELETRICOESMALTEC ESMALTEC CARIBE"
"FOGAO DE USO DOMESTICO, C/ 04 BOCAS, ACEND. ELETRICO FOGAODEUSODOMESTICO C__04BOCAS ACEND_ELETRICOESMALTEC ESMALTEC CARIBE"
"APARELHO DE AR CONDICIONADO SPLIT,12000BTUS,220V/60HZ,C/CONT APARELHODEARCONDICIONADOSPLIT 12000BTUS 220V__60HZ C__CONTIKA IKA SPLIT"
PISTOLA GLOCK G17 9MM PISTOLAC__MIRATRITIUM 03CARREGADORESEACESSORIOSGLOCK_ GLOCK G17
APARELHO DE RAIO X PORTATIL E ACESS.DE PROTECAO ANTI-BOMBA. APARELHODERAIOXPORTATILEACESS_DEPROTECAOANTI-BOMBA_S__M S/M PORTTIL
CAPACETE DE SEGURANCA COM VISOR DE ACO E ACESSORIOS.ANTI-BOM CAPACETEDESEGURANCACOMVISORDEACOEACESSORIOS_ANTI-BOMS__M S/M S/M
RADIO PORTATIL TPH600 RADIOPORTATILTPH600EADS__TELECOM EADS/TELECOM HT8381 RDIO PORTTIL TPH
MICROFONE VIPØPARA RADIO TPH600 MICROFONEVIPPARARADIOTPH600EADS__TELECOM EADS/TELECOM HR7725
RADIO HT TPH700 RADIOTRANSCEPTORPORTATILHT8480TPH700EADS__TELECOM EADS/TELECOM HT8480
BATERIA DE ALTA CAPACIDADE DE IONS DE LITIO DO TPH600 BATERIADEALTACAPACIDADEDEIONSDELITIODOTPH600EADS__TELECOM EADS/TELECOM HR7471AAA01
BATERIA DE ALTA CAPACIDADE DE IONS DE LITIO DO TPH700 BATERIADEALTACAPACIDADEDEIONSDELITIODOTPH700EADS__TELECOM EADS/TELECOM HR7742AA
"APARELHO DE AR CONDICIONADO SPLIT,C/CONTROLE REMOTO,12MILBTU APARELHODEARCONDICIONADOSPLIT C__CONTROLEREMOTO 12MILBTUIKA IKA AR TIPO SPLIT 12000BTUS."
"APARELHO DE AR CONDICIONADO SPLIT,C/CONTROLE REMOTO,18MILBTU APARELHODEARCONDICIONADOSPLIT C__CONTROLEREMOTO 18MILBTUIKA IKA AR TIPO SPLIT 18000BTUS."
"APARELHO DE AR CONDICIONADO SPLIT,C/CONTROLE REMOTO,24MILBTU APARELHODEARCONDICIONADOSPLIT C__CONTROLEREMOTO 24MILBTUIKA IKA AR TIPO SPLIT 24000BTUS."
"APARELHO DE AR CONDICIONADO SPLIT,C/CONTROLE REMOTO,30.000MILBTU APARELHODEARCONDICIONADOSPLIT C__CONTROLEREMOTO 30_000MILBTUGREE GREE AR TIPO SPLIT 30000BTUS."
"APARELHO DE AR CONDICIONADO SPLIT,C/CONTROLE REMOTO,36MILBTU APARELHODEARCONDICIONADOSPLIT C__CONTROLEREMOTO 36MILBTUIKA IKA AR TIPO SPLIT 36000BTUS."
"EXTINTOR DE INCENDIO, TIPO PQS (PO QUIMICO SECO), 04KG EXTINTORDEINCENDIO TIPOPQS_POQUIMICOSECO_ 04KG SEM MARCA EXTINTOR DE INCENDIO"
"EXTINTOR DE INCENDIO, TIPO CO2 (GAS CARBONICO), 06KG EXTINTORDEINCENDIO TIPOCO2_GASCARBONICO_ 06KG SEM MARCA EXTINTOR DE INCENDIO"
CAMERA FOTOGRAFICA COM ACESSORIOS CAMERAFOTOGRAFICACOMACESSORIOSCANON CANON SD 770
CAMERA FILMADORA COM ACESSORIOS CAMERAFILMADORACOMACESSORIOSSONY SONY DCR-SR85
MICROCOMPUTADOR PESSOAL NOTEBOOK THINKPAD MICROCOMPUTADORPESSOALNOTEBOOKTHINKPADLENOVO LENOVO T400
SWITCH DE 08 PORTAS 10/100/1000MBPS. SWITCHDE08PORTAS10__100__1000MBPS_TP-LINK TP-LINK SWITCH-8PG3
"BALANCA DE PRECISAO ELETRONICA, ATE 300KG. BALANCADEPRECISAOELETRONICA ATE300KG_SM SM BALANCA ELETRONICA"
APARELHO GPS APARELHOGPSFOSTON FOSTON FS430
APARELHO GPS APARELHOGPSROADSTAR ROADSTAR RS655
APARELHO GPS APARELHOGPSGARMIM GARMIM 
APARELHO GPS APARELHOGPSMIDI AVMAP 
APARELHO GPS APARELHOGPSMIDI MIDI MD5039
APARELHO DE FAC-SIMILE APARELHODEFAC-SIMILEPANASONIC PANASONIC KX-FT987LA
"APARELHO TELEFONICO, COM VISOR E TECLAS APARELHOTELEFONICO COMVISORETECLAS SEM MARCA APARELHO TELEFONICO"
APARELHO TELEFONICO CELULAR APARELHOTELEFONICOCELULARNOKIA NOKIA E 71
APARELHO TELEFONICO CELULAR APARELHOTELEFONICOCELULARSM SM MO-401
APARELHO WALK TALKIE APARELHOWALKTALKIEVERTEX VERTEX STANDART
BARCO TIPO PANTANEIRA BARCOTIPOPANTANEIRASM SM PANTANEIRA
"MOTOR DE POPA (P/ EMBARCACAO), 60 HP YAMAHA MOTORDEPOPA_P__EMBARCACAO_ 60HPYAMAHA YAMAHA MOTOR DE POPA"
"MOTOR DE POPA (P/ EMBARCACAO), 40HP, 04 TEMPOS MOTORDEPOPA_P__EMBARCACAO_ 40HPMERCURY 04TEMPO MERCURY MOTOR DE POPA"
"MOTOR DE POPA (P/ EMBARCACAO), 40HP MOTORDEPOPA_P__EMBARCACAO_ 40HPSM SM MOTOR DE POPA"
"MOTOR DE POPA (P/ EMBARCACAO), 25HP MOTORDEPOPA_P__EMBARCACAO_ 25HPSM SM MOTOR DE POPA"
"MOTOR DE POPA P/ EMBARCACAO, 40HP, 2 TEMPOS MOTORDEPOPAP__EMBARCACAOSUZUKI 40HP 2TEMPOS SUZUKI "
"MOTOR DE POPA P/ EMBARCACAO, 25HP MOTORDEPOPAP__EMBARCACAO 25HPMARINER MARINER MOTOR DE POPA"
"MOTOR DE POPA P/ EMBARCACAO, 25HP MOTORDEPOPAP__EMBARCACAO 25HPYAMAHA YAMAHA MOTOR DE POPA"
MOTOR DE POPA P/ EMBARCACAO MOTORDEPOPAP__EMBARCACAOMECURY MECURY MOTOR DE POPA
"MOTOR DE POPA P/ EMBARCACAO, 60HP MOTORDEPOPAP__EMBARCACAO 60HPSUZUKI______________________  SUZUKI______________________, MOTOR DE POPA"
"CAMERA FOTOGRAFICA DIGITAL CAMERAFOTOGRAFICADIGITALSAMSUNG_____________________  SAMSUNG_____________________, S860"
"FILMADORA PORTATIL DIGITAL FILMADORAPORTATILDIGITALSONY_____________________  SONY   _____________________, DCR-SR85"
"FILMADORA PORTATIL FILMADORAPORTATILSONY_____________________  SONY   _____________________, DCR-SR85"
FILMADORA PORTATIL DIGITAL FILMADORAPORTATILDIGITALSONY SONY DCR-SR67
FILMADORA PORTATIL DIGITAL FILMADORAPORTATILDIGITALSONY SONY 
FILMADORA PORTATIL DIGITAL FILMADORAPORTATILDIGITALSONY SONY DCR-SR45
FILMADORA PORTATIL DIGITAL FILMADORAPORTATILDIGITALSONY SONY DCR-DVD710
FILMADORA PORTATIL DIGITAL FILMADORAPORTATILDIGITALSONY SONY DCR-SR20/SX20/SX20K
FILMADORA PORTATIL DIGITAL FILMADORAPORTATILDIGITALSONY SONY DCR-DVD810
FILMADORA PORTATIL DIGITAL FILMADORAPORTATILDIGITALCANON CANON ZR-800A
GRAVADOR PORTATIL GRAVADORPORTATILSONY SONY 
GRAVADOR PORTATIL GRAVADORPORTATILSONY SONY ICD PX-720
CAMERA FOTOGRAFICA DIGITAL CAMERAFOTOGRAFICADIGITALSONY SONY DSC-W230
CAMERA FOTOGRAFICA DIGITAL CAMERAFOTOGRAFICADIGITALSONY SONY DSC-W320
CAMERA FOTOGRAFICA DIGITAL CAMERAFOTOGRAFICADIGITALSAMSUNG SAMSUNG ES-73
CAMERA FOTOGRAFICA DIGITAL CAMERAFOTOGRAFICADIGITALSAMSUNG SAMSUNG ES-70
CAMERA FOTOGRAFICA DIGITAL CAMERAFOTOGRAFICADIGITALSAMSUNG SAMSUNG ES-60
RADIO TOCA CD P/ AUTOMOTIVO RADIOTOCACDP__AUTOMOTIVOPIONEER PIONEER 3100
RADIO TOCA CD P/ AUTOMOTIVO RADIOTOCACDP__AUTOMOTIVOPIONEER PIONEER 5150
PROJETOR DE IMAGEM  (DATA SHOW) PROJETORDEIMAGEM_DATASHOW_PANASONIC PANASONIC PT-F200 NTU
MICROCOMPUTADOR TIPO NOTEBOOK MICROCOMPUTADORTIPONOTEBOOKASUS ASUS EEE PC 1000HA
MICROCOMPUTADOR TIPO NOTEBOOK MICROCOMPUTADORTIPONOTEBOOKASUS ASUS EEE PC 1002HA
MICROCOMPUTADOR TIPO NOTEBOOK MICROCOMPUTADORTIPONOTEBOOKFOSTON FOSTON FS-NB 1020
MICROCOMPUTADOR TIPO NOTEBOOK MICROCOMPUTADORTIPONOTEBOOKHP HP PAVILION DV7
MICROCOMPUTADOR TIPO NOTEBOOK MICROCOMPUTADORTIPONOTEBOOKACER ACER 
IMPRESSORA JATO DE TINTA IMPRESSORAJATODETINTAHP HP D1660
"MONITOR DE VIDEO LCD, 19 POLEGADAS MONITORDEVIDEOLCD 19POLEGADASAOC AOC MONITOR"
"MONITOR DE VIDEO LCD, 18,5 POLEGADAS MONITORDEVIDEOLCD 18 5POLEGADASAOC AOC MONITOR"
IMPRESSORA A LASER IMPRESSORAALASERHP HP P1005
IMPRESSORA IMPRESSORAHP HP D1660
"MONITOR DE VIDEO, LENOVO MONITORDEVIDEO LENOVO LENOVO MONITOR"
MONITOR DE VIDEO EM CRISTAL LIQUIDO DE 19 POLEGADAS MONITORDEVIDEOEMCRISTALLIQUIDODE19POLEGADASAOC AOC MONITOR
MICROCOMPUTADOR TIPO NOTEBOOK MICROCOMPUTADORTIPONOTEBOOKACER ACER 1410-8414
MICROCOMPUTADOR TIPO NOTEBOOK MICROCOMPUTADORTIPONOTEBOOKACER ACER AOA-150-1049
MICROCOMPUTADOR TIPO NOTEBOOK MICROCOMPUTADORTIPONOTEBOOKSONYVAIO SONY VAIO VPCCW
MICROCOMPUTADOR TIPO NOTEBOOK MICROCOMPUTADORTIPONOTEBOOKACER ACER AOA-150-1629
MICROCOMPUTADOR TIPO NOTEBOOK MICROCOMPUTADORTIPONOTEBOOKTOSHIBA TOSHIBA SATELLITE L505-S6951
MICROCOMPUTADOR TIPO NOTEBOOK MICROCOMPUTADORTIPONOTEBOOKACER ACER 4540-1110
IMPRESSORA JATO DE TINTA IMPRESSORAJATODETINTAHP HP 4480
"MONITOR DE VIDEO EM CRISTAL LIQUIDO DE 18,5 POLEGADAS MONITORDEVIDEOEMCRISTALLIQUIDODE18 5POLEGADASLG LG MONITOR"
MONITOR DE VIDEO EM LCD DE 19 POLEGADAS MONITORDEVIDEOEMLCDDE19POLEGADASAOC AOC MONITOR
IMPRESSORA MULTIFUNCIONAL IMPRESSORAMULTIFUNCIONALHP HP C4635
MONITOR DE VIDEO EM CRISTAL LIQUIDO DE 20 POLEGADAS MONITORDEVIDEOEMCRISTALLIQUIDODE20POLEGADASLG LG MONITOR
"MONITOR DE VIDEO EM CRISTAL LIQUIDO DE 18,5 POLEGADAS MONITORDEVIDEOEMCRISTALLIQUIDODE18 5POLEGADASSAMSUNG SAMSUNG MONITOR"
MONITOR DE VIDEO EM CRISTAL LIQUIDO DE 19 POLEGADAS MONITORDEVIDEOEMCRISTALLIQUIDODE19POLEGADASSAMSUNG SAMSUNG MONITOR
MONITOR DE VIDEO MONITORDEVIDEOAOC AOC 
MONITOR DE VIDEO EM CRISTAL AOC MONITORDEVIDEOEMCRISTALAOC AOC 
IMPRESSORA LASERJET IMPRESSORALASERJETHP HP P1005
IMPRESSORA MATRICIAL IMPRESSORAMATRICIALEPSON EPSON LX-300+II
IMPRESSORA DESKJET IMPRESSORADESKJETHP HP F4180
"BARCO EM ALUMINIO, CAP. 800KG., C/ CARRETA E ACESSORIOS, SHARK 600CLX BARCOEMALUMINIO CAP_800KG_ C__CARRETANS:9A9BFO1CPAEEM8725EACESSORIOSSHARK600CLX FISHING/GIAVAROTTI BARCO"
"BARCO EM ALUMINIO, CAP. 800KG., C/ CARRETA E ACESSORIOS NAVEGADOR BARCOEMALUMINIO CAP_800KG_ C__CARRETAEACESSORIOSNAVEGADOR NAVEGADOR BARCO"
"APARELHO GPS, COM TELA COLORIDA E MEMORIA EXPANSIVEL APARELHOGPS COMTELACOLORIDAEMEMORIAEXPANSIVELGARMIN GARMIN 76CSX"
"COMPUTADO COMPL.PERFIL AVANCADO/MONITOR,M58P,320GB,DVDRW,PRO COMPUTADOCOMPL_PERFILAVANCADO__MONITOR M58P 320GB DVDRW PROTHINKCENTRE THINKCENTRE 3063-A58"
"COMPUTADOR COMPL.PERFIL BASICO,MONITOR,M58P,160GB,W7PRO. COMPUTADORCOMPL_PERFILBASICO MONITOR M58P 160GB W7PRO_THINKCENTRE THINKCENTRE 3063-A61"
"COMPUTADOR PERFIL BASICA,C/MINITOR,M58P,160GB,DVDRW,W7PRO. COMPUTADORPERFILBASICA C__MINITOR M58P 160GB DVDRW W7PRO_THINKCENTRE THINKCENTRE 3063-A61"
"COMPUTADOR COMPL.PERF.AVANCADO,C/MONITOR,M58P,320GB,W7PRO. COMPUTADORCOMPL_PERF_AVANCADO C__MONITOR M58P 320GB W7PRO_THINKCENTRE THINKCENTRE 3063-A58"
"COMPUTADOR COMPL.PERFIL AVANCADO,C/MONITOR,M58P,320GB,W7PRO. COMPUTADORCOMPL_PERFILAVANCADO C__MONITOR M58P 320GB W7PRO_THINKCENTRE THINKCENTRE 3063-A58"
"COMPUTADOR COMPL.PERF.BASICA,C/MONITOR,M58P,160GB,W7PRO. COMPUTADORCOMPL_PERF_BASICA C__MONITOR M58P 160GB W7PRO_THINKCENTRE THINKCENTRE 3063-A61"
"COMPUTADOR COMPL.PERF.BASICA,C/MONITOR,M58P,160GB,W7PRO. COMPUTADORCOMPL_PERF_BASICA C__MONITOR M58P 160GB W7PRO_ MULTILASER "
"COMPUTADOR COMPL.PERF.BASICO,C/MONITOR,M58P,160GB,DVDRW,W7PR COMPUTADORCOMPL_PERF_BASICO C__MONITOR M58P 160GB DVDRW W7PRTHINKCENTRE THINKCENTRE 3063-A61"
"COMPUTADOR COMPL.PERF.BASICO,C/MONITOR,M58P,160GB,W7PRO. COMPUTADORCOMPL_PERF_BASICO C__MONITOR M58P 160GB W7PRO_THINKCENTRE THINKCENTRE 3063-A61"
"COMPUTADOR COMPL.PERF.BASICA,W7PRO. COMPUTADORCOMPL_PERF_BASICA  W7PRO_ SEM MARCA "
"SISTEMA NO-BREAK DE 3KVA,BIVOLT,POWER VISION. SISTEMANO-BREAKDE3KVA BIVOLT POWERVISION_SMS SMS ACUMULADOR DE TENSO"
"SISTEMA NO-BREAK DE 1,4KVA,C/BAT.INTERNA,P/08 TOMADAS,C/AUTO SISTEMANO-BREAKDE1 4KVA C__BAT_INTERNA P__08TOMADAS C__AUTOSMS SMS ACUMULADOR DE TENSO"
"FRAGMENTADORA DE PAPEL,CAP.50KG/H,LIT.24FLS.TENSAO 127V. FRAGMENTADORADEPAPEL CAP_50KG__H LIT_24FLS_TENSAO127V_LEADERSHIP LEADERSHIP FRAGMENTADORA"
"SISTEMA NO-BREAK DE 1,4KVA,02 BAT.INTERNA,P/08TOMADAS TRIPOL SISTEMANO-BREAKDE1 4KVA 02BAT_INTERNA P__08TOMADASTRIPOLSMS SMS NOBREAK"
"TELEVISOR 32""LCD FULL HD,CONVERSOR DIGITAL,C/ENT.HDMI,220V. TELEVISOR32_LCDFULLHD CONVERSORDIGITAL C__ENT_HDMI 220V_LG LG TV LCD LG 32""."
"TELEVISOR 32""LCD FULL HD,CONVERSOR DIGITAL,C/ENTRADA HDMI,22 TELEVISOR32_LCDFULLHD CONVERSORDIGITAL C__ENTRADAHDMI 22LG LG TV LCD LG 32"""
"FILMADORA DIGITAL C/LCD WIDE DE PAINEL DE TOQUE DE 2,7,ZOM60 FILMADORADIGITALC__LCDWIDEDEPAINELDETOQUEDE2 7 ZOM60SONY SONY DCR-SR68"
"NETBOOK ASUS,C/PROCES.INTEL ATOM N455,MEM.2GB,HD DE 250GB,WI NETBOOKASUS C__PROCES_INTELATOMN455 MEM_2GB HDDE250GB WIASUS ASUS EEEPC 1015PED"
"BINOCULO DE VISAO NOTURNA,GER.III,C/BOLSA,SUPORTE E MANUAL BINOCULODEVISAONOTURNA GER_III C__BOLSA SUPORTEEMANUALATN ATN PVS7"
MICROCOMPUTADOR PESSOAL NOTEBOOK MICROCOMPUTADORPESSOALNOTEBOOKLENOVO LENOVO THINPAD T400
"FECHADURA ELETRONICA, C/ SENHA DE ACESSO POR TECLADO E ACESS FECHADURAELETRONICA C__SENHADEACESSOPORTECLADOEACESSHENRY HENRY FECHADURA LELTRONICA"
"POLTRONA C/ ROD. E BRACOS, GIRATORIA E REG. DE ALTURA, AZUL POLTRONAC__ROD_EBRACOS GIRATORIAEREG_DEALTURA AZULCADERODE CADERODE POLTRONA GIRATìRIA"
"MESA TIPO DIRETOR, COM 03 GAVETAS, EM MDF, COR MARFIM MESATIPODIRETOR COM03GAVETAS EMMDF CORMARFIMCADERODE CADERODE MESA DE ESCRITORIO"
"ARMARIO ALTO, COM PRATELEIRAS REGULAVEIS, COM FECHADURA ARMARIOALTO COMPRATELEIRASREGULAVEIS COMFECHADURACADERODE CADERODE ARMARIO ALTO"
"ARMARIO ALTO, COM 02 PORTAS ARMARIOALTO COM02PORTAS CADERODE ARMARIO ALTO"
FIAT DOBLO VEIC_DOBLO AR KITELETRICO 04CILINDROS BRANCOBANCHISAFIAT FIAT DOBLO
"COMPUTADOR COMPL.PERFIL BASICO,C/MONITOR,M58P,320GB/W7PRO. COMPUTADORCOMPL_PERFILBASICO C__MONITOR M58P 320GB__W7PRO_THINKCENTREM58P THINKCENTRE M58P LENOVO"
"COMPUTADOR COMPL.PERFIL BASICO,C/MONITOR,M58P,320GB/W7PRO. COMPUTADORCOMPL_PERFILBASICO C__MONITOR M58P 320GB__W7PRO_ GETEC "
MICROCOMPUTADOR DELL MICROCOMPUTADORDELL DELL 
"IMPRESSORA MULTIFUNCIONAL,SAMSUNG,CABO FORCA,TRANSFORMADOR. IMPRESSORAMULTIFUNCIONAL SAMSUNG CABOFORCA TRANSFORMADOR_SAMSUNG SAMSUNG SCX5835FN"
"IMPRESSORA LASER,ML-4551ND,CABO FORCA,ESTABILIZADOR. IMPRESSORALASER ML-4551ND CABOFORCA ESTABILIZADOR_SAMSUNG SAMSUNG ML-4551ND"
"NAVEGADOR VIA GPS, C/ CARTAO MEM. 1GB E CABOS NAVEGADORVIAGPS C__CARTAOMEM_1GBECABOSGARMIN GARMIN NUVI 760"
BINOCULO ECHO 10X25 A PROVA DAGUA BINOCULOECHO10X25APROVADAGUABRUNTONECHO BRUNTON ECHO 10X25
KIT DE ESCUTA  P/ AMBIENTE KITDEESCUTAP__AMBIENTECSI CSI STICK LG TIPS
"KIT OBTENCAO DE DADOS CELULAR C/CABOS, CD´S E CHAVE DONGLE KITOBTENCAODEDADOSCELULARC__CABOS CDSECHAVEDONGLE SEM MARCA KIT"
"CAM.FOTOG.DIG.,CANON,C/CARTAO DE MEMORIA E ACESSORIOS CAM_FOTOG_DIG_ CANON C__CARTAODEMEMORIAEACESSORIOSCANON CANON POWERSHOT A2000IS"
"FRAGMENTADORA DE PAPEL, 220VOLTS FRAGMENTADORADEPAPEL 220VOLTSAS AS 1510"
"FURADEIRA/PARAFUSADEIRA S/FIOS, C/ 02 BATERIAS E CARREGADOR FURADEIRA__PARAFUSADEIRAS__FIOS C__02BATERIASECARREGADORBLACK&ampDECKER BLACK&DECKER VPX7V"
"FILMADORA DIGITAL,HDD 60GB C/ZOM OP.60X E LCD 2.7,C/CARREGAD FILMADORADIGITAL HDD60GBC__ZOMOP_60XELCD2_7 C__CARREGADSONY SONY DCR-SR68"
"CAMERA FOTOGRAFICA DIGITAL 12MP,MAIS CARTAO MEMORIA. CAMERAFOTOGRAFICADIGITAL12MP MAISCARTAOMEMORIA_SONY SONY DSC-W310"
PISTOLA GLOCK G17 9MM PISTOLAC__MIRATRITIUM 04CARREGADORESEACESSORIOSGLOCK GLOCK G17
PISTOLA GLOCK G17 9MM PISTOLACOMMIRATRITIUM 02CARREGADORESEACESSORIOS_GLOCK GLOCK G17
PISTOLA GLOCK G19 9MM PISTOLACOMMIRATRITIUM 02CARREGADORESEACESSORIOS_GLOCK GLOCK G19
PISTOLA GLOCK G17 9MM PISTOLAGLOCKG179X19MM GLOCK G17
PISTOLA GLOCK G19 9MM PISTOLACOMMIRATRITIUM 02CARREGADORESEACESSORIOSGLOCK GLOCK G19
RELOGIO DE PONTO COM AMOSTRADOR DIGITAL RELOGIODEPONTOCOMAMOSTRADORDIGITAL SEM MARCA 
KIT REVELACAO CIANOCRILATO KITREVELACAOCIANOCRILATO SEM MARCA 
DETECTOR DE METAL MANUAL DETECTORDEMETALMANUALLCA LCA TTP010
MONITOR DE VIDEO 17 POLEGADAS MONITORDEVIDEO17POLEGADASAOC AOC 
MALA DE TRANSPORTE MALADETRANSPORTE SEM MARCA ILS2-T
CAMERA FOTOGRAFICA COM ACESSORIOS CAMERAFOTOGRAFICACOMACESSORIOSCANON CANON A640
TRIPE PARA CAMERA FOTOGRAFICA TRIPEPARACAMERAFOTOGRAFICAMANFROTTO MANFROTTO 
LAPTOP COM ACESSORIOS LAPTOPCOMACESSORIOSDELL DELL LATITUDE D520
IMPRESSORA DE ETIQUETAS DE CODIGOS DE BARRAS IMPRESSORADEETIQUETASDECODIGOSDEBARRASHP HP D 2360
APARELHO GPS APARELHOGPSGARMIN GARMIN ETREX VISA CX
APARELHO GPS APARELHOGPSGARMIM GARMIM MAP 60CSX
APARELHO GPS APARELHOGPSAVMAP AVMAP 
LEITORA DE CODIGO DE BARRAS LEITORADECODIGODEBARRASMETROLOGIC METROLOGIC MS9520
KIT PARA BUSCAS BASICO KITPARABUSCASBASICO SEM MARCA 
MITSUBISHI L200 CAMINHONETEPARATRANSPORTEDEPASSAGEIROECARGA MITSUBISHI PICK-UP
"MONITOR DE VIDEO LCD 22"" MONITORDEVIDEOLCD22_ MODELOTFT22THINKVISIONL2250P WIDESCREEN LENOVO "
"MONITOR DE VIDEO LCD 22"" MONITORDEVIDEOLCD22_ MODELOTFT22THINKVISIONL2250P WIDESCREEN LENOVO TFT 22 THINKVISION L2250P, WIDESCREEN"
MITSUBISHI L200 L200 MITSUBISHI TIPOPICK-UP CABINEDUPLA PRATATECNO MITSUBISHI L200
MITSUBISHI L200 L200 MITSUBISHI TIPOPICK-UP CABINEDUPLA PRETOLAMP MITSUBISHI L200
DESKTOP COMPAQ ATHLON 64X2 4400+ (2.3GHZ) 65W ALL DESKTOPCOMPAQATHLON64X24400+_2_3GHZ_65WALL HP 
"DESKTOP COMPAQ ATHLON 64X2 4400+ (2.3GHZ) 65W ALL, HP DESKTOPCOMPAQATHLON64X24400+_2_3GHZ_65WALL HP HP "
DESKTOP COMPAQ ATHLON 64X2 4400+ (2.3GHZ) 65W ALL DESKTOPCOMPAQATHLON64X24400+_2_3GHZ_65WALL HP BRG105F5GS
"MONITOR 18.5"" MONITOR18_5_ HP "
APARELHO DE GPS GARMIN GPSMAP 60CSX APARELHODEGPSGARMINGPSMAP60CSX GARMIN 
"RASTREADOR PORTATIL COM GPS, GSM, GPRS E BATERIA PARA 10 DIA RASTREADORPORTATILCOMGPS GSM GPRSEBATERIAPARA10DIA GARMIN XXXXXXXXXXXXXXXX, XXXXXXXXXXXXXXX"
"RASTREADOR PORTATIL COM GPS, GSM, GPRS E BATERIA PARA 10 DIA RASTREADORPORTATILCOMGPS GSM GPRSEBATERIAPARA10DIA GARMIN XXXXXXXXXXXXXX, XXXXXXXXXXXXXXX"
CHAVEIRO C/MICROCAMERA CHAVEIROC__MICROCAMERA OEM 
MICRO CAMERA BOTAO DVR MICROCAMERABOTAODVR OEM 
FILMADORA C/ ACESSORIOS FILMADORAC__ACESSORIOS SANYO 
"MOTOR ELETRICO P/PORTAO ELETRONICO,CAP.700KG,1/2HP DE POTENC MOTORELETRICOP__PORTAOELETRONICO CAP_700KG 1__2HPDEPOTENC S/M/ "
"APARELHO TELEFONICO, MARCA INTELBRAS, COM IDENT. DE CHAMADAS APARELHOTELEFONICO MARCAINTELBRAS COMIDENT_DECHAMADAS INTELBRAS A"
"APARELHO TELEFONICO, APARELHOTELEFONICO SIEMENS SIEMENS A"
APARELHO DE FAC-SIMILE(FAX) APARELHODEFAC-SIMILE_FAX_ MarcaElgin modeloFXI3150 110-240VAC ELGIN 
APARELHO TELEFONICO COM FIO. APARELHOTELEFONICOCOMFIOINTELBRASPLENO INTELBRAS A
APARELHO TELEFONICO COM FIO. APARELHOTELEFONICOCOMFIOINTELBRASPLENO INTELBRAS PLENO
APARELHO TELEFONICO COM FIO. APARELHOTELEFONICOCOMFIOUNICON SEM MARCA 
"TV LCD LG 32"" CONVERSOR DIGITAL, FULL HD, HDMI, USB TVLCDLG32_CONVERSORDIGITAL FULLHD HDMI USB LG "
"CADEIRA DE ESCRITORIO,GIRATORIA, REVEST.PRETO CADEIRACOMBRACO TIPOASSENTO__ENCOSTOGIRATORIOSECONTINUOS MATERIALASSENTO__ENCOSTOESPUMAINJETADA QUANTIDADEDEPES05UN CONFIGURACAOPESTIPOSAPATACOMRODINHAS ACLICACAOCONFERENCIAS__ENTREVISTAS TRATAMENTOSUPERFICIAL PESEMENCOSTOTECIDO MARCACDERODE_ CADERODE "
"CADEIRA C/ BRACOS REGULAVEIS, REVEST. AZUL CADEIRACOMBRACO TIPOASSENTO__ENCOSTOCONTINUOS MATERIALASSENTO;ENCOSTOPOLIPROPILENO QUNTIDADEDEPES05UN CONFIGURACAOPESSISTEMADERODIZIOSEALTURAREGULAVEL APLICACAOCONFERENCIS__ENTREVISTAS TRATAMETNOSUPERFICIALPESCROMADOS MARCA:CADERODE_ CADERODE "
IMPRESSORA JATO DE TINTA HP OFFICEJET H470WBT IMPRESSORAJATODETINTAHPOFFICEJETH470WBT HP 
IMPRESSORA JATO DE TINTA HP  IMPRESSORAJATODETINTAHP HP 
ESTACAO DE TRABALHO ESTACAODETRABALHO REGIONAL 
APARELHO AR CONDICIONADO 12.000 BTUS 220V SPLIT TETO E PARED APARELHOARCONDICIONADO12_000BTUS220VSPLITTETOEPARED MIDEA MSS 12CR
ADIPOMETRO ADIPOMETRO SANNY AD 1010
ESFIGMOMANOMETRO COM ESTETOSCOPIO ESFIGMOMANOMETROCOMESTETOSCOPIO BIC ANEROIDE
ESTETOSCOPIO ESTETOSCOPIO BIC ESTETOSCÓPIO
MEDIDOR MULTIPARAMETROS DIGITAL  MEDIDORMULTIPARAMETROSDIGITAL BIC SMART HEART
"TRENA, ANTROPOMETRICA 2MTS TRENA ANTROPOMETRICA2MTS WISE ATROPOMETRICA"
"FERRAMENTA PNEUMATICA, PARAFUSADEIRA FERRAMENTAPNEUMATICA PARAFUSADEIRA_pISTOLAPARAFUDADIRAPNEUMATICAINDUSTRIAL COMASEGUINTESCARACTERISTICASPROPIRAPARARETIRARDERODASDEVEICULOS EMPREAGEMAMORTECIDACOMAJUSTEEXTERNO VALVULAPARAFRENTE__VERSO_REVERSIVEL_ BUCHADETORCARAPIDAEMBUTIDA ROTACAOSECARGA800RPM ENCAIXESEXTAVADO_ BOSCH "
REFRIGERADOR REFRIGERADORBIPLEX440LITROS ELETROLUX 
BOMBA DE PRESSURIZACAO THERMO SCIENTIFIC BOMBADEPRESSURIZACAOTHERMOSCIENTIFIC PARAUTRAPURIFICADORDEAGUA-dimensoes27 3cmX33 9cmX14 6CM_LXAXP__Faixadepressao-Gravidadea100psi-Faixadetemperatura4a40C_Fluxodeaguadealimentacaoigualoumaiora2L__MIN_ TERMO SCIENTIFIC NS 2296197
ELEVADOR ELETRICO DE VEICULO ELEVADORELETRICODEVEICULO ELEVADORSIMETRICOE4__2008CINZA_ AUTOMATIVA E4/2008
BEBEDOURO ESMALTEC EGC35B 110VOLTS BEBEDOUROESMALTECEGC35B110VOLTS SMALTEC EGC35B
"FRAGMENTADORA DE PAPEL FRAGMENTADORADEPAPEL LEADERSHEIP, LEADERSHIP "
FRAGMENTADORA DE PAPEL FRAGMENTADORADEPAPEL SEM MARCA FRAGMENTADORA
MACACO HIDRAULICO MACACOHIDRAULICOJACARE WORKER JACARÉ
FOGAO 4 BOCAS FOGAO4BOCAS FOGAODOMESTICOAGAS ATLAS 
PARAFUSADEIRA ELETRICA PARAFUSADEIRAELETRICA 10 8VBIVOLT PB-10 8 AWT 
FURADEIRA ELETRICA FURADEIRAELETRICAIMPACTO12700W-127V SBM-600 ATLAS 
NOBRAK NOBRAK1400VA BIV__115VMODELOINFIUMHOMECOD2406-RAGTECH_ BIV INFIUM
NOBREAK NOBREAKAPC APC INFIUM
APARELHO DE TELEFONE VIA SATELITE TELEFONECOMUNICACAOSATELITEAREACOBERTURATERRITORIONACIONALCOMCONEXAOINTERNACIONAL PROVEDORSERVICOEMBRATEL VELOCIDADETRANSMISSAOVOZ4 80KBPS_ALTURA57MM COMPRIMENTO260MM LARGURA260MM PESO1 40KG_BATERIANIMHRECARREGAVELECARREGADORINTEGRADOAOTELEFONE_ IRIDIUM 
NOBRAK NOBRAKSMS SMS SMS
NOBRAK NOBRAK1400VABIV115VMODELOINFIUMHOMECOD2406 RAGTECH 
ADAPTADOR DE DADOS DE VOZ ESTACAOPORTATILPARACOLETADEPADRAODEVOZC__PLACADECAPTURADEAUDIOEFONEDEOUVIDO_ S/MARCA 
FILMADORA DIGITAL SONY FILMADORADEALTADEFINICAO_SONY SONY 
BEBEDOURO BEBEDOUROESMALTECEGC35B110VOLTS ESMALTEC EGC35B
PERSIANA PERSIANAVERTICAL EMTECIDONACORCINZA 1 40mX1 90m LIDERFLEX 
PERSIANA TIPO VERTICAL PERSIANAVERTICALPERSIANAVERTICAL_EMTECIDONACORCINZA 2 70mX1 90m LIDERFLEX 
PERSIANA VERTICAL PERSIANAVERTICAL EMTECIDONACORCINZA 1 00mX1 90m LIDERFLEX 
CORTINA TIPO PERSIANA PERSIANAVERTICAL EMTECIDONACORCINZA 1 00mX1 30 LIDERFLEX 
M9660 IBS04: 04 CHANNELS RADIO BASE STATION m9660ibs04:04channelsradiobasestation EADS/TELECOM 
M9660 T BS04: 04 CHANNELS RADIO BASE STATION + DC CONVERTER 4 HOURS POWER SAVING m9660tbs04:04channelsradiobasestation+dcconverter4hourspowersaving EADS/TELECOM 
"ARMARIO BAIXO C/2 PORTAS 80X60X73, ARMARIOBAIXOC__2PORTAS80X60X74 MOD100AB5900MARCACADERODE_ CADERADE "
BANCO DE ESPERA LONGARINA COM 03 LUGARES BANCODEESPERALONGARINACOM03LUGARESMODBIB_03 CADERADE 
"CADEIRA C/BRACO,TP. RECEPCIONISTA,COR AZUL,C/RODIZIOS,REGULA CADEIRAC__BRACO TP_RECEPCIONISTA CORAZUL C__RODIZIOS REGULAMOD4000_06_ESE_0_00 MARTIFLEX "
CADEIRA DE ESTACAO DE TRABALHO E DE REUNIAO CADEIRADEESTACAODETRABALHOEDEREUNIAOMOD4000_08BB2_ON_11 CADERODE 
CADEIRA DE INTERLOCUTOR CADEIRADEINTERLOCUTOR MOD7799_20EST_4_17 MARTIFLEX 
POLTRONA DE CHEFIA POLTRONADECHEFIAMOD7700_19_BEC_2_17 CADERODE 
"SOFA MEDIO DE 1 (UM) LUGAR, PRETO SOFAMEDIODE1_UM_LUGAR PRETOMODTUL02 CADERODE "
MOTOR DE POPA 90 HP MOTORDEPOPA90HP YAMAHA 90HP
LANCHA DE ALUMINIO.. LANCHADEALUMINIO__ LEVEFORT MARAJÓ 19
COMPUTADOR DESKTOP COMPUTADORDESKTOP ARQUITETURAINTEL64 PROCESSADORCLOCKINTERNOREEALDE3 2GHz BARRAMENTODMiDE2_5GT__s MEMORIADRAMPADRAOSDRAMDDR31333MHz CAPACIDADEINSTALADA4GBDUALCHANNEL_2x2GB_ EOUTROS_ HP 
COMPUTADOR DESKTOP COMPUTADORDESKTOP ARQUITETURAINTEL64 PROCESSADORCLOCKINTERNOREEALDE3 2GHz BARRAMENTODMiDE2_5GT__s MEMORIADRAMPADRAOSDRAMDDR31333MHz CAPACIDADEINSTALADA4GBDUALCHANNEL_2x2GB_ SEM MARCA 
COMPUTADOR DESKTOP COMPUTADORDESKTOP ARQUITETURAINTEL64 PROCESSADORCLOCKINTERNOREEALDE3 2GHz BARRAMENTODMiDE2_5GT__s MEMORIADRAMPADRAOSDRAMDDR31333MHz CAPACIDADEINSTALADA4GBDUALCHANNEL_2x2GB_ EOUTROS_ SEM MARCA 
COMPUTADOR DESKTOP COMPUTADORDESKTOP  SEM MARCA 
"18000 BTU´S, 220 VOLTS, SPLIT 18000BTUS 220VOLTS SPLIT MODELOMSS12CR MIDEA "
"APARELHO DE AR COND., 12.000BTU´S, TIPO SPLIT, CONT. REMOTO APARELHODEARCOND 12_000BTUS TIPOSPLIT CONT_REMOTO MODELOMSS18CR MIDEA "
APARELHO DE TELEFONE APARELHODETELEFONEMARCAINTELBRASMODELOTS10_ INTELBAS 
APARELHO DE TELEFONE APARELHODETELEFONEMARCASIEMENS SIEMENS 
APARELHO DE FAX APARELHODEFAXMODFXI3150 ELGIN 
APARELHO DE FAX APARELHODEFAXPANASONIC PANASONIC 
APARELHO DE FAX APARELHODEFAXBROTHER BROTHER 
GUILHOTINA GUILHOTINAMARCAEXCENTRIXMODELO12_ EXCENTRIX 
ARMARIO ALTO 02 PORTAS ARMARIOALTO02PORTAS MATERIALMADEIRAAGLOMERADA TIPOALTO QUANTIDADEPORTAS2 TIPOPORTASCOMPUCXADORES TIPOFIXACAOPORTASCOMDOBRADICAS TIPOFECHAMENTOPORTASCOMFECHADURAETRAVADESEGURANCA ACAMENTOSUPERFICIALPINTURAEPOXI CORMARFIM-CLARO ALTURA80 0CM LARGURA50 0CM PROFUNDIDADE16 0CM CARACTERISTICASADICIONAISPRATELEIRASCOMREGULAGEMDEALTURA_ CADERADE 
"ARMARIO ALTO 1,60M ARMARIOALTO1 60M MATERIALMADEIRAAGLOMERADA TIPOALTO TIPOPORTASCOMPUXADORES TIPOFIXACAOPORTASCOMDOBRADICAS TIPOFECHAMENTOPORTASCOMFECHADURAETRAVADESEGURANCA ACABAMENTOSUPERFICALPINTURAEPOXXI CORMARM-CLARO ALTURA80 0CM LARUGRA50 0CM PROFUNDIADE16 0CM CARACTERISTICASADICIONAISPRATELEIRASCOMREGULAGEMDEALTURA_ CADERADE "
MESA CENTRO MESACENTRO MATERIALESTRUTURAMADEIRAAGLOMERADA ESPESSURATAMPO25MM FORMATOTETANGULAR COMPRIMENTO950MM LARGURA600MM ALTURA410MM CORMARFIM REVESTIMENTOLAMINADOMELAMINICO_ CADERODE 
LANCADOR DE MUNIÇÃO MENOS LETAL CALIBRE 40MM (40X46) LANCADORESDEMUNICOESNAOLETAIS AM640_ CONDOR AM-640
MARTELO DE INERCIA PARA TESTE BALISTICO MARTELODEINERCIAPARATESTEBALISTICOMOD:QUICK-N-EZ FRANKFORD ARSENAL 
"BOROSCOPIO COM DISPLAY WIRELESS BOROSCOPIOCOMASSESSORIOS INSTRUTERM, INSTRUTEMP ITBR450"
PISTOLA TAURUS PT58 HC 380 ARMADEFOGODEPEQUENOPORTETIPOPISTOLA_380ACP MARCATAURUS MODELOPT58HC COMUMCARREGADORCOMCAPACIDADEPARA15_QUINZE_MUNICOES_ TAURUS PT58
MULTIFUNCIONAL SCX-5835FN Velocidade_Mono_ate33ppmemA4_35ppmemcarta_  TempodeImpressao8 5segundos_domodoStandby_  Resolucaoate1_200x1_200dpidesaidaefetiva  Duplexpadrao SAMSUNG 
MULTIFUNCIONAL SCX-5835 Velocidade_Mono_ate33ppmemA4_35ppmemcarta_  TempodeImpressao8 5segundos_domodoStandby_  Resolucaoate1_200x1_200dpidesaidaefetiva  Duplexpadrao SAMSUNG 
CLAVICULARIO 240 CHAVES CLAVICULARIO240CHAVES Asportasseraoemvidrotransparenteincolorcomespessurade4mmmolduradoscomperfildealuminio_conformeamostra_ compuxadoresemacabamentoescovado_conformeamostra_ comfechadurafrontaldecilindrotipoyalecomduaschaves_ OfundoserainteiricoemmadeiraaglomeradadealtadensidadeouMDFcom15mmdeespessura revestidoemlaminadomelaminicodebaixapressaoeespessuraminimade0 3mmemambasasfaces nacormarfimcomtexturarepresentandoosveiosdamadeiradevendoserfixadosaslateraisebasesnosrasgospre-existentes_ Aslateraisseraofixadasasbasessuperior intermediariaeinferior comcavilhasdemadeiraeparafusosembutidosdotipominifix_  Asbasesuperioreinferior de25mmdeespessura bemcomoaslaterais de18mmdeespessura teraorasgosnaespessuradofundo paraencaixedomesmo_   REGIONAL 
"IMPRESSORA TERMICA, MARCA ZEBRA IMPRESSORATERMICA MARCAZEBRA ZEBRA ETHERNET"
COMPUTADOR NOTEBOOK COMPUTADORNOTEBOOKsony modelovaiovpcz1 processadorcorei7 contendomaletadetransporte driveexternoBD__DVD__CDebluetooth SONY 
FRIGOBAR REFRIGERADORDOMESTICOTIPOFRIGOBAR CAPACIDADE80LITROS SEM MARCA 
"FRIGOBAR REFRIGERADORDOMESTICOTIPOFRIGOBAR CAPACIDADE80LITROS CONSUL, CONSUL. 80LITROS"
DETECTOR SCANNERCORPORAL-BODYSCAN BODY SCAN 
FRIGOBAR REFRIGERADORCONSULFRIGOBABRANCO CONSUL DOMESTICA
REFRIGERADOR CONSUL FRIGOBA BRANCO REFRIGERADORCONSULFRIGOBABRANCO CONSUL DOMESTICO
INSTRUMENTO DE MEDICAO INSTRUMENTODEMEDICAO SOLOTEST EXTRATORA DE SOLO
APARELHO GPS APARELHOGPSDIGITAL SEM MARCA SL
"APARELHO GPS GPSGARMINMAP60CSX_ GARMIN 60CSX 60 CSX, 60 CXS"
CAMERA FILMADORA JVC CAMERAFILMADORAJVC JVC 
EQUIPAMENTOS DE PERICIA EM INFORMATICA EQUIPAMENTOSDEPERICIAEMINFORMATICA KRAMER CPU
CARREGADOR DE CELULAR(UNIVERSAL MOBILE PHONE CHARGER) CARREGADORDECELULAR_UNIVERSALMOBILEPHONECHARGER_ MOBILE UNIVERSAL
CHAVEADOR DE VIDEO TECLADO E AUDIO CHAVEADORDEVIDEOTECLADOEAUDIO KEYBOARD PRD.NºF1DS104JEA.
DISCO MAGNETICO RIGIDO DISCOMAGNETICORIGIDO SATA 
EQUIPAMENTO P/ EXAMES DE CELULARES EQUIPAMENTOP__EXAMESDECELULARES CELLEBRITE MOBILE PHONES
"EQUIPAMENTOS DE PERICIA EM INFORMATICA EQUIPAMENTOSDEPERICIAEMINFORMATICA MOBILE, DELL CPU"
CONEXAO KITDUPLICADOR_INFORMATICAPERICIA_ FORENSE DUPLICADOR
PENDRIVE 4 GB PENDRIVE4GB KINGSTON TIPO 1
CONEXAO ADAPTADOREXTERNODEHDEDRIVEGRAVADORDECD__DVDUSB2_0 EXTERNAL 
CONTROLADORA REMOTA DE TERMINAL CONTROLADORAREMOTADETERMINAL DAWICONTROL DC-300
GRAVADOR DE DVD EXTERNO GRAVADORDEDVDEXTERNO LG OPTICO
"APARELHO DE AR CONDICIONADO SPLIT, 24.000 BTU/H APARELHODEARCONDICIONADOSPLIT 24_000BTU__H RHEEM "
CADEIRA CADEIRADEESTACAODETRABALHO F. F. FARIA PAULILO 
"CENTRAL DE AR COND. 18.000BTUS, TIPO SPLIT CENTRALDEARCOND_18_000BTUS TIPOSPLIT KOMECO "
ARMARIO ALTO COM PORTAS E PRATELEIRAS  AAA1-ARMARIOALTOC__PORTASPRATELEIRAS DIM_0 80X0 49X1 60 ORIGEM 
ARMARIO ALTO COM GAVETAS PARA PASTAS SUSPENSA ARMARIOALTOCOMGAVETASPARAPASTASSUSPENSA ORIGEM 
ARMARIO ALTO SEMI ABERTO ARMARIOALTOSEMIABERTO800X490X1680 ORIGEM 
NETBOOK NETBOOK INFOWAYNETW7030+WIN7PROFESSIONAL_ ITAUTEC 
NETBOOK HP NETBOOK HP HP 
ARMARIO EM MADEIRA P/ARMAMENTO ARMARIOEMMADEIRAP__ARMAMENTO REGIONAL 
ESTAÇÃO DE TRABALHO ESTACAODETRABALHOEM_L_ SEMGAVETEIRO NACORMARFIM REGIONAL 
"GAVETEIRO MOVEL, TIPO PEDESTAL, 4 GAVETAS, MADEIRA GAVETEIROMOVEL TIPOPEDESTAL 4GAVETAS FIXOMADEIRAAGLOMERADO TIPOREVESTIMENTOLAMINADOMELAMINICO CORMARFIM 75CM_ REGIONAL "
CANHÃO DISRUPTOR CANHAODISRUPTORPARAACOESANTIBOMBAS SEM MARCA 
MICROCOMPUTADOR DESKTOP 8200 137 DE MARCA HP ESTAÇÃO DE TRABALHO TIPO L COM MOUSE TECLADO E MONITOR 19 E WEBCAM microcomputadordesktop8200137demarcahpestacaodetrabalhotipolcommousetecladoemonitor19ewbecam4110 HP 
MICROCOMPUTADOR DESKTOP 8200 137 DE MARCA HP ESTAÇÃO DE TRABALHO TIPO L COM MOUSE TECLADO  microcomputadordesktop8200137demarcahpestacaodetrabalhotipolcommouseteclado HP 
MICROCOMPUTADOR DESKTOP 8200 137 DE MARCA HP  MICROCOMPUTADORDESKTOP8200137DEMARCAHP HP 
MICROCOMPUTADOR DESKTOP 8200 137 DE MARCA HP ESTAÇÃO DE TRABALHO TIPO L COM MOUSE TECLADO microcomputadordesktop8200137demarcahpestacaodetrabalhotipolcommouseteclado HP 
"MICROCOMPUTADOR DESKTOP, HP MICROCOMPUTADORDESKTOP HP HP "
MICROCOMPUTADOR DESKTOP 8200 137 DE MARCA HP COM MOUSE TECLADO  microcomputadordesktop8200137demarcahpcommouseteclado HP 
MICROCOMPUTADOR DESKTOP COM MOUSE TECLADO  microcomputadordesktopcommouseteclado BITWAY 
MICROCOMPUTADOR DESKTOP 8200 137 DE MARCA HP  microcomputadordesktop8200137demarcahpcommouseteclado HP 
PROJETOR DE DADOS (DATA SHOW) PROJETORDEDADOS_DATASHOW_MODELOX14PNV11H434021 EPSON 
CLAVICULARIO CLAVICULARIOPARA240CHAVESemmadeiraaglomeradadealtadensidadeouMDF_ REGIONAL 
"CENTRAL DE AR 12000 BTUS,TIPO SPLIT, C/01 EVAPOR./CONDENS. CENTRALDEAR12000BTUS TIPOSPLIT C__01EVAPOR___CONDENS_ ELECTROLUX PE12F"
APOIO PARA OS PES APOIOPARAOSPES SUPORTE MATERIALESEPUMADEPOLIURATAAN TIPOUSOPARAPES_ CADERODE 
"ARMARIO BAIXO MART/PRETO, C/ 2 PT E 1 PRATELEIRA ARMARIOESCRITORIO MATERAILMDF QUANTIDADEPRATELEIRAS1UN REVESTIMENTOLAMINADOMELAMINICOBAIXAPRESSAOPADRAOMADEIRADO LARGURA80CM ALTURA74CM_ MARTIFLEX "
"CADEIRA COM ESTOFAMENTE EM TECIDO, COR PRETA, GIRATORIA CADEIRACOMESTOFAMENTEEMTECIDO CORPRETA GIRATORIA__ENCOSTOGIRATORIOSECONTINUOS MATERIALASSENTO__ESPUMAINJETADA CICOMPES PESTIPOSAPATACOMRODINHAS_ CADERODE "
CADEIRA TIPO INTERLOCUTOR CADEIRATIPOINTERLOCUTOR ASSENTO__ENCOSTOPOLIPROPILENO QUANTIDADEDEPES05UN SISTEMADERODISIOS_ CADERODE 
COM DUAS PORTAS DE CORRER E QUATRO PRATELEIRAS. ARMARIOCOMDUASPORTASDECORREREQUATROPRATELEIRAS_ CADERODE 
ARMARIO ALTO 02 PORTAS ARMARIOALTO02PORTAS CADERODE 
"EM MADEIRA, COM 06(SEIS) GAVETAS GAVETEIROEMMADEIRA COM06_SEIS_GAVETAS MOVELMATERIALDEMADEIRAAGLOMERADA TIPOREVESTIMENTOLAMINADOMEAMINICO ALT_715MM LRG_400MM PROFUNDIDADE580MM_ CADERADE "
MESA  DE CANTO MESADECANTOAPOIO MATERIALTAMPOMADEIRAAGLOMERADA REVESTIMENTOTAMPOPOSTFORMING COMP_0 50M LARG_0 50M ALT_0 38M MATERIALMADEIRAAGLOMERADA TIPODECANTO_ CADERODE 
MESA CENTRO MESACENTRO MATERIALESTRUTURAMADEIRAMACICA MATERIALTAMPOVIDRO ESPESSURATAMPO20MM FORMATOTRIANGULARCOMCANTOSARREDONDADOS COMP_1_285MM LARG_925MM ALT_40MM_ CADERADE 
MESA ESCRITORIO MESAESCRITORIONACORPRETAMOD100MPGEPA2014_ CADERODE 
SOFA  3 LUGARES SOFA3LUGARESNACORPRETAMODELOMOB03_ CADERODE 
SOFA C/ 3 LUGARES SOFAC__3LUGARES SOFAC__3LUGARESNACORPRETAMODELOMOB02MARCAMARTIFLEX_ CADERODE 
"CILINDRO PARA GASES ESPECIAIS, CAPACIDADE 50L CILINDROPARAGASESESPECIAIS CAPACIDADE50L PS200BARD_230_ WHITE MARTINS D.230"
ARMARIO 2 PORTAS TIPO ESTANTE ARMARIO2PORTASTIPOESTANTE CADERODE 
ARMARIO ALTO 2 PORTAS ARMARIOALTO2PORTAS MADEIRAAGLOMERADA TIPOALTO QUANTIDADEPORTAS2 TIPOPORTASCOMPUXADORES TIPOFIXACAOPORTASCOMDOBRADICAS CORMARFIMCLARO 80X50X16_ CADERODE 
IMPRESSORA LASER MULTIFUNCIONAL DE MARCA SAMSUNG SCX-5835FN IMPRESSORALASERMULTIFUNCIONALDEMARCASAMSUNGSCX-5835FN SAMSUNG 
FILMADORA DIGITAL FILMADORADIGITALSONY SONY 
FILMADORA DIGITAL FILMADORADIGITALDCRSR68 SONY 
SCANER FUJITSU SCANERFUJITSU FUJITSU 
LEITORA DE CODIGO DE BARRAS. LEITORADECODIGODEBARRAS_CCDCONEXAOUSBNACORPRETO_ METROLOGIC 
"MONITOR DE LCD 20""LED MULTIMIDIA, COR PRETO MONITORDELCD20_LEDMULTIMIDIA CORPRETO WIDESCREENE2043FKAOC AOC "
MONITOR DE VIDEO AOC MONITORDEVIDEOAOC AOC 
"MICROCOMPUTADOR HP TIPO DESKTOP 8200 ELITE, COM ACESSÓRIOS MicrocomputadorHP tipodesktop8200Elite commouseopticousbHP tecladoHPewebcamEmonitorHPl200Hx20_N__SBRG2240713_ HP, HP COMPAQ 8200 ELITE"
"MICROCOMPUTADOR DESKTOP, COM ACESSÓRIOS Microcomputador tipodesktop  BITWAY "
"MICROCOMPUTADOR HP TIPO DESKTOP 8200 ELITE, COM ACESSÓRIOS MicrocomputadorHP tipodesktop8200Elite commouseopticousbHP tecladoHPewebcamEmonitorHPl200Hx20_N__SBRG22407B5_ HP, HP COMPAQ 8200 ELITE"
"MICROCOMPUTADOR HP TIPO DESKTOP 8200 ELITE, COM ACESSÓRIOS MicrocomputadorHP tipodesktop8200Elite commouseopticousbHP tecladoHPewebcamEmonitorHPl200Hx20_N__SBRG2250FK3_ HP, HP COMPAQ 8200 ELITE"
"MICROCOMPUTADOR HP TIPO DESKTOP 8200 ELITE, COM ACESSÓRIOS MicrocomputadorHP tipodesktop8200Elite commouseopticousbHP tecladoHPewebcamEmonitorHPl200Hx20_N__SBRG2240414_ HP, HP COMPAQ 8200 ELITE"
"MICROCOMPUTADOR HP TIPO DESKTOP 8200 ELITE, COM ACESSÓRIOS MicrocomputadorHP tipodesktop8200Elite commouseopticousbHP tecladoHP HP, HP COMPAQ 8200 ELITE"
RELOGIO DE PONTO COM AMOSTRADOR DIGITAL RELOGIODEPONTOCOMAMOSTRADORDIGITAL DIMEP BIOPOINT II - S
PAQUIMETRO DIGITAL PAQUIMETRODIGITAL COSA 
COMPUTADOR TIPO NOTEBOOK COM ACESSORIOS COMPUTADORTIPONOTEBOOKCOMACESSORIOS LENOVO 
IMPRESSORA LASER MULTIFUNCIONAL IMPRESSORALASERMULTIFUNCIONAL SAMSUNG 
MITSUBISHI L200 L200CABINEDUPLAPRATATECNO_ MITSUBISHI L200
MITSUBISHI L200 L200CABINEDUPLAPRETOONIX_ MITSUBISHI L200
MITSUBISHI L200 L200CABINEDUPLAPRATAONIX_ MITSUBISHI L200
MITSUBISHI L200 L200CABINEDUPLAVERDEPANTANAL_ MITSUBISHI L200
COMPUTADOR C/MOUSE E TECLADO COMPUTADORC__MOUSEETECLADO HP COMPAQ 6005
MONITOR MONITORLCD19POL_ HP L190 HB
ARMARIO ALTO COM PORTAS E PRATELEIRAS  ARMARIOALTO ORIGEM 
PLACA BALÍSTICA _PAR_PLACABALISTICADORSAL__FRONTALNIVELIII_STAND-ALONE_ INBRA-TEXTIL STAND ALONE - TEXTURIZADA
PLACA BALÍSTICA _PAR_PLACABALISTICADORSAL__FRONTALNIVELIII_STAND-ALONE_  Numerodeserie:31510 INBRA-TEXTIL STAND ALONE - TEXTURIZADA
PLACA BALÍSTICA _PAR_PLACABALISTICADORSAL__FRONTALNIVELIII_STAND-ALONE_  Numerodeserie:29316 INBRA-TEXTIL 
PLACA BALÍSTICA _PAR_PLACABALISTICADORSAL__FRONTALNIVELIII_STAND-ALONE_  Numerodeserie:29319 INBRA-TEXTIL 
PLACA BALÍSTICA _PAR_PLACABALISTICADORSAL__FRONTALNIVELIII_STAND-ALONE_  Numerodeserie:29320 INBRA-TEXTIL 
PLACA BALÍSTICA _PAR_PLACABALISTICADORSAL__FRONTALNIVELIII_STAND-ALONE_  Numerodeserie:29323 INBRA-TEXTIL 
PLACA BALÍSTICA _PAR_PLACABALISTICADORSAL__FRONTALNIVELIII_STAND-ALONE_  Numerodeserie:29324 INBRA-TEXTIL 
PLACA BALÍSTICA _PAR_PLACABALISTICADORSAL__FRONTALNIVELIII_STAND-ALONE_  Numerodeserie:31499 INBRA-TEXTIL 
PLACA BALÍSTICA _PAR_PLACABALISTICADORSAL__FRONTALNIVELIII_STAND-ALONE_  Numerodeserie:29335 INBRA-TEXTIL 
PLACA BALÍSTICA _PAR_PLACABALISTICADORSAL__FRONTALNIVELIII_STAND-ALONE_  Numerodeserie:29336 INBRA-TEXTIL 
PLACA BALÍSTICA _PAR_PLACABALISTICADORSAL__FRONTALNIVELIII_STAND-ALONE_  Numerodeserie:29328 INBRA-TEXTIL 
PLACA BALÍSTICA _PAR_PLACABALISTICADORSAL__FRONTALNIVELIII_STAND-ALONE_  Numerodeserie:29322 INBRA-TEXTIL 
PLACA BALÍSTICA _PAR_PLACABALISTICADORSAL__FRONTALNIVELIII_STAND-ALONE_  Numerodeserie:29331 INBRA-TEXTIL 
ARMARIO ALTO SEMI-ABERTO ARMARIOALTOSEMI-ABERTO ORIGEM 
CADEIRA CADEIRABAIXAEFXCONT_PTPOLIP_PTO_ STACATTO 
MESA DE REUNIAO SEMI-OVAL MESADEREUNIAOSEMI-OVAL1800X1200_ ORIGEM 
"TELEFONE PORTATIL, CELULAR, NOKIA TELEFONEPORTATIL CELULAR NOKIA NOKIA "
GUARDA VOLUMES COM 4 PORTAS GUARDAVOLUMESCOM4PORTAS TAVERNE 
"MESA DE CENTRO, TAMPO DE VIDRO MESADECENTRO TAMPODEVIDRO TAVERNE "
CRONOGRAFO BALISTICO CRONOGRAFOBALISTICO CRONY ALPHA
CADEIRA  DE RECEPCIONISTA CADEIRADERECEPCIONISTA F.F.FARIA PAULILO 
COLETE BALISTICO COLETEBALISTICONIVELII_ RONTAN 
VW - VOLKSWAGEN SAVEIRO SAVEIRO1_6 PRETANINJA_ VW - VOLKSWAGEN SAVEIRO
VW - VOLKSWAGEN SAVEIRO SAVEIRO1_6 CINZAURANO_ VW - VOLKSWAGEN SAVEIRO
VW - VOLKSWAGEN SAVEIRO SAVEIRO1_6 CINZAVULCAN_ VW - VOLKSWAGEN SAVEIRO
VW - VOLKSWAGEN GOL GOL1_6 CINZAVULCAN_ VW - VOLKSWAGEN GOL
VW - VOLKSWAGEN GOL GOL1_6 PRATASIRIUS_ VW - VOLKSWAGEN GOL
VW - VOLKSWAGEN GOL GOL1_6 CINZASPECTRUS_ VW - VOLKSWAGEN GOL
FIAT PALIO WEEKEND FIATPALIOWEEKEND CINZACROMO_ FIAT PALIO WEEKEND
FIAT PALIO WEEKEND FIATPALIOWEEKEND PRETOVESUVIO_ FIAT PALIO WEEKEND
FIAT PALIO WEEKEND FIATPALIOWEEKEND PRATABARI_ FIAT PALIO WEEKEND
MITSUBISHI PAJERO PAJERODAKAROSTENSIVO MITSUBISHI PAJERO
PLACA BALÍSTICA _PAR_PLACABALISTICADORSAL__FRONTALNIVELIII_STANDE-ALONE__  Numerodeserie:29334 INBRA-TEXTIL 
PLACA BALÍSTICA _PAR_PLACABALISTICADORSAL__FRONTALNIVELIII_STANDE-ALONE__  Numerodeserie:31505 INBRA-TEXTIL 
PLACA BALÍSTICA _PAR_PLACABALISTICADORSAL__FRONTALNIVELIII_STANDE-ALONE__  Numerodeserie:29333 INBRA-TEXTIL 
PLACA BALÍSTICA _PAR_PLACABALISTICADORSAL__FRONTALNIVELIII_STANDE-ALONE__  Numerodeserie:29330 INBRA-TEXTIL 
PLACA BALÍSTICA _PAR_PLACABALISTICADORSAL__FRONTALNIVELIII_STANDE-ALONE__  Numerodeserie:29332 INBRA-TEXTIL 
PLACA BALÍSTICA _PAR_PLACABALISTICADORSAL__FRONTALNIVELIII_STANDE-ALONE__  Numerodeserie:29317 INBRA-TEXTIL 
PLACA BALÍSTICA _PAR_PLACABALISTICADORSAL__FRONTALNIVELIII_STANDE-ALONE__  Numerodeserie:29318 INBRA-TEXTIL 
PLACA BALÍSTICA _PAR_PLACABALISTICADORSAL__FRONTALNIVELIII_STANDE-ALONE__  Numerodeserie:4773 INBRA-TEXTIL 
PISTOLA DE DESCARGA ELETRICA TASER M26/X26 PISTOLADEDESCARGAELETRICATASERX26 COMCOLDREEMPOLIMEROEBATERIASOBRESSALENTEXDPM TASER X26
PLACA BALÍSTICA _PAR_PLACABALISTICADORSAL__FRONTALNIVELIIISTAND-ALONE_ INBRADEFESA 
PLACA BALÍSTICA _PAR_PLACABALISTICADORSAL__FRONTALNIVELIIISTAND-ALONE_  Numerodeserie:4772 INBRADEFESA 
PLACA BALÍSTICA _PAR_PLACABALISTICADORSAL__FRONTALNIVELIIISTAND-ALONE_  Numerodeserie:4774 INBRADEFESA 
PLACA BALÍSTICA _PAR_PLACABALISTICADORSAL__FRONTALNIVELIIISTAND-ALONE_  Numerodeserie:4777 INBRADEFESA 
PLACA BALÍSTICA _PAR_PLACABALISTICADORSAL__FRONTALNIVELIIISTAND-ALONE_  Numerodeserie:4778 INBRADEFESA 
PLACA BALÍSTICA _PAR_PLACABALISTICADORSAL__FRONTALNIVELIIISTAND-ALONE_  Numerodeserie:4779 INBRADEFESA 
PLACA BALÍSTICA _PAR_PLACABALISTICADORSAL__FRONTALNIVELIIISTAND-ALONE_  Numerodeserie:4780 INBRADEFESA 
PLACA BALÍSTICA _PAR_PLACABALISTICADORSAL__FRONTALNIVELIIISTAND-ALONE_  Numerodeserie:4781 INBRADEFESA 
"COM KIT P/IDENTIFICACAO,COLETA DE VEST.DELIT. COMKITP__IDENTIFICACAO COLETADEVEST_DELIT_ CONECTA "
LIXEIRA DE ACO INXO PAMPA MEIA LUA VAZADA  GRANDE LIXEIRADEACOINXOX MATERIALACOINOXIDAVEL CAPACIDAEDE30L DIAMETRO25CM_ MS 
LIXEIRA DE ACO INXO PAMPA MEIA LUA VAZADA  PEQUENA LIXEIRADEACOINXOXMATERIALACOINOXIDAVEL CAPACIDADE10L TIPOSEMTAMPA ALUTRA30CM CORCINZA_ MS 
LIXEIRA DE METAL PEQUENA LIXEIRADEMETAL PEQUENA MS 
LIXEIRA DE ACO INOX LIXEIRADEACO MS 
"SERVIDOR ARQUIVO (STORAGE)8TB,WESTERN DIGITAL. SERVIDORARQUIVO_STORAGE_8TB IOMEGA IOMEGA STORCENTER IX2"
"CAFETEIRA ELETRICA EM ACO INOX,110 V,4 LITROS CAFETEIRAELETRICAEMACOINOX 110V 4LITROS_ MARCHESONI "
ESTANTE ACO ESTANTEACONACORCINZA PROFUNDIDADE0 58M ALTURA2 40MELARGURA0 92M TRAVAMENTO2PARESDEXP__ASPARTESDETRAS_ W3 
IMPRESSORA  LASER COLORIDA IMPRESSORALASERCOLORIDA LASERCOLORIDABROTHERHL-4150DN_ BROTHER 
COMPUTADOR TIPO NOTEBOOK COMPUTADORTIPONOTEBOOK LG LGS43
GERADOR DE LUZ FORENSE PORTÁTIL DE ESPECTROS MÚLTIPLOS Geradordeluzcom10espectros referenciaLumatecmod_Superlite400 combateriaacoplada;-Caboguiadeluz grosso comgatilhomagnetico;-Caboguiadeluz fino semgatilho;-Cabodeenergia FNT padraoABNT;-Caboparacarregadordebateriamacho__femeapadraoDIN08pinos;-Cabodeenergiapadraoveicular;Boroscopiocomcaboguiadeluz;-Carregadordebaterias;-Ponteiras redondas paracaboguiadeluz;-oculosdeprotecaoevisualizacaonascores transparente laranja vermelhoeamarelo;-Ponteiraemformatriangularparaluzrasante;-Conjuntode05lentesretangularesparavisualizacao nascoresvermelhoescuro vermelhoclaro laranja amareloclaroeamareloescuro-Caixadeluzparadocumentoscopia;-Condutordeluzflexivel_hasteflexivel_;-Hastetelescopicaparamontagemnogeradordeluz-Lupaparafotografia padrao77mm;-Jogodelentespadrao77mmparavisualizacaonalupa coresverde vermelho laranja amarelo;-Acessoriopararasante LUMATEC 
MICROCOMPUTADOR DESKTOPE DE MARCA HP ESTAÇÃO DE TRABALHO TIPO II MicrocomputadorDesktopedemarcaHPEstacaodetrabalho Elite8300sffcoreI535708GB1TB_ HP 
MICROCOMPUTADOR DESKTOPE DE MARCA HP  MICROCOMPUTADORDESKTOPEDEMARCAHP HP 
MONITOR HP LCD MONITORHPLCD 20_L200HXWIDESCREEN_ HP 
MONITOR  LCD MONITORLCD POSITIVO POSITIVO 
MONITOR HP LCD MONITORHPLCD L200HXWIDESCREEN_ HP 
MONITOR LCD MONITORLCD POSITIVO POSITIVO 
SERVIDOR DE REDE SERVIDORDEREDE STOREGECENTER_4TB_ IOMEGA 
NOBREAK 1400VA NOBREAK1400VA vIV__115Gerenciavel2_ ENERMAX 
NOBREAK APC NOBREAKAPC APC NOBREAK
MONITOR LCD 20 MONITORLCD MARCAHP MODELOHPL200HXLED 20_ HP 
FORD FOCUS SEDAN FOCUSSEDANFLEX PRETOGALES_ FORD FOCUS SEDAN
ARMARIO BAIXO COM PORTAS ARMARIOBAIXOCOMPORTAS ORIGEM 
ESTACAO DE TRABALHO ESTACAODETRABALHO ORIGEM 
CAMERA FOTOGRAFICA COM CABOS E BOLSA CAMERAFOTOGRAFICACOMCABOSEBOLSA-MODELOHDR-CX200 SONY 
"APARELHO DE AR CONDICIONADO DE 18000 BTUS, TIPO SPLITE APARELHODEARCONDICIONADODE18000BTUS TIPOSPLITE CONSUL "
"AR CONDICIONADO 7.500 BTUS, JANELA ARCONDICIONADO7_500BTUS JANELA CONSUL "
AR CONDICIONADO TIPO JANELA 12000 BTU ARCONDICIONADOTIPOJANELA12000BTU CONSUL 
FECHADURA COM FUNCIONAMENTO ELETRICO C90 FECHADURACOMFUNCIONAMENTOELETRICOC90 SEM MARCA 
FIAT SIENA FIATSIENAESSENCE1_6 PRATABARI_ FIAT SIENA
MITSUBISHI PAJERO PAJERODAKAROSTENSIVOPARATRANSPORTEDECUSTODIADOS MITSUBISHI PAJERO DAKAR
INTERFACE SWITCHE HUB INTERFACESWITCH08PORTAS SEM MARCA 
INTERFACE SWITCHE HUB ENCORE INTERFACESWITCHEHUBENCORE ENCORE 
INTERFACE SWITCHE HUB NAIOMY INTERFACESWITCHEHUBNAIOMY SEM MARCA 
INTERFACE SWITCHE HUB INTERFACEGBICX1201GLCSX HP 
"MICROCOMPUTADOR CPU DESKTOP, HP MICROCOMPUTADORCPUDESKTOP HP HP "
"SWICTH DE BORDA ACOMPANHADO DE SFP MODULE 1000, COM CABO OPT CABOSFPHPX240 HP "
SWITCH Switch24PORTASINTELBRAS INTELBRAS 
SWITCH - HPN - V1910-24G (JE006A) SwitchHPA550024G-EI SEM MARCA 
SWITCH 24 PORTAS SWITCH24PORTASHP1910 HP 
FRAGMENTADORA DE PAPEL MENNO SECRETA FRAGMENTADORADEPAPELMENNOSECRETA GIGASET 
"BINOCULO. BINOCULO_ NEW LOGA LIGTH, NEW NOGA LIGHT NL-91W+"
IMPRESSORA MULTIFUNCIONAL - MAQUINA DE XEROX IMPRESSORAMULTIFUNCIONAL-MAQUINADEXEROX XEROX 
MONITOR LCD 24 POLEGADAS MONITOR-TVDELEDFULLHD 24POLEGADAS LG 
MONITOR DE VIDEO LCD MONITORDEVIDEOLCD LG 
MONITOR LCD  MONITORDEVIDEOLENOVO LENOVO 
MONITOR MonitorLED21 5_ E2241VP POSITIVO 
MONITOR MonitorLED21 5_ POSITIVO E2241VP
SCANNER DE DOCUMENTOS SCANNERDEDOCUMENTOSHP HP 
SCANNER DE DOCUMENTOS HP SCANNERDEDOCUMENTOSHP HP 
SCANNER DE DOCUMENTOS SCANNERDEDOCUMENTOS VISION 
IMPRESSORA HP OFFICEJET JATO DE TINTA IMPRESSORAHPOFFICEJETJATODETINTA HP 
MICROCOMPUTADOR MICROCOMPUTADOR POSITIVO MASTER D570
NOTEBOOK LENOVO NOTEBOOKLENOVOTPEDGEE431CORE-I53230M4GB500GB14_ LENOVO 
NOTEBOOK NOTEBOOKTOSHIBA TOSHIBA 
NOTEBOOK PESSOAL NOTEBOOKPESSOAL SEM MARCA 
"NOTEBOOK LENOVO NOTEBOOKLENOVOTPEDGEE431CORE-I53230M4GB500GB14_ LÇ, LENOVO "
"APARELHO GPS APARELHOGPS MARCA:FOSTON MODELO:710 FOSTON 710, FOSTON"
APARELHO GPS APARELHOGPS MARCA:FOSTON MODELO:700 FOSTON 
"APARELHO GPS APARELHOGPS MARCA:FOSTON MODELO:583 FOSTON FOSTON, 583"
"APARELHO GPS APARELHOGPS MARCA:FOSTON MODELO:503 FOSTON 503, FOSTON"
"APARELHO GPS APARELHOGPS MARCA:FOSTON MODELO:501 FOSTON 501, FOSTON"
"APARELHO GPS APARELHOGPS MARCA:FOSTON MODELO:473 FOSTON 473, FOSTON"
"APARELHO GPS APARELHOGPS MARCA:FOSTON MODELO:463 FOSTON FOSTON, 463"
APARELHO GPS APARELHOGPS MARCA:FOSTON MODELO:470 FOSTON 
"APARELHO TELEFONICO CELULAR APARELHOTELEFONICOCELULAR MARCA:SAMSUNG MODELO:GALAXYYDUOS SAMSUNG GALAXY Y DUOS, SAMSUNG"
APARELHO TELEFONICO CELULAR APARELHOTELEFONICOCELULAR MARCA:SAMSUNG MODELO:C3312 SAMSUNG 
"APARELHO TELEFONICO CELULAR APARELHOTELEFONICOCELULAR MARCA:MOTOROLA MODELO:XT317 MOTOROLA XT317, MOTOROLA"
APARELHO TELEFONICO CELULAR APARELHOTELEFONICOCELULAR MARCA:LG MODELO:A230 LG 
APARELHO TELEFONICO CELULAR vAPARELHOTELEFONICOCELULAR MARCA:LG MODELO:A290 LG 
APARELHO TELEFONICO CELULAR APARELHOTELEFONICOCELULAR MARCA:LG MODELO:C375 LG 
APARELHO TELEFONICO CELULAR APARELHOTELEFONICOCELULAR MARCANOKIA NOKIA 
"APARELHO TELEFONICO CELULAR APARELHOTELEFONICOCELULAR MARCA:LG MODELO:C333 LG C333, LG"
CAMERA FOTOGRAFICA CAMERAFOTOGRAFICA MARCA:SONY MODELO:W610 SONY 
CAMERA FOTOGRAFICA CAMERAFOTOGRAFICA MARCA:SAMSUNG MODELO:DV300 SAMSUNG 
CAMERA FOTOGRAFICA CAMERAFOTOGRAFICA MARCA:SAMSUNG MODELO:DV100 SAMSUNG DV100
CAMERA FOTOGRAFICA CAMERAFOTOGRAFICA MARCA:SAMSUNG MODELO:ES95 SAMSUNG 
CAMERA FOTOGRAFICA CAMERAFOTOGRAFICA MARCA:SAMSUNG MODELO:W530 SONY 
CAMERA FOTOGRAFICA CAMERAFOTOGRAFICA MARCA:SAMSUNG MODELO:PL120 SAMSUNG 
CAMERA FOTOGRAFICA CAMERAFOTOGRAFICA MARCA:SAMSUNG MODELO:PL120 SAMSUNG PL120
CAMERA FOTOGRAFICA CAMERAFOTOGRAFICA MARCA:SAMSUNG MODELO:ES90 SAMSUNG ES90
CAMERA FOTOGRAFICA CAMERAFOTOGRAFICA MARCA:SAMSUNG MODELO:ES90 SAMSUNG 
CAMERA FOTOGRAFICA CAMERAFOTOGRAFICA MARCA:SAMSUNG MODELO:ES90 CORVERMELHA A20RC9ACC02LRQL SAMSUNG ES90
CAMERA FOTOGRAFICA CAMERAFOTOGRAFICA MARCA:SAMSUNG MODELO:ES90 CORPRETA A20NC9ACB04FC5V SAMSUNG ES90
SCANNER DE DOCUMENTOS SCANNERDEDOCUMENTOS REGULA 
LEITOR OPTICO DE DIGITAIS LEITOROPTICODEDIGITAIS REGULA 
"LEITOR OPTICO DE DIGITAIS LEITOROPTICODEDIGITAIS REGULA, DERMALOG "
IMPRESSORA MULTIFUNCIONAL - MAQUINA DE XEROX IMPRESSORAMULTIFUNCIONALCOLORIDA SISTEMALASERDEIMPRESSAO MARCAXEROX XEROX 
NOTEBOOK NOTEBOOK COMPAQ 
IMPRESSORA A LASER MONOCROMATICA IMPRESSORAALASERMONOCROMATICAHPLASERJETPRO4000401DNE_ HP 
CAFETEIRA ELETRICA CAFETEIRAELETRICA ELETROLUX 
CAFETEIRA ELETRICA CAFETEIRAELETRICAPHILIPSR17546 PHILIPS 
FECHADURA COM FUNCIONAMENTO POR BIOMETRICA. FECHADURACOMFUNCIONAMENTOPORBIOMETRIAMARCADLOCK DLOCK 
FECHADURA COM FUNCIONAMENTO POR BIOMETRICA. FECHADURACOMFUNCIONAMENTOPORBIOMETRIAMARCADLOCKDL3500_ DLOCK 
FOGAO ATLAS GREC 4 BOCAS FOGAO4BOCASATLASATENAS ACQUA FIT 
NOTEBOOK HP NOTEBOOKHP HP 
RACK PARA SERVIDOR RACKPARASERVIDORFECHADOPISO44Ux870MM CONTATO 
MICROCOMPUTADOR MICROCOMPUTADORHPMOD_COMPAQ8200ELITE_ HP 
CPU POSITIVO. CPUPOSITIVO_ HP 
MONITOR MONITORDELCD19POLEGADAS MOD_HPL190hb_ HP 
MONITOR DE VIDEO HP MONITORDEDEVIDEOHP HP 
IMPRESSORA PORTATIL IMPRESSORAPORTATIL MODELOMOBILE100_ HP 
"SCANNER DIGITAL, MARCA HP SCANJET SCANNERHPSCANJETG4050FOTOGRAFICO HP "
IMPRESSORA HP COLOR LASERJET IMPRESSORAHPCOLORLASERJETENTERPRISE500M551DN HP 
MONITOR / VIDEO - MICROCOMPUTADOR MONITOR__VIDEO-MICROCOMPUTADOR_LED21_5_ POSITIVO E2241VP
STORAGE SISTEMADEGRAVACAOEARMAZENAGEMDEDADOS HP 
"VEICULO NISSAN FRONTIER, FRM XE DCX4 2, COR BRANCA VEICULONISSANFRONTIER CORBRANCA CHASSI94DVCUD40EJ772944 NISSAN NOVA FRONTIER"
"VEICULO NISSAN FRONTIER, FRM XE DCX4 2, COR BRANCA VEICULONISSANFRONTIER CORBRANCA CHASSI94DVCUD40EJ772848 NISSAN NOVA FRONTIER"
"VEICULO NISSAN FRONTIER, FRM XE DCX4 2, COR BRANCA VEICULONISSANFRONTIER CORBRANCA CHASSI94DVCUD40EJ772947 NISSAN NOVA FRONTIER"
"VEICULO NISSAN FRONTIER, FRM XE DCX4 2, COR BRANCA VEICULONISSANMARCH CORBRANCA CHASSI3N1CK3CD2EL220874 NISSAN MARCH"
"VEICULO NISSAN FRONTIER, FRM XE DCX4 2, COR BRANCA VEICULONISSANMARCH CORBRANCA CHASSI3N1CK3CD4EL220830 NISSAN MARCH"
"VEICULO NISSAN FRONTIER, FRM XE DCX4 2, COR BRANCA VEICULONISSANMARCH CORBRANCA CHASSI3N1CK3CD4EL220848 NISSAN MARCH"
"AUTOMÓVEL RENAULT FLUENCE, COR PRETO, CHASSI 8A1LZBW3TEL978893, PLACA: OXP 2030. AUTOMOVELRENAULT CORPRETO CHASSI8A1LZBW3TEL978893 PLACA:OXP2030_ RENAULT FLUENCE"
PROJETOR PROJETOREPSONMOD_S11PNV11H436020 EPSON S11
RENAULT FLUENCE VEICULOSEDANDESCARACTERIZADO RENAULT FLUENCE
NISSAN FRONTIER VEICULOCAMINHONETEGRANDEDESCARACTERIZADA NISSAN FRONTIER 2014
ULTRABOOK ULTRABOOK MARCATHINKPAD MODELOT440 DISCOSATAIII6GB RAM8GB DDR3 TELALED14_ 110__220V COMMOCHILANAILONPRETA WINDOWS7 OFFICEPROFISSIONAL2013 GARANTIA36MESES_ LENOVO 
"MICROCOMPUTADOR PESSOAL NOTEBOOK Microcomputadorpessoalnotebookultrafino processadorI5 8GBRAMDDR3 HDSSD256GB Windows8Pro MicrosoftOfficePro2013 Mochilaparatransporte mouseUSB_ LENOVO/THINKPAD, THINKPAD T440"
"ULTRABOOK LENOVO T440/I5 ULTRABOOK LENOVO/THINKPAD, THINKPAD T440"
"ULTRABOOK ULTRABOOKLAPTOPULTRAFINO LENOVO/THINKPAD, LENOVO/TRINKPAD T440/I5"
ULTRABOOK LENOVO T440/I5 ULTRABOOKLENOVOT440__I5COMMINIMOUSEOPTICO MOCHILAECABOSACESSORIOS LENOVO 
ULTRABOOK LENOVO T440/I5 ULTRABOOKLENOVOT440__I5acompanhaMINIMOUSEOPTICO MOCHILA CABODECONEXAOP__HDMI FONTE BATERIAEXTERNAeLICENCADOOFFICEPRO2013_   LENOVO TECNOLOGIA BRASIL LTDA 
ULTRABOOK LENOVO T440/I5 ULTRABOOKLENOVOT440__I5acompanhaMINIMOUSEOPTICO MOCHILA CABODECONEXAOP__HDMI FONTE BATERIAEXTERNAeLICENCADOOFFICEPRO2013_     LENOVO TECNOLOGIA BRASIL LTDA 
ULTRABOOK LENOVO T440/I5 ULTRABOOKLENOVOT440__I5COMMINIMOUSEOPTICO MOCHILAECABOSACESSORIOS LENOVO TECNOLOGIA BRASIL LTDA 
ULTRABOOK LENOVO/THINKPAD T440/I5 NOTEBOOKLENOVOULTRAFINOMODELOT440-TELAHD14POLEGADAS-8GMEMORIARAM-PROCESSADORINTELI5-HD266GIGA LENOVO THINKPAD T440
ULTRABOOK LENOVO T440/I5 ULTRABOOKLENOVOT440__I5COMMINIMOUSEOPTICO MOCHILAECABOSACESSORIOS LENOVO/THINKPAD T440/I5
ULTRABOOK LENOVO T440/I5 ULTRABOOKLENOVOT440__I5COMMINIMOUSEOPTICO MOCHILAECABOSACESSORIOS UltrabookThinkPadT440 Lenovo Mod_20B7S27400+Mouse+Cabohdmi+Mochila      LENOVO T440/I5
MICROCOMPUTADOR DELL OPTIPLEX 7010 DESKTOP MicrocomputadorDellOptiplex7010Desktop commouseopticoMS111USB tecladoKB212B Windows7Professional Office2013_ DELL 
"MONITOR DELL P2213T DE 22"" MonitorDellP2213Tde22_ DELL "
"ULTRABOOK LENOVO T440/I5 ULTRABOOKLENOVOT440__I5 COMACESSORIOS TIPOMINI-MOUSE MOCHILAEXECUTIVAECABOS_ LENOVO/THINKPAD, LENOVO T440/I5"
"ULTRABOOK LENOVO T440/I5 ULTRABOOK COMACESSORIOS TIPOMINI-MOUSE MOCHILAEXECUTIVAECABOS_ LENOVO/THINKPAD, LENOVO T440/I5"
"ULTRABOOK LENOVO T440/I5 MICROCOMPUTADORPESSOALNOTEBOOK _NOTEBOOKSULTRAFINOS_ COMACESSORIOS TIPOMINI-MOUSE MOCHILAEXECUTIVAECABOS_ LENOVO/THINKPAD, LENOVO T440/I5"
"ULTRABOOK LENOVO T440/I5 ULTRABOOK ACESSORIOS TIPOMINI-MOUSE MOCHILAEXECUTIVAECABOS_ LENOVO/THINKPAD, LENOVO T440/I5"
"ULTRABOOK LENOVO T440/I5 ULTRABOOKULTRAFINOS COMACESSORIOS TIPOMINI-MOUSE MOCHILAEXECUTIVAECABOS_ LENOVO/THINKPAD, LENOVO T440"
"MICROCOMPUTADOR PESSOAL NOTEBOOK MICROCOMPUTADORPESSOALNOTEBOOK _NOTEBOOKSULTRAFINOS_ COMACESSORIOS TIPOMINI-MOUSE MOCHILAEXECUTIVAECABOS_ LENOVO/THINKPAD, LENOVO T440"
"ULTRABOOK LENOVO T440/I5 ULTRABOOK _NOTEBOOKSULTRAFINOS_ COMACESSORIOS TIPOMINI-MOUSE MOCHILAEXECUTIVAECABOS_ LENOVO/THINKPAD, LENOVO T440/I5"
IMPRESSORA MULTIFUNCIONALA LASER IMPRESSORAMULTIFUNCIONALALASER SAMSUNG SCX-5835
IMPRESSORA MULTIFUNCIONALA LASER IMPRESSORAMULTIFUNCIONALALASER SAMSUNG 
IMPRESSORA MULTIFUNCIONALA LASER IMPRESSORAMULTIFUNCIONALALASERSCX5835 SAMSUNG SAMSUNG 
IMPRESSORA MULTIFUNCIONAL IMPRESSORAMULTIFUNCIONAL HP 
IMPRESSORA MULTIFUNCIONAL LASER IMPRESSORAMULTIFUNCIONALLASER SAMSUNG 
IMPRESSORA MULTIFUNCIONALA LASER SCX-5835 SAMSUNG IMPRESSORAMULTIFUNCIONALALASERSCX-5835SAMSUNG SAMSUNG 
IMPRESSORA MULTIFUNCIONAL LASER SAMSUNG IMPRESSORAMULTIFUNCIONALLASERSAMSUNG SAMSUNG 
IMPRESSORA MULTIFUNCIONAL IMPRESSORAMULTIFUNCIONALSAMSUNG SAMSUNG 
IMPRESSORA MULTIFUNCIONAL LASER IMPRESSORAMULTIFUNCIONALLASERSAMSUNG SAMSUNG 
IMPRESSORA MULTIFUNCIONAL LASER IMPRESSORAMULTIFUNCIONALLASERSAMSUNG SAMSUNG SCX-5835
IMPRESSORA MULTIFUNCIONAL A LASER SANSUNG IMPRESSORAMULTIFUNCIONALALASERSAMSUNG SAMSUNG SCX-5835
IMPRESSORA MULTIFUNCIONAL A LASER SAMSUNG IMPRESSORAMULTIFUNCIONALALASERSAMSUNG SAMSUNG SCX-5835
IMPRESSORA MULTIFUNCIONALA LASER IMPRESSORAMULTIFUNCIONALALASERHPSCX5835 SAMSUNG SCX-5835
IMPRESSORA MULTIFUNCIONAL A LASER IMPRESSORAMULTIFUNCIONALALASER SAMSUNG 
IMPRESSORA MULTIFUNCIONALA LASER IMPRESSORAMULTIFUNCIONALALASER SAMSUNG SCX-58
RACK ESTANTE COMPONENTE P/ COMPUTADOR RACKESTANTECOMPONENTEP__COMPUTADOR AZ METAL 
SWITCH COM 24 PORTAS SWITCHCOM24PORTAS NETGEARGSM7224-200NAS NETGEAR 
IMPRESSORA IMPRESSORA HP 
IMPRESSORA IMPRESSORA HP OFFICEJET 100
IDENTIFICADOR BIOMETRICO DIGITAL IDENTIFICADORBIOMETRICODIGITAL MAKO 
"KIT CONFECÇÃO PASSAPORTE IDENTIFICADOR BIOMÉTRICO DIGITAL, SOFTWARE LEITURA FACIAL E DIGITAL KITCONFECCAOPASSAPORTEIDENTIFICADORBIOMETRICODIGITALCOMSOFTWAREDELEITURAFACIALESOFTWAREDELEITURADIGITAL 3M "
FLASH FOTOGRAFICO FLASHFOTOGRAFICO MAKO 
PAINEL PARA CENARIO FOTOGRAFICO DE CONTROLE MIGRATORIO PAINELPARACENARIOFOTOGRAFICODECONTROLEMIGRATORIOQUEPERMITAPRODUZIRFOTOSCOMFUNDOTOTALMENTEBRANCO_ MAKO 
ULTRABOOK ULTRABOOK LENOVO ULTRABOOK
ULTRABOOK ULTRABOOKLAPTOPULTRAFINO THINKPAD 
BÓIAS FLUTUANTES EM METAL BARCOFLUTUANTEDEMADEIRAC__2ALOJAMENTOS 2WC COPA OFICINA NÃO SE APLICA 
COMPUTADOR PESSOAL TIPO NOTEBOOK COMPUTADORPESSOALTIPONOTEBOOK DELL 
MICROCOMPUTADOR MICROCOMPUTADOR POSITIVO 
MICROCOMPUTADOR MICROCOMPUTADOR POSITIVO POSITIVO
MICROCOMPUTADOR MICROCOMPUTADOR SAMSUNG SAMSUNG
"MICROCOMPUTADOR CPU DESKTOP, HP MICROCOMPUTADORCPUDESKTOP HP HP MICRO"
MICROCOMPUTADOR POSITIVO COM 02 MONITORES MICROCOMPUTADORPOSITIVOCOM02MONITORES POSITIVO MASTER D570
MICROCOMPUTADOR HP POSITIVO MICROCOMPUTADORHPPOSITIVO POSITIVO CPU
MICROCOMPUTADOR MICROCOMPUTADOR SEM MARCA MICRO
MICROCOMPUTADOR DESKTOP MICROCOMPUTADORDESKTOP SEM MARCA DESKTOP
MICROCOMPUTADOR DESKTOP LENOVO MICROCOMPUTADORDESKTOPLENOVO LENOVO LENOVO
MICROCOMPUTADOR LENOVO MICROCOMPUTADORLENOVO LENOVO LENOVO
MICROCOMPUTADOR MICROCOMPUTADOR_CPUPOSITIVOMASTERD570+MONITORLGFLATRONE2241PX__ POSITIVO POSITIVO MASTER D570
MICROCOMPUTADOR PESSOAL MICROCOMPUTADORPESSOAL POSITIVO 
ULTRABOOK ULTRABOOKLAPTOPULTRAFINO THINKPAD T440
"ULTRABOOK ULTRABOOKLAPTOPULTRAFINO LENOVO, THINKPAD T440"
LICENCA DE SOFTWARE LICENCADOSOFTWAREDEVIRTUALIZACAOZ__VM VISION-BOX 
APARELHO ADUTOR-ABDUTOR DE PERNAS APARELHOADUTOR-ABDUTORDEPERNAS PRO R BANCO ABDUTOR
APARELHO ADUTOR-ABDUTOR DE PERNAS APARELHOADUTOR-ABDUTORDEPERNAS NÃO INFORMADO BANCO ADUTOR
APARELHO DE GINÁSTICA LEG-PRESS APARELHODEGINASTICALEG-PRESS NÃO INFORMADO LEG PRESS 45
"APARELHO DE GINÁSTICA MULTIUSO COM POLIAS REGULÁVEIS, CROSS-OVER APARELHODEGINASTICAMULTIUSOCOMPOLIASREGULAVEIS CROSS-OVER NÃO INFORMADO CROSS OVER"
"APARELHO DE GINÁSTICA, (BANCO) P/ FLEXÃO DE ATE-BRAÇO APOIADO (ROSCA-SCOTT) APARELHODEGINASTICA _BANCO_P__FLEXAODEATE-BRACOAPOIADO_ROSCA-SCOTT_ NÃO INFORMADO BANCO PARA BÍCEPS"
"APARELHO DE GINÁSTICA, (BANCO) SUPINO ARTICULADO COM APOIO P/ BARRAS APARELHODEGINASTICA _BANCO_SUPINOARTICULADOCOMAPOIOP__BARRAS NÃO INFORMADO BANCO SUPINO DECLINADO"
"APARELHO DE GINÁSTICA, (BANCO) SUPINO ARTICULADO COM APOIO P/ BARRAS APARELHODEGINASTICA _BANCO_SUPINOARTICULADOCOMAPOIOP__BARRAS NÃO INFORMADO BANCO SUPINO REGULÁVEL"
"APARELHO DE GINÁSTICA, BANCO ACOLCHOADO ARTICULADO APARELHODEGINASTICA BANCOACOLCHOADOARTICULADO PRO R BANCO SIMPLES HORIZONTAL"
"APARELHO DE GINÁSTICA, CADEIRA EXTENSORA APARELHODEGINASTICA CADEIRAEXTENSORA NÃO INFORMADO BANCO EXTENSOR"
"APARELHO DE GINÁSTICA, ESTANTE COM APOIO DE BARRA P/ AGACHAMENTO/DESENVOLVIMENTO APARELHODEGINASTICA ESTANTECOMAPOIODEBARRAP__AGACHAMENTO__DESENVOLVIMENTO PRO R DESENVOLVIMENTO"
"APARELHO DE GINÁSTICA, MULTIUSO POLIA ALTA E BAIXA APARELHODEGINASTICA MULTIUSOPOLIAALTAEBAIXA PRO R POLIA SUPERIOR E INFERIOR"
"APARELHO DE GINÁSTICA, MÁQUINA PEITORAL-DORSAL APARELHODEGINASTICA MAQUINAPEITORAL-DORSAL NÃO INFORMADO DORSAL 45"
APARELHO DE TREINAMENTO FISICO ( COXAS/PANTURRILHAS ) APARELHODETREINAMENTOFISICO_COXAS__PANTURRILHAS_ NÃO INFORMADO BANCO PARA PANTURRILHA
APARELHO PARA AGACHAMENTO MULTI-EXERCITADOR APARELHOPARAAGACHAMENTOMULTI-EXERCITADOR PRO R MULTI EXERCITADOR
APARELHO PEITORAL-DORSAL PARA BRACOS APARELHOPEITORAL-DORSALPARABRACOS PRO R PEITORAL DORSAL CRUCIFIXO
APARELHOS E ACESSORIOS DE GINÁSTICA MULTIEXERCICIO PRO R ESPALDAR BARRAS EM ALUMÍNIO
"MAQ.FLEXORA,MIN 50KG CARGA,1,13X1,10X1,90(ALC),PESO:110KG. MAQ_FLEXORA MIN50KGCARGA 1 13X1 10X1 90_ALC_ PESO:110KG_ PRO R FLEXOR SENTADO"
MAQUINA PARA REMADA CAVALO C/ 70 KGS DE CARGA MAQUINAPARAREMADACAVALOC__70KGSDECARGA PRO R BANCO PARA REMADA
"APARELHO DE GINÁSTICA, ELÍPTICO MECÂNICO ERGOMÉTRICO APARELHODEGINASTICA ELIPTICOMECANICOERGOMETRICO MOVIMENT ELIPTICON RT 240"
BICICLETA ERGOMETRICA BICICLETAERGOMETRICA NÃO INFORMADO BICICLETA ERGOMÉTRICA RT 230
BICICLETA ERGOMETRICA BICICLETAERGOMETRICA MOVIMENT BICICLETA ERGOMÉTRICO RT 220
ESTEIRA ELETRICA PARA GINASTICA ESTEIRAELETRICAPARAGINASTICA MOVIMENT 
"APARELHO DE GINÁSTICA, ELÍPTICO MECÂNICO ERGOMÉTRICO APARELHODEGINASTICA ELIPTICOMECANICOERGOMETRICO MOVIMENT ELIPTICON RT 350"
BICICLETA ERGOMETRICA BICICLETAERGOMETRICA MOVIMENT BICICLETA ERGOMÉTRICA RT 220
APARELHO ABDOMINAL APARELHOABDOMINAL PRO R CONDICIONADOR ABDOMINAL VERTICAL
APARELHO DE GINÁSTICA LEG-PRESS APARELHODEGINASTICALEG-PRESS PRO R LEG PRESS REGULÁVEL MANUAL
APARELHO DE ROSCA TRICEPS PUXADOR APARELHODEROSCATRICEPSPUXADOR PRO R BANCO PARATRICEPS PARALELO
APARELHO DE TREINAMENTO FISICO ( COXAS/PANTURRILHAS ) APARELHODETREINAMENTOFISICO_COXAS__PANTURRILHAS_ PRO R PANTURRILHA VERTICAL
APARELHOS E ACESSORIOS DE GINÁSTICA MULTIEXERCICIO PRO R GRAVITON
APARELHOS E ACESSORIOS DE GINÁSTICA MULTIEXERCICIO NÃO INFORMADO MÁQUINA PARA GLÚTEO
"APARELHO DE GINÁSTICA, MULTIUSO POLIA ALTA E BAIXA APARELHODEGINASTICA MULTIUSOPOLIAALTAEBAIXA NÃO INFORMADO PUXADOR ALTO"
"APARELHO DE GINÁSTICA, SUPORTE P/ ACONDICIONAMENTO BARRAS APARELHODEGINASTICA SUPORTEP__ACONDICIONAMENTODE08BARRASDEGINASTICA NÃO INFORMADO ESPALDAR BARRAS EM ALUMÍNIO"
APARELHO DE MUSCULACAO TIPO MAQUINA P/SUPINO RECLINAVEL APARELHODEMUSCULACAOTIPOMAQUINAP__SUPINORECLINAVEL PRO R SUPINO VERTICAL
APARELHOS E ACESSORIOS DE GINÁSTICA MULTIEXERCICIO PRO R MÁQUINA GLÚTEO VERTICAL
ANILHA DE 10K. ANILHADE10K_ NÃO INFORMADO 
ANILHA DE FERRO DE 15K SEM REVESTIMENTOL COR PRETA ANILHADEFERRODE15KSEMREVESTIMENTOLCORPRETA NÃO INFORMADO 
"BARRA DE 2.00, CROMADA P/ GINASTICA. BARRADE2_00 CROMADAP__GINASTICA_ NÃO INFORMADO BARRA DE 2,05 METROS"
ANILHA DE  1K. ANILHADE1K_ NÃO INFORMADO 
ANILHA DE 02K. ANILHADE02K_ NÃO INFORMADO 
ANILHA DE 03K. ANILHADE03K_ NÃO INFORMADO 
ANILHA EMBORRACHADA 20 KG ANILHAEMBORRACHADA20KG NÃO INFORMADO 
ANILHA EMBORRACHADA 5 KG ANILHAEMBORRACHADA5KG NÃO INFORMADO 
"APARELHO DE GINÁSTICA, SUPORTE P/ ACONDICIONAMENTO BARRAS APARELHODEGINASTICA SUPORTEP__ACONDICIONAMENTODE08BARRASDEGINASTICA NÃO INFORMADO APOIO PARA BARRA BÍCEPS"
BARRA 1.20M (CROMADA) BARRA1_20M_CROMADA_ NÃO INFORMADO 
"BARRA CROMADA MEDINDO 1,50CM C/2 PRESILHAS BARRACROMADAMEDINDO1 50CMC__2PRESILHAS NÃO INFORMADO "
ANILHA DE FERRO DE 15K SEM REVESTIMENTOL COR PRETA ANILHADEFERRODE15KSEMREVESTIMENTOLCORPRETA NÃO INFORMADO ANILHA EMBORRACHADA DE 15 KG
"BARRA CROMADA COM 1,80CM BARRACROMADACOM1 80CM NÃO INFORMADO BARRA CROMADA 1,80 CM"
BARRA CROMADA TAMANHO PROFISIONAL BARRACROMADATAMANHOPROFISIONAL NÃO INFORMADO 
BARRA W CROMADA BARRAWCROMADA NÃO INFORMADO BARRA W CROMADA
CANELEIRA  DE  1KG CANELEIRADE1KG NÃO INFORMADO CANELEIRAS 1 KG
CANELEIRA  DE  1KG CANELEIRADE1KG NÃO INFORMADO CANELEIRAS DE 05 KG
CANELEIRA  DE  2KG CANELEIRADE2KG NÃO INFORMADO 
CANELEIRA  DE  3KG CANELEIRADE3KG NÃO INFORMADO 
CANELEIRA  DE  3KG CANELEIRADE3KG NÃO INFORMADO CANELEIRAS DE 8 KG
EQUIPAMENTO DE MECANOTERAPIA ABDOMINAL COM COLCHONETE EQUIPAMENTODEMECANOTERAPIAABDOMINALCOMCOLCHONETE NÃO INFORMADO 
SUPORTE P/ALTERES E ANILHAS SUPORTEP__ALTERESEANILHAS NÃO INFORMADO SUPORTE PARA ANILHAS FLEX
SUPORTE P/ALTERES E ANILHAS SUPORTEP__ALTERESEANILHAS NÃO INFORMADO SUPORTE PARA DUMBEELS
LICENCA DE SOFTWARE LICENCADOSOFTWAREDEVIRTUALIZACAOZ__VM 3M 
BALANCA ELETRONICA BALANCAELETRONICA WELMY 
"APARELHO DE GINÁSTICA, SUPORTE P/ ACONDICIONAMENTO BARRAS APARELHODEGINASTICA SUPORTEP__ACONDICIONAMENTODE08BARRASDEGINASTICA NÃO INFORMADO FLEX"
APARELHOS E ACESSORIOS DE GINÁSTICA MULTIEXERCICIO NÃO INFORMADO FLEX
"BARRA ""W"" (CROMADA) BARRA_W__CROMADA_ NÃO INFORMADO FLEX"
"BARRA DE 2.00, CROMADA P/ GINASTICA. BARRADE2_00 CROMADAP__GINASTICA_ NÃO INFORMADO FLEX"
"BARRA H,SEM PRESILHAS,INOX,P/TRICEPS E BICEPS,CROMADA. BARRAH SEMPRESILHAS INOX P__TRICEPSEBICEPS CROMADA_ NÃO INFORMADO FLEX"
BARRA PARA PULLEY (V) CURVA DUPLA CROMADA BARRAPARAPULLEY_V_CURVADUPLACROMADA NÃO INFORMADO FLEX
BARRA PARA PULLEY RETA GIRATORIA 50CM VIP BARRAPARAPULLEYRETAGIRATORIA50CMVIP NÃO INFORMADO FLEX
CANELEIRA  DE  1KG CANELEIRADE1KG NÃO INFORMADO FLEX
CANELEIRA  DE  2KG CANELEIRADE2KG NÃO INFORMADO FLEX
CANELEIRA  DE  3KG CANELEIRADE3KG NÃO INFORMADO FLEX
DUMBELL REVESTIDO 12KG DUMBELLREVESTIDO12KG NÃO INFORMADO FLEX
DUMBELL REVESTIDO 14KG DUMBELLREVESTIDO14KG NÃO INFORMADO FLEX
DUMBELL REVESTIDO 16KG DUMBELLREVESTIDO16KG NÃO INFORMADO FLEX
DUMBELL REVESTIDO 18KG DUMBELLREVESTIDO18KG NÃO INFORMADO FLEX
DUMBELL REVESTIDO 20KG DUMBELLREVESTIDO20KG NÃO INFORMADO FLEX
DUMBELL REVESTIDO 22KG DUMBELLREVESTIDO22KG NÃO INFORMADO FLEX
DUMBELL REVESTIDO 24KG DUMBELLREVESTIDO24KG NÃO INFORMADO FLEX
DUMBELL REVESTIDO 26KG DUMBELLREVESTIDO26KG NÃO INFORMADO FLEX
DUMBELL REVESTIDO 28KG DUMBELLREVESTIDO28KG NÃO INFORMADO FLEX
DUMBELL REVESTIDO 30KG DUMBELLREVESTIDO30KG NÃO INFORMADO FLEX
HALTER 10KG- EMBORRACHADO HALTER10KG-EMBORRACHADO NÃO INFORMADO FLEX
HALTER 2KG - EMBORRACHADO HALTER2KG-EMBORRACHADO NÃO INFORMADO FLEX
HALTER 3KG - EMBORRACHADO HALTER3KG-EMBORRACHADO NÃO INFORMADO FLEX
HALTER 4KG - EMBORRACHADO HALTER4KG-EMBORRACHADO NÃO INFORMADO FLEX
HALTER 5KG - EMBORRACHADO HALTER5KG-EMBORRACHADO NÃO INFORMADO FLEX
HALTER 6KG - EMBORRACHADO HALTER6KG-EMBORRACHADO NÃO INFORMADO FLEX
HALTER 7KG - EMBORRACHADO HALTER7KG-EMBORRACHADO NÃO INFORMADO FLEX
HALTER 8KG - EMBORRACHADO HALTER8KG-EMBORRACHADO NÃO INFORMADO FLEX
HALTER 9KG - EMBORRACHADO HALTER9KG-EMBORRACHADO NÃO INFORMADO FLEX
PUXADOR PARA TRICEPS EM CORDA - VIP PUXADORPARATRICEPSEMCORDA-VIP NÃO INFORMADO FLEX
SUPORTE P/ALTERES E ANILHAS SUPORTEP__ALTERESEANILHAS NÃO INFORMADO FLEX
BARRA 1.80M (CROMADA) BARRA1_80M_CROMADA_ NÃO INFORMADO 
BALANÇA FILIZOLA BALANCAFILIZOLA FILIZOLA 
COMPUTADOR HP Z420 ComputadorHPZ420 HDSATA256GB 16GBDDR3-1600ECC_4x4GB_BR_ HP Z420
COMPUTADOR HP Z420 ComputadorHPZ420 HDSATA256GB 16GBDDR3-1600ECC_4x4GB_BR_ HP 
COMPUTADOR HP Z620 ComputadorHPZ620 HDSATA256 32GBDDR3-18668X4GB_ HP Z620
MONITOR HP 24 POL. MonitorHP24Polegadas E241i__LA2405x HP LA2405X
MONITOR HP 24 POL. MonitorHP24Polegadas E241i__LA2405x HP 
QUADRICICLO  MOTOCICLETAHONDA QUADRICICLOHONDA__TRXX420FM ANO__MOD_:2013 FABRICACAO2014 CHASSI:9C2TE3500DR006288 HONDA 
LICENCA DE SOFTWARE LICENCADOSOFTWAREDEVIRTUALIZACAOZ__VM CANON 
PISTOLA GLOCK G19 9MM PISTOLAGLOCKG19 CAL_9MM MALETAKITDELIMPEZA MANUALEMPORTUGUES 03CARREGADORESG19P__15CARTUCHOS COLDREGLOCKCOMBATE__ESPORTE PORTACARREGADOREGRAVACAO_LOGOBRASAODAREPUBLICA_-DPF_ GLOCK G19
PISTOLA GLOCK G19 9MM PISTOLAGLOCKG19 CAL_9MM MALETAKITDELIMPEZA MANUALEMPORTUGUES 03CARREGADORESG19P__15CARTUCHOS COLDREGLOCKCOMBATE__ESPORTE PORTACARREGADOREGRAVACAO_LOGOBRASAODAREPUBLICA_-DPF_ GLOCK 
HD EXTERNO HDEXTERNO SAMSUNG 
NOTEBOOK NIC NOTEBOOKNIC NIC 
NOTEBOOK NOTEBOOK LENOVO 
"MAQUINA PLASTIFICADORA MAQUINAPLASTIFICADORA NÃO INFORMADO, MRMÁQUINAS P-02"
COLETE BALISTICO COLETEBALISTICOEXCLUSIVAMENTEFEMININO COMBOJO SEMCOSTURA NIVELIII-A CAPASEXTERNASOPERACIONAISECAPASDETRANSPORTEDEARMAZENAMENTO_TAMANHOP INBRATERRESTRE 
CAMERA  FOTOGRAFICA DIGITAL CAMERAFOTOGRAFICADIGITALSONYCYBERSHOTDSCW120 SONY DSCW120
"CAMERA FOTOGRAFICA CAMERAFOTOGRAFICACASIOEX-Z800C__CAIXAAVULSAEACESSORIOS CASIO, CASSIO EXZ800"
PROJETOR DE IMAGEM  (DATA SHOW) PROJETORDEIMAGEM_DATASHOW_ EPSOM POWER LITE S17
"ULTRABOOK LENOVO/THINKPAD COM MINI MOUSE, MOCHILA E CABOS PARA HDMI, CARREGADOR. ULTRABOOKMARCALENOVO__THINKPADCOMMINIMOUSE MOCHILAEXECUTIVAECABOSPARAHDMI_ THINKPAD T440, LENOVO/THINKPAD 20B7-S27400"
"ULTRABOOK LENOVO/THINKPAD T440 NOTEBOOKMARCALENOVO__THINKPADCOMMINIMOUSE MOCHILAEXECUTIVAECABOSPARAHDMI_ LENOVO/THINKPAD, LENOVO THINKPAD T440"
"ULTRABOOK LENOVO T440/I5  NOTEBOOKMARCALENOVO__THINKPADCOMMINIMOUSE MOCHILAEXECUTIVAECABOSPARAHDMI_ LENOVO/THINKPAD, LENOVO THINKPAD T440"
"ULTRABOOK LENOVO T440/I5 NOTEBOOKMARCALENOVO__THINKPADCOMMINIMOUSE MOCHILAEXECUTIVAECABOSPARAHDMI_ LENOVO/THINKPAD, LENOVO THINKPAD T440"
ULTRABOOK ULTRABOOK MARCATHINKPAD MODELOT440 DISCOSATAIII6GB RAM8GB DDR3 TELALED 14POLEGADAS 110__220VOLTS COMMOCHILANAILONPRETA OFFICEPROFISSIONAL2013_ LENOVO 
FRAGMENTADORA DE PAPEL FRAGMENTADORADEPAPEL DESTROY DWS1201CD DESTROY 
MAQUINA FOTOGRAFICA DIGITAL CANON MAQUINAFOTOGRAFICADIGITALCANON CANON 
TELEFONE S/FIO PHILIPS TELEFONES__FIOPHILIPS PHILIPS 
TELEFONE S/FIO GIGASET TELEFONES__FIOGIGASET A120 GIGASET 
TELEFONE SEM FIO ELGIN TELEFONESEMFIOELGIN ELGIN 
TELEFONE S/FIO  TELEFONES__FIO SEM MARCA 
"MESA DE ESCRITORIO,DELTA,PARA ESTACAO DE TRABALHO MESADEESCRITORIO DELTA PARAESTACAODETRABALHOFORTLINE FORTLINE "
MESA DE REUNIAO OVALADA MESADEREUNIAOOVALADAFORTLINE FORTLINE 
POLTRONA GIRATORIA C/BRACOS ESPALDAR MEDIO POLTRONAGIRATORIAC__BRACOSESPALDARMEDIOFLEXFORM FLEXFORM 
POLTRONA GIRATORIA COM BRACOS - ESPALDAR BAIXO POLTRONAGIRATORIACOMBRACOS-ESPALDARBAIXOFLEXFORM FLEXFORM 
ARMARIO ALTO FECHADO ARMARIOALTOFECHADOFORTLINE FORTLINE 
ARMARIO BAIXO FECHADO ARMARIOBAIXOFECHADOFORTLINE FORTLINE 
GAVETEIRO VOLANTE 3 GAVETAS GAVETEIROVOLANTE3GAVETASFORTLINE FORTLINE 
MESA DE CHEFIA ESTACAO DE TRABALHO EM FORMA DE PENINSULA MESADECHEFIAESTACAODETRABALHOEMFORMADEPENINSULAFORTLINE FORTLINE 
"POLTRONA DE CHEFIA C/ ESPALDAR ALTO, BRACOS, GIRATORIA, ROD POLTRONADECHEFIAC__ESPALDARALTO BRACOS GIRATORIA RODFLEXFORM FORTLINE "
REFRIGERADOR REFRIGERADORCONSULCRM51 CONSUL 
FRIGOBAR REFRIGERADORCONSULTIPOFRIGOBAR120LCORBRANCACRC12A CONSUL 
"MAQUINA FOTOGRAFICA DIGITAL, MARCA NIKON. MAQUINAFOTOGRAFICADIGITAL MARCANIKONP530 NIKON "
MICROONDAS FORNOMICROONDASLG CAPACIDADE30LITROS LG 
CONJ SOFA CONJUNTOSOFA SEM MARCA APARENTE 
CONJUNTO SOFA 03 LUGARES AZUL ESCURO CONJUNTOSOFA03LUGARESAZULESCURO SEM MARCA APARENTE 
"NOBREAK COM ESTABILIZADOR + FILTRO DE LINHA DE 700VA, 60HZ NOBREAKCOMESTABILIZADORNHS1200VA NHS "
NOBREAK NOBREAKAPC APC 
CAMA BOX SOLTEIRO CAMABOXSOLTEIRO190X90cm SEM MARCA APARENTE 
ULTRABOOK LENOVO T440/I5 ULTRABOOKLENOVOT440__I5COMMINIMOUSEOPTICO MOCHILAECABOSACESSORIOS_ LENOVO/THINKPAD 
FORD FOCUS SEDAN FOCUSSEDAN2_0FLEX CINZA_ FORD SEDAN
BEBEDOURO AGUA GARRAFAO TIPO VERTICAL ELETRICO BEBEDOUROELETRICODECOLUNAP__GARRAFAO SEM MARCA APARENTE 
"FOGAO A GAS DOMESTICO, 06 BOCAS, AUTOMATICO FOGAOAGASDOMESTICOESMALTEC 06BOCAS AUTOMATICOCORBRANCA ESMALTEC "
ESTABILIZADOR DE TENSAO SMS ESTABILIZADORDETENSAORGT500VA RAGTECH 
COLETE BALISTICO COLETEBALISTICOEXCLUSIVAMENTEFEMININO COMBOJO SEMCOSTURA NIVELIII-A CAPASEXTERNASOPERACIONAISECAPASDETRANSPORTEDEARMAZENAMENTO_TAMANHOP_LOTE27561 INBRATERRESTRE 
COLETE BALISTICO COLETEBALISTICOEXCLUSIVAMENTEFEMININO COMBOJO SEMCOSTURA NIVELIII-A CAPASEXTERNASOPERACIONAISECAPASDETRANSPORTEDEARMAZENAMENTO_TAMANHOP_LOTE27564 INBRATERRESTRE 
APARELHO PURIFICADOR DE AGUA APARELHOPURIFICADORDEAGUAELETRICOBIVOLT AQUAFLEXLIBELL LIBELL 
COLETE BALISTICO FEMININO COLETEBALISTICOEXCLUSIVAMENTEFEMININO COMBOJO SEMCOSTURA NIVELIII-A CAPASEXTERNASOPERACIONAISECAPASDETRANSPORTEDEARMAZENAMENTO_TAMANHOM_LOTE29107_ INBRATERRESTRE 
COLETE BALISTICO COLETEBALISTICOEXCLUSIVAMENTEFEMININO COMBOJO SEMCOSTURA NIVELIII-A CAPASEXTERNASOPERACIONAISECAPASDETRANSPORTEDEARMAZENAMENTO_TAMANHOP_LOTE27402 INBRATERRESTRE 
COLETE BALISTICO COLETEBALISTICOEXCLUSIVAMENTEFEMININO COMBOJO SEMCOSTURA NIVELIII-A CAPASEXTERNASOPERACIONAISECAPASDETRANSPORTEDEARMAZENAMENTO_TAMANHOP_LOTE27702   INBRATERRESTRE 
BALANÇA DE PRECISÃO BALANCADEPRECISAO SEM MARCA APARENTE 
RADIO COMUNICADOR TRANSCEPTOR MOVEL RADIOCOMUNICADORTRANSCEPTORMOVEL SEM MARCA APARENTE 
ULTRABOOK LENOVO T440/I5 ULTRABOOKLENOVOT440__I5COMMINIMOUSEOPTICO MOCHILAECABOSACESSORIOS LENOVO T440/I5
APARELHO DE AR-CONDICIONADO TIPO SPLIT 12000BTUS APARELHODEAR-CONDICIONADOMIDEA TIPOSPLIT12_000BTUS MIDEA 
"APARELHO DE AR-CONDICIONADO, TIPO SPLIT, 18.000 BTUS APARELHODEAR-CONDICIONADOMIDEA TIPOSPLIT 18_000BTUS MIDEA "
"APARELHO DE AR-CONDICIONADO, TIPO SPLIT, 18.000 BTUS APARELHODEAR-CONDICIONADOMIDEA TIPOSPLIT 18_000BTUS ELETROLUX "
NOTEBOOK HP PAVILION NOTEBOOKHPPAVILION14-V065BRINTELCORE17-4510U 8GB 1TB WIN8 SL64 HP 
SCANNER 600   DPI CCD SCANNERFUJITSUMODELOFI-6770 ADF CCD BANDEJACAPACIDADE200DOCUMENTOS 02ROLETES RESOLUCAO600DPI_ FUJITSU FI-6770
COFRE DE ACO COFREELETSPS50DSP-MED_50X40X40CM SAFEPLUS 
EQUIPAMENTO DE COMPUTAÇÃO(FORENSE) COM SOFTWARE PARA EXTRAÇÃO E ANALISE DE DADOS DE TELEFONE CELULAR. EQUIPAMENTODECOMPUTACAO_FORENSE_COMSOFTWAREPARAEXTRACAOEANALISEDEDADOSDETELEFONECELULAR_ UFED 
TRAJE DE PROTEÇÃO ANTI-BOMBAS TRAJEDEPROTECAOANTI-BOMBAS WELSER 
"CADEIRA GIRATORIA EXECUTIVA C/BRACOS,ASSENTO E ENCOSTO GDE CADEIRAGIRATORIAEXECUTIVAC__BRACOS ASSENTOEENCOSTOGDE CADERODE "
CORTINA TIPO PERSIANA CORTINATIPOPERSIANAVERTICAISDEPVCLISOCORAREIA PVC 
"TELEVISOR 32"" TELEVISOR32_LED LG LG "
MICROCOMPUTADOR HP COM MOUSE E TECLADO MICROCOMPUTADORHPCOMMOUSEETECLADO HP 
MONITOR MONITORHP23_ HP 
SERVIDOR DE REDE POWEREDGE DELL SERVIDORDEREDEPOWEREDGEDELLR730 DELL POWEREDGE R730
SERVIDOR DE REDE POWEREDGE DELL SERVIDORDEREDEPOWEREDGEDELLR430 DELL POWEREDGE R430
CELULAR SANSUNG S:AANN4285B CELULARSANSUNGS:AANN4285B SANSUNG 
MODEM MODEM D-LINK 
MODEM MODEM TP-LINK 
MODEM MODEM PARKS 
MODEM MODEM DIGITEL 
MODEM MODEM HUAWEI VIVO 4G. 
NOBREAK NOBREAKNOBREAKSin_doublellUSS3200Di__SD32btDSP SMS 
ESTANTE METALICA 1.98X092 COM PRATELEIRAS ESTANTEMETALICA1_98X092COMPRATELEIRAS NOBRE MOVEIS 
"ESTANTE METALICA EM ACO, REGULAVEIS C/06 PRATEL. COR CINZA ESTANTEMETALICAEMACO REGULAVEISC__06PRATEL_CORCINZA NOBRE MOVEIS "
CHAVEADORA SWITCH  KVM-2K D-LINK CHAVEADORASWITCHKVM-2KD-LINK KVM 
IMPRESSORA A LASER MONOCROMATICA IMPRESSORAALASERMONOCROMATICA SAMSUMG 
"ARMARIO ALTO  02 PORTAS,C/ABERTURA FRONTAL,C/PRATELEIRA ARMARIOALTO02PORTAS C__ABERTURAFRONTAL C__PRATELEIRA BELO "
"ESTACAO DE TRABALHO,MULTIFUNCIONAL,PENINSULAR EM ""L"",AGLOME- ESTACAODETRABALHO MULTIFUNCIONAL PENINSULAREM_L_ AGLOME- WELOLLI "
"POLTRONA GIRATORIA C/ ESPALDAR MEDIO, AZUL ROYAL, C/ RODIZIO POLTRONAGIRATORIAC__ESPALDARMEDIO AZULROYAL C__RODIZIO WELOLLI "
ROTULADORA ELETRONICA ROTULADORAELETRONICA BROTHER 
TRIPE PARA FILMADORA (145 CM) TRIPEPARAFILMADORA_145CM_ CSR TR654 
ONIBUS VEICULOONIBUS-DETURISMOMOTORCASA_ MOTORCASA 
MITSUBISHI PAJERO Camionetas4x4SUV_ostensivas_MitsubishiPajeroDakarPRETOONIX MITSUBISHI PAJERO DAKAR 4X4
MOTOSERRA 288 XP 28 PD 3/8 MOTOSERRA288XP28PD3__8 STHILL 
MITSUBISHI L200 MitsubishiL-200TritonGL_ostensiva_PRETOONIX MITSUBISHI L200 TRITON
MITSUBISHI L200 Camionetescabinedupla_descaracterizadas_MitsubishiL-200TritonGLPRATARHODIUM MITSUBISHI L200 TRITON GL
MITSUBISHI L200 Camionetescabinedupla_descaracterizadas_MitsubishiL-200TritonGLCINZALONDRINO MITSUBISHI L200 TRITON GL
MITSUBISHI L200 Camionetescabinedupla_descaracterizadas_MitsubishiL-200TritonGLPRATACOOL MITSUBISHI L200 TRITON GL
RENAULT SANDERO Hatchmenor_descaracterizado_CINZAACIER RENAULT SANDERO DYNAMIQUE 1.6
RENAULT SANDERO Hatchmenor_descaracterizado_PRATAKNH RENAULT SANDERO DYNAMIQUE 1.6
MONITOR LCD MONITORHPl200Hx20_ HP COMPAQ 
EQUIPAMENTO DE DUPLICAÇÃO E BLOQUEIO DE ESCRITA DE MIDIAS DE ARMAZENAMENTO COMPUTACIONAIS EQUIPAMENTODEDUPLICACAOEBLOQUEIODEESCRITADEMIDIASDEARMAZENAMENTOCOMPUTACIONAIS HWeSW_ TABLEAU TD3-B FORENSIC IMAGER
SCANIA K113 SCANIAK113 SCANIA SCANIA/K113 TL
RENAULT SANDERO Hatchmenor_descaracterizado_BRANCO RENAULT SANDERO DYNAMIQUE 1.6
MITSUBISHI PAJERO CAMIONETAS4X4SUV_DESCARACTERIZADAS_MITSUBISHIPAJERODAKARPRATA MITSUBISHI PAJERO DAKAR
MITSUBISHI PAJERO CAMIONETAS4X4SUV_DESCARACTERIZADAS_MITSUBISHIPAJERODAKARCINZA MITSUBISHI PAJERO DAKAR
"ESTANTE DE ACO C/ 06 PRATELEIRAS, MED. 1,98X0,92X0,40CM ESTANTEDEACOC__06PRATELEIRAS MED_1 98X0 92X0 40CM CORCINZA_ NOBRE MÓVEIS "
"ESTANTE METALICA EM ACO, REGULAVEIS C/06 PRATEL. COR CINZA ESTANTEMETALICAEMACO REGULAVEISC__06PRATEL_CORCINZA MEDINDO2 40x92x30_ NOBRE MÓVEIS "
"TELEFONE DIGITAL, SEM FIO, MARCA INTELBRAS, COR PRETA, MODELO TS 63 V. TELEFONEDIGITAL SEMFIO MARCAINTELBRAS CORPRETA MODELOTS63V COMIDENTIFICACAODECHAMADASEVIVAVOZ_ INTELBRAS "
"TELEFONE DIGITAL, SEM FIO, MARCA INTELBRAS, COR PRETA, MODELO TS 63 V TELEFONEDIGITAL SEMFIO MARCAINTELBRAS CORPRETA MODELOTS63V COMIDENTIFICACAODECHAMADASEVIVAVOZ_ INTELBRAS "
"TELEFONE DIGITAL, SEM FIO, MARCA PHILIPS TELEFONEDIGITAL SEMFIO MARCAPHILIPS PHILIPS "
"TELEFONE DIGITAL, SEM FIO, MARCA INTELBRAS, COR PRETA, MODELO TS 63 V,  TELEFONEDIGITAL SEMFIO MARCAINTELBRAS CORPRETA MODELOTS63V COMIDENTIFICACAODECHAMADASEVIVAVOZ_ INTELBRAS "
"TELEFONE DIGITAL, SEM FIO, MARCA INTELBRAS, COR PRETA, MODELO TS 63 V, TELEFONEDIGITAL SEMFIO MARCAINTELBRAS CORPRETA MODELOTS63V COMIDENTIFICACAODECHAMADASEVIVAVOZ_ INTELBRAS "
"TELEFONE DIGITAL, SEM FIO, MARCA ELGIN TELEFONEDIGITAL SEMFIO MARCAELGIN ELGIN "
"APARELHO DE DVD/VCD, GRAVADORA DVD/RW - BLU-RAY. APARELHODEDVD__VCD GRAVADORADVD__RW-BLU-RAY_ LG "
CADEIRA GIRATORIA C/BRACOS TIPO POLTRONA CADEIRAGIRATORIAC__BRACOSTIPOPOLTRONA WEROLLI 
ESPINGARDA BENELLI CAL. 12 ESPINGARDACALIBRE12__MODELOM3__SEMIAUTO__PUMPACTION_ BENELLI M3
FIAT BRAVO HATCHMAIORFIATBRAVOESSENCE1_8L 16V FLEX_DESCARACTERIZADO_PRATABARI FIAT BRAVO ESSENCE 1.8
MITSUBISHI PAJERO MITSUBISHIPAJERO MITSUBISHI PAJERO 4X4 HD D
"MONITOR LED 23"", LG, E2350V (SF) MONITORLED23_ LG LG 23MB35"
"MONITOR LED 23"", LG, E2350V (SF) MONITORLED23_ LG "
"MONITOR LED , LG MONITORLED LG LG "
"MONITOR DE VIDEO, LG MONITORDEVIDEO LG LG "
"MONITOR DE VIDEO, LG MONITORDEVIDEOLG  LG "
"MONITOR LED 19,5"" LG MONITORLED19 5_LG MODELO20M37AA-B_AWZ LG "
"MONITOR DE VIDEO, LG MONITORDEVIDEOLG LG "
SCANNER SCANNERKODAKi2820-DUPLEX-70ppm KODAK 
SUPORTE PARA NOTEBOOK SUPORTEPARANOTEBOOK ERGOLIFE 
CADEIRA COM RODIZIOS NA COR PRETA CADEIRACOMRODIZIOSNACORPRETA IZZI 
CADEIRA DE REUNIAO C/RODIZIOS E BRACOS ESPALDAR MEDIO CADEIRADEREUNIAOC__RODIZIOSEBRACOSESPALDARMEDIO IZZI 
"CADEIRA INTERLOCUTOR, COM BRACOS, ESPALDAR MEDIO. CADEIRAINTERLOCUTOR COMBRACOS ESPALDARMEDIO_ IZZI "
CADEIRA CHEFE ESPALDAR ALTO COM BRACOS CADEIRACHEFEESPALDARALTOCOMBRACOS IZZI 
CADEIRA GIRATÓRIA COM BRACOS PRETA CADEIRAGIRATORIACOMBRACOSPRETA IZZI 
CADEIRA DE INTERLOCUTOR DE CHEFIA S/RODIZIO E C/BRACOS CADEIRADEINTERLOCUTORDECHEFIAS__RODIZIOEC__BRACOS IZZI 
CADEIRA PARA REFEITORIO CADEIRAPARAREFEITORIO IZZI 
CADEIRA CHEFE ESPALDAR ALTO COM BRACOS CADEIRACHEFEESPALDARALTOCOMBRACOS PARIS 
CADEIRA COM RODIZIOS NA COR PRETA CADEIRACOMRODIZIOSNACORPRETA PARIS 
CADEIRA DE INTERLOCUTOR DE CHEFIA S/RODIZIO E C/BRACOS CADEIRADEINTERLOCUTORDECHEFIAS__RODIZIOEC__BRACOS PARIS 
CADEIRA DE REUNIAO C/RODIZIOS E BRACOS ESPALDAR MEDIO CADEIRADEREUNIAOC__RODIZIOSEBRACOSESPALDARMEDIO PARIS 
"CADEIRA INTERLOCUTOR, COM BRACOS, ESPALDAR MEDIO. CADEIRAINTERLOCUTOR COMBRACOS ESPALDARMEDIO_ PARIS "
CADEIRA PARA REFEITORIO CADEIRAPARAREFEITORIO PARIS 
ESCUDO BALÍSTICO NÍVEL II ESCUDOBALISTICONIVELIICOMVISOR SEM MARCA 
CADEIRA PARA REFEITORIO (5242001009912) UN CADEIRAPARAREFEITORIO_5242001009912_UN PARIS 
CADEIRA DE REUNIAO C/RODIZIOS E BRACOS ESPALDAR MEDIO CADEIRADEREUNIAOC__RODIZIOSEBRACOSESPALDARMEDIO RELAX 
"FRAGMENTADORA PAPEL,PLASTICO ABS,25KG/H,220V,4FL,4MM,3M/MIN -FRAGMENTADORAPAPEL PLASTICOAS1018CD_  -SMARTPHONE;  -DRIVEASUSGRAVADOR_ AURORA "
MOTOR AUTOMATIZADOR DE PORTAO MOTORAUTOMATIZADORDEPORTAO HP 1/2 HP AUT DESL SUPER
CAMERA FOTOGRAFICA COM ACESSORIOS CAMERAFOTOGRAFICA NIKON AW130
MESA DE CENTRO 120X60 MESADECENTROCORWENGUE_MODELOB_120X60_ VIDARE 
"MESA DE CHEFIA,TAMPO EM CHAPA UNICA DE MADEIRA AGLOMERADA MESADECHEFIA TAMPOEMCHAPAUNICADEMADEIRAAGLOMERADACORWNGUE_MODELOB_MD_1000X7400_ VIDARE "
MESA DE REUNIAO PARA 12 LUGARES MESADEREUNIAONACORWENGUE_MODELOB_MED_3_20X1_30_ VIDARE 
MESA DE REUNIAO REDONDA MESADEREUNIAOREDONDACORARGILA_MODELOA_MED_730X600_ VIDARE 
MESA DE REUNIAO RETANGULAR MESADEREUNIAORETANGULARCORARGILA_MODELOA_MED_3000X1200_ VIDARE 
MESA DE REUNIÃO RETANGULAR MESADEREUNIAORETANGULARNACORARGILADIMENSOES2_40X1_20M_ VIDARE 
MESA DE TRABALHO AUTO PORTANTE MESADETRABALHOAUTOPORTANTECORARGILA_MODELOA_MED_140X60X740_ VIDARE 
MESA ESTACAO PENISULAR MEDINDO 1800X100X800X600X740MM MESAESTACAOPENISULARCORARGILA_MODELOA_MEDINDO180X160X740MM VIDARE 
ARMARIO BAIXO PARA DIRETOR NA COR PRETA ARMARIOBAIXOPARADIRETORNACORPRETA2000x550x740 MODILAC 
MESA DE TRABALHO AUTO PORTANTE MESADETRABALHOAUTOPORTANTE1400x1400x600x730 MODILAC 
ARMARIO ALTO SEMI ABERTO ARMARIOALTOSEMIABERTO COM2PRATELEIRASEXTERNASEDUASPORTASINFERIORES SEMPORTASNAPORTESUPERIOR_ MODILAC 
ARMÁRIO ALTO ARMARIOALTODUASPORTASCOMPUCHADORESEMBUTIDOSNACORARGILACONTENDOQUATROPRATELEIRAS MODILAC 
"GAVETEIRO VOLANTE MOVEL, 03 GAVETAS, COR TABACO, 65X47X45 CM GAVETEIROVOLANTEMOVEL 03GAVETAS CORTABACO 65X47X45CM MODILAC "
MESA ESTACAO PENISULAR MEDINDO 1800X100X800X600X740MM MESAESTACAOPENISULARMEDINDO1800X1600X800X600X730MMNACORARGILA_ MODILAC 
ESCANINHO P/ PROTOCOLO ESCANINHOP__PROTOCOLO ARMARIOALTOCOMDUASPORTASNACORARGILA_ MODILAC 
ARMARIO BAIXO PARA DIRETOR NA COR PRETA ARMARIOBAIXOPARADIRETORNACORPRETA MODILAC 
GAVETEIRO MOVEL GAVETEIROMOVEL2GAVETASNACORPRETA_ MODILAC 
"MESA DE CENTRO C/ESTRUTURA DE FERRO, C/TAMPO DE VIDRO. MESADECENTROC__ESTRUTURADEFERRO C__TAMPODEVIDRO_NACORPRETA_ MODILAC "
MESA DE REUNIAO REDONDA MESADEREUNIAOREDONDANACORARGILA_ MODILAC 
"SOFA COM 03 LUGARES, ESTRUTURA EM MADEIRA, COR MARROM. SOFACOM03LUGARES CORMARROM_ MODILAC "
"SOFA DE 01 LUGAR, COR MARROM SOFADE01LUGAR CORMARROM MODILAC "
ARMARIO ALTO C/4 GAVETAS PARA PASTAS SUSPENSAS ARMARIOALTOC__4GAVETASPARAPASTASSUSPENSASNACORARGILA_ MODILAC 
ARMARIO ALTO SEMI ABERTO ARMARIOALTOSEMIABERTOCOMDUASPRATELEIRASNAPARTESUPERIOREDUASPORTASNAPORTAINFERIORNACORARGILA_ MODILAC 
ARMARIO BAIXO 2 PORTAS 1 PRATELEIRA ARMARIOBAIXO2PORTAS1PRATELEIRANACORARGILA_ MODILAC 
"ARMARIO PARA PASSAPORTE, C/PORTA DE CORRER. ARMARIOPARAPASSAPORTE C__PORTADECORRER_NACORARGILA_ MODILAC "
"MESA DE CHEFIA,TAMPO EM CHAPA UNICA DE MADEIRA AGLOMERADA MESADECHEFIA TAMPOEMCHAPAUNICADEMADEIRAAGLOMERADANACORPRETA_ MODILAC "
MESA DE REUNIAO RETANGULAR MESADEREUNIAORETANGULAR3000X1200NACORARGILA MODILAC 
MESA DE TRABALHO AUTO PORTANTE MESADETRABALHOAUTOPORTANTE1400x1400x600x730NACORARGILA_ MODILAC 
MESA ESTACAO PENISULAR MEDINDO 1800X100X800X600X740MM MESAESTACAOPENISULARMEDINDO1800X100X800X600X740MMNACORARGILA_ MODILAC 
"MESA REUNIAO,EM MADEIRA MDF MESAREUNIAO EMMADEIRAMDF800X500X1370NSCORPRETA_ MODILAC "
ESCANINHO P/ PROTOCOLO ESCANINHOP__PROTOCOLONACORARGILA_ MODILAC 
MESA DE REUNIÃO RETANGULAR MESADEREUNIAORETANGULARNACORARGILADIMENSOES2_40X1_20M_ MODILAC 
ARMARIO ALTO SEMI ABERTO ARMARIOALTOSEMIABERTOCOMDUASPRATELEIRANAPARTESUPERIOREDUASPORTASNAPARTEINFERIORCOMDUASPRATELEIRA_ MODILAC 
"GAVETEIRO MOVEL, 4 GAVETAS GAVETEIROMOVEL 4GAVETASNACORARGILA_ MODILAC "
"SOFA COM 03 LUGARES, ESTRUTURA EM MADEIRA, COR MARROM. SOFACOM03LUGARES ESTRUTURAEMMADEIRA CORMARROM_ MODILAC "
SOFA DE 02 LUGARES REVESTIDO EM COURVIM NA COR MARRON SOFADE02LUGARESREVESTIDOEMCOUROECOLOGICONACORMARRON MODILAC 
ARMARIO ALTO SEMI ABERTO ARMARIOALTOSEMIABERTOCOM2PRATELEIRAE2PORTASINFERIORESCOMUMAPRATELEIRA_ MODILAC 
ARMARIO BAIXO PARA DIRETOR NA COR PRETA ARMARIOBAIXOAPARADORPARADIRETORNACORPRETA_ MODILAC 
GAVETEIRO MOVEL GAVETEIROMOVELCOM2GAVETASNACORPRETA_ MODILAC 
"MESA DE CENTRO C/ESTRUTURA DE FERRO, C/TAMPO DE VIDRO. MESADECENTROC__ESTRUTURADEFERRO C__TAMPODEVIDRONACORPRETA_ MODILAC "
MESA DE TRABALHO AUTO PORTANTE MESADETRABALHOAUTOPORTANTE1400X1400X600X740NACORARGILA_ MODILAC 
"SOFA COM 03 LUGARES, ESTRUTURA EM MADEIRA, COR MARROM. SOFACOM03LUGARES EMCOURORECICLADONACORMARROM_ MODILAC "
SOFA DE 02 LUGARES REVESTIDO EM COURVIM NA COR MARRON SOFADE02LUGARESREVESTIDOEMCOURORECICLADONACORMARRON MODILAC 
ARMARIO ALTO SEMI ABERTO ARMARIOALTOSEMIABERTOCOMDUASPRATELEIRASEDUASPORTASINFERIOR_ MODILAC 
ARMARIO BAIXO PARA DIRETOR NA COR PRETA ARMARIOBAIXOAPARADORPARADIRETORNACORPRETA MODILAC 
GAVETEIRO MOVEL GAVETEIROMOVELDE02GAVETASNACORPRETA_ MODILAC 
MESA DE TRABALHO AUTO PORTANTE MESADETRABALHOAUTOPORTANTE1400x1400x600x740NACORARGILA_ MODILAC 
"SOFA COM 03 LUGARES, ESTRUTURA EM MADEIRA, COR MARROM. SOFACOM03LUGARES COUROECOLOGICO CORMARROM_ MODILAC "
SOFA DE 02 LUGARES REVESTIDO EM COURVIM NA COR MARRON SOFADE02LUGARESREVESTIDOEMCOUROECOLOGICONACORMARROM_ MODILAC 
"SOFA COM 03 LUGARES, ESTRUTURA EM MADEIRA, COR MARROM. SOFACOM03LUGARES COUROECOLOGICO CORMARROM_ GRAN CAD "
"SOFA DE 01 LUGAR, COR MARROM SOFADE01LUGAR COUROECOLOGICO CORMARROM_ GRAN CAD "
SOFA DE 02 LUGARES REVESTIDO EM COURVIM NA COR MARRON SOFADE02LUGARESREVESTIDOEMCOUROECOLOGICO CORMARRON GRAN CAD 
RENAULT FLUENCE SedanMedio_descaracterizado_NOIRAMETHYSTE RENAULT FLUENCE DYNAMIQUE 2.0
"FUZIL DE ASSALTO HK G36 5,56MM FUZILDEASSALTOHKG365 56X45MM-COMPLETOCOMPROTETORDEMAOPICATINNY TRILHODEVISAOPICATINY CORONHAESOLEIRARETRATILCOMDESCANSODEBOCHECHAAJUSTAVEL ALCADETRANSPORTE 01CARREGADORDE30MUNICOES_VAZIO_EMANUALDOUSUARIO HK HK G36CV"
COLETE BALISTICO COLETEBALISTICOMASCULINONIVELIII-ARETEX2884__13_PAINELHPI-500_TAMANHOMCORPRETO INBRATERRESTRE 
COLETE BALISTICO COLETEBALISTICOMASCULINONIVELIII-ARETEX2884__13_PAINELHPI500_TAMANHOM INBRATERRESTRE 
COLETE BALISTICO COLETEBALISTICOMASCULINONIVELIII-ARETEX2884__13_PAINELHPI-500_TAMANHOG INBRATERRESTRE 
COLETE BALISTICO COLETEBALISTICOMASCULINONIVELIII-ARETEX2884__13_PAINELHPI-500_TAMANHOM INBRATERRESTRE 
COLETE BALISTICO COLETEBALISTICOMASCULINONIVELIII-ARETEX2884__13_PAINELHPI-500_TAMANHOGG INBRATERRESTRE 
COLETE BALISTICO COLETEBALISTICOMASCULINONIVELIII-A RETEX2884__13_PAINELHPI-500_TAMANHOPP INBRATERRESTRE 
COLETE BALISTICO COLETEBALISTICOMASCULINONIVELIII-A RETEX2844__13_PAINELHPI-500_TAMANHOM INBRATERRESTRE 
COLETE BALISTICO COLETEBALISTICOMASCULINONIVELIII-A RETEX2884__13_PAINELHPI__500_TAMANHOP INBRATERRESTRE 
FILMADORA CANON VIXIA FILMADORACANONVIXIA CANON 
"AGR - ARMARIO DE ACO-TIPO GUARDA ROUPA, 2 MODULOS, 4 PORTAS. ARMARIODEACO-TIPOGUARDAROUPA EMMODULODE4PORTAS_ TSW "
ESTANTE DE ACO COM 08 PRATELEIRAS. ESTANTEDEACOCOM08PRATELEIRAS_ TSW 
"ARMÁRIO DE AÇO, TIPO GUARDA ROUPA, EM MÓDULO DE 4 PORTAS. ARMARIODEACO TIPOGUARDAROUPA EMMODULODE4PORTAS_MODULADOCOMDOISGANCHOSPARADOISCABIDESDEPOLIURETANOPORCOMPARTIMENTODUPLO_DIMENSOESLxPxA:1200x410x1980mm_ TSW "
"ARMÁRIO DE AÇO, TIPO GUARDA ROUPA, EM MÓDULO DE 4 PORTAS.  ARMARIODEACO TIPOGUARDAROUPA EMMODULODE4PORTAS_MODULADOCOMDOISGANCHOSPARADOISCABIDESDEPOLIURETANOPORCOMPARTIMENTODUPLO_DIMENSOESLxPxA:1200x410x1980mm_ TSW "
"ARMÁRIO DE AÇO CINZA, DUAS PRATELEIRAS, COM ESCANINHOS PARA ACONDICIONAMENTO INDIVIDUAL DE ARMAS CURTAS. ARMARIODEACO CHAPA18 DUASPRATELEIRAS COMESCANINHOSPARAACONDICIONAMENTOINDIVIDUALDEARMASCURTAS TRATAMENTOANTIFERRUGINOSO_FOSFATIZACAO_ PINTURAELETROESTATICANACORCINZA_ TSW "
"ARMÁRIO DE AÇO CINZA, UMA PRATELEIRA, COM GAVETAS PARA ACONDICIONAMENTO DE MUNIÇÕES E OUTROS MATERIAIS. ARMARIODEACOCINZA CHAPA18 UMAPRATELEIRA COMGAVETASPARAACONDICIONAMENTODEMUNICOESEOUTROSMATERIAIS TRATAMENTOANTIFERRUGINOSO_FOSFATIZACAO_ PINTURAELETROESTATICANACORCINZA_ TSW "
"ARMÁRIO DE AÇO CINZA, PARA ACONDICIONAMENTO DE ARMAS LONGAS. ARMARIODEACO CHAPA18 PARAARMASLONGAS FUNDODOARMARIOCOMFURACAO SUPORTESREGULAVEISPARAENCAIXEDOCANOEDABASE_CORONHA_ TRATAMENTOANTIFERRUGINOSO PINTURAELETROESTATICANACORCINZA_ TSW "
APARELHO DE GPS APARELHODEGPS GARMIM 30X
IMPRESSORA CODIGO DE BARRAS IMPRESSORACODIGODEBARRAS ZEBRAZT410_ AMERICA LATIN 
LEITORA DE CODIGO DE BARRA LEITORADECODIGODEBARRA SEMFIO_ AMERICA LATIN 
DOCK STATION - ESTAÇÃO DE ANCORAGEM ESTACAODEANCORAGEMPARANOTEBOOK__ULTRABOOKCOMCONEXAOUSB3_0 DELL 
COMPARADOR ESPECTRAL comparadorespectralparaanalisededocumentos cedulas passaporte etc DELL 4307
COMPUTADOR DELL COMPUTADORDELL DELL XPS 8900
MONITOR MONITORDell30pol DELL UP3216Q
"FRAGMENTADORA DE PAPEL, CD, DVD, COM CESTO TIPO GAVETA FRAGMENTADORADEPAPEL CD DVD COMCESTOTIPOGAVETA MENNO "
"TV LED, 55"" PHILIPS TVLED 55_ PHILIPSPH55_ PHILIPS, PHILIPIS LED, 55"""
"TV LED, 55"" PHILIPS TVLED 55_PHILIPS PHILIPS, PHILIPIS LED, 55"""
"TV LED, 55"" PHILCO TVLED 55_ PHILCOPH55_ PHILCO LED, 55"""
APARELHO AR CONDICIONADO 24.000 BTUS 220V SPLIT PAREDE APARELHOARCONDICIONADO24_000BTUS220VSPLITPAREDE ELGIN 
"APARELHO DE AR CONDICIONADO, 12000 BTUS, TPO SPLIT APARELHODEARCONDICIONADO 12000BTUS TPOSPLIT ELGIN "
"APARELHO DE AR-CONDICIONADO 9.000BTUS, TIPO SPLIT APARELHODEAR-CONDICIONADO9_000BTUS TIPOSPLIT ELGIN "
FORD RANGER FORDRANGERCREWCABINEDUPLA CORPRATA 4X2 ANO2012 GASOLINA PLACANAC3074 CHASSI8AFDR12A8CJ488107_ FORD CREW
NISSAN MARCH NISSANMARCH 1_6S CORBRANCA FLEX ANO2013__2014 PLACAOXP1870 CHASSI3N1CK3CD1EL220848_ NISSAN 1.6S
"MARCOPOLO VOLARE V6, DIESEL, ANO 2007, COR BRANCA, PLACA JJE4807. MARCOPOLOVOLAREV6 DIESEL ANO2007 CORBRANCA PLACAJJE4807 CHASSIN93PB37D2M7C020917_ MARCOPOLO V6"
MITSUBISHI L200 MITSUBISHIL200OUTDOOR CORPRETA DIESEL ANO2009 PLACAJHN5213 CHASSIN93XPNK7409C953877_ MITSUBISHI OUTDOOR
MITSUBISHI PAJERO MITSUBISHIPAJEROSE4x4 CORPRETA ANO2002__2003 PLACAKHV1247 CHASSINJMY0RK9703JA00892_ MITSUBISHI SE 4X4
MITSUBISHI L200 MITSUBISHIL200SPORT4x4HPE CORPRATA ANO2004 DIESEL PLACADGA7342 CHASSIN93XPNK7404C407204_ MITSUBISHI SPORTE 4X4 HPE
RENAULT SANDERO RENAULTSANDERODYNA 1_6 FLEX ANO2016 CORPRATA PLACANAG7503 CHASSIN93Y5SRD64GJ281594_ RENAULT DYNA
APARELHO DE TELEFONE APARELHODETELEFONE ELGIN 
FRIGOBAR FRIGOBAR-120LITROS 110VOLTS CORBRANCA ELGIN 
BEBEDOURO AGUA DE GARRAFAO BEBEDOUROAGUADEGARRAFAO LIBELL 
"CADEIRA DE INTERLOCUCAO FIXA,COM BRACOS FIXOS. CADEIRADEINTERLOCUCAOFIXA COMBRACOSFIXOS_ PARIS "
CLAVICULARIO EM ACO PARA 60 CHAVES CLAVICULARIOEMACOPARA60CHAVES MULTI QUADROS 
COLETOR DE DADOS/LASER CODIGO DE BARRAS COLETORDECODIGOSDADOSEBARRASDEMARCAZEBRA ZEBRA ZT410 
LEITOR DE CODICO DE BARRA LEITORDECODIGODEBARRASDEMARCAZEBRACOMFIO ZEBRA ZT410 
LEITOR DE CODICO DE BARRAS  /  GENERICA LEITORDECODIGODEBARRASDEMARCAZEBRASEMFIO ZEBRA ZT410 
MAQUINA DE PLASTIFICAR MAQUINADEPLASTIFICARLASSANEL280_ LASSANE L280
"CAIXA DE SOM AMPLIFICADA TRC-329, COM RODAS. CAIXADESOMAMPLIFICADATRC-329 COMRODAS POTENCIA200WRMS 1MICROFONE CABODEADAPTADORDC12V ENTRADAUSB LEITORDECARTAO ANTENAINTERNA BATERIAINTERNARECARREGAVEL BLUETOOTH_ TRC "
"MESA DE PLÁSTICO, COR BRANCA, RETANGULAR MESADEPLASTICO CORBRANCA RETANGULAR DIMENSOES130cmX80cm MARCAANTARES_ ANTARES "
"TELEVISOR 32"" TELEVISORLED32_ MARCAPHILCO FULLHD RECEPTORDIGITALINTEGRADO ENTRADA__SAIDAAUDIOEVIDEO:VIDEOCOMPONENTE HDMI VGA USB SAIDADEAUDIODIGITAL SAIDAPARAFONEDEOUVIDO_ PHILCO "
IMPRESSORA CODIGO DE BARRAS IMPRESSORACODIGODEBARRAS ZEBRAZT410 IMPRESSAOPORTRANSFERENCIATERMICA RESOLUCAODEIMPRESSAO300dpi_   ZEBRA 
TELA DE PROJECAO TELADEPROJECAOMAPASTANDARDTAHITICOMTRIPEATE2 80mEBOLSA_ TAHITI 
"MONITOR LED 23"", LG E2350V (SF) MONITORLED23polegadasdemarcapositivo POSITIVO "
COLETOR DE DADOS/LASER CODIGO DE BARRAS COLETORDEDADOS__LASERCODIGODEBARRAS ZEBRA 
"CADEIRA DE INTERLOCUCAO FIXA,COM BRACOS FIXOS. CADEIRADEINTERLOCUCAOFIXA COMBRACOSFIXOS_ PLAXMETAL "
CADEIRA DE REUNIAO C/RODIZIOS E BRACOS ESPALDAR MEDIO CADEIRADEREUNIAOC__RODIZIOSEBRACOSESPALDARMEDIO PLAXMETAL 
RENAULT MASTER Furgaoparacaes-SRs_descaracterizado_BRANCO RENAULT MASTER FURGÃO L3H2
APARELHO TELEFONE SEM FIO APARELHOTELEFONESEMFIO INTELBRAS 
COMPUTADOR DESKTOP COMPUTADORDESKTOPPOSITIVOMASTERD810ROHS_  ACOMPANHAWINDOWS10PRO MOUSEETECLADOPOSITIVOEMOUSEPADDANKA POSITIVO 
MONITOR MONITORLED23POLEGADASLG23MB35PHPOS POSITIVO 
CARABINA CALIBRE .22 CARABINACALIBRE_22COM1CARREGADOR WINCHESTER 
DRONE AERONAVE NÃO TRIPULADA DRONEAERONAVENAOTRIPULADAOPERADAPORCONTROLEREMOTOPHANTOM3STANDARD PHANTOM W321
"CONTAINER EM POLIETILENO COR AZUL, CAPACIDADE 1000 LITROS CONTAINEREMPOLIETILENOCORAZUL CAPACIDADE1000LITROS JSN "
ARMARIO BAIXO ARMARIOBAIXO XXXX 
ARMARIO 2 PORTAS TIPO ESTANTE ARMARIO2PORTASTIPOESTANTE XXXX 
LAVADORA DE ALTA PRESSAO LAVADORADEALTAPRESSAOportatil_ LAVOR 
REFRIGERADOR REFRIGERADORDUPLEXfrostfreeeminox 110v_ LAVOR 
ARMARIO ALTO SEMI ABERTO ARMARIOALTOSEMIABERTO NACORARGILA_ MODILAC 
ARMARIO BAIXO 2 PORTAS 1 PRATELEIRA ARMARIOBAIXO2PORTAS1PRATELEIRA NACORARGILA_ MODILAC 
ARMARIO BAIXO PARA DIRETOR NA COR PRETA ARMARIOBAIXOAPARADOR PARADIRETORNACORPRETA_BENGUE__ MODILAC 
GAVETEIRO MOVEL GAVETEIROMOVEL NACORBENGUE PARACHEFIA_ MODILAC 
"GAVETEIRO MOVEL, 4 GAVETAS GAVETEIROMOVEL 4GAVETAS NACORARGILA_ MODILAC "
"MESA DE CENTRO C/ESTRUTURA DE FERRO, C/TAMPO DE VIDRO. MESADECENTROC__ESTRUTURADEFERRO C__TAMPODEVIDRO_ MODILAC "
"SOFA COM 03 LUGARES, ESTRUTURA EM MADEIRA, COR MARROM. SOFACOM03LUGARES EMCORVIN CORMARROM_ MODILAC "
"SOFA DE 01 LUGAR, COR MARROM SOFADE01LUGAR EMCORVIN CORMARROM MODILAC "
SOFA DE 02 LUGARES REVESTIDO EM COURVIM NA COR MARRON SOFADE02LUGARES EMCOURVIMNACORMARRON_ MODILAC 
ARMÁRIO ALTO ARMARIOALTODUASPORTASCOMPUCHADORESEMBUTIDOSNACORARGILACONTENDOQUATROPRATELEIRAS NACORARGILA_ MODILAC 
MESA DE TRABALHO AUTO PORTANTE MESADETRABALHOAUTOPORTANTE NACORARGILA_ MODILAC 
"SOFA DE 01 LUGAR, COR MARROM SOFADE01LUGAR CORMARROM EMCORVIN_ MODILAC "
SOFA DE 02 LUGARES REVESTIDO EM COURVIM NA COR MARRON SOFADE02LUGARESREVESTIDOEMCOURVIMNACORMARRON MODILAC 
"SOFA COM 03 LUGARES, ESTRUTURA EM MADEIRA, COR MARROM. SOFACOM03LUGARES CORMARROM EMCORVIN_ MODILAC "
MESA DE CENTRO 120X60 MESADECENTRO NACORBENGUE_ MODILAC 
"MESA DE CHEFIA,TAMPO EM CHAPA UNICA DE MADEIRA AGLOMERADA MESADECHEFIA TAMPOEMCHAPAUNICA NACORBENGUE_ MODILAC "
MESA DE REUNIAO PARA 12 LUGARES MESADEREUNIAOPARA12LUGARES NACORBENGUE_ MODILAC 
MESA ESTACAO PENISULAR MEDINDO 1800X100X800X600X740MM MESAESTACAOPENISULARMEDINDO1800X100X800X600X740MM NACORARGILA_ MODILAC 
ARMARIO DE ACO P/FERRAMENTAS. ARMARIODEACOP__FERRAMENTAS_ FERCAN 
SWITCH 48 PORTAS SWITCH48PORTAS BORDATIPO2_ BROCADE 
SWITCH 48 PORTAS SWITCH48PORTAS BROCADE 
GPS GPSPORTATILDEALTASENSIBILIDADE MODGPSMP64S_ GARMIN 
NOTEBOOK ComputadoresNotebookHPProBook440G3comProcessadorIntelCorei5-6200U Windows10Pro64 Office2013 8GB HD500GB_ HP 
CARRETA TIPO REBOQUE PARA EMBARCACAO CARRETATIPOREBOQUEPARAEMBARCACAO MARCACANCAO MODELOTUCANOPARALANCHA18-19 PES_2_CH_9A9BC0551D1CT4783_ATRAVESDANF9661-PARISDAKARMOTORSLTDA_ CANCAO TUCANO
LANCHA DE TRANSPORTE DE PASSAGEIROS LANCHADETRANSPORTEDEPASSAGEIROS CAPACIDADE07PASSAGEIROS CASCOMED_5 70M EMPRFV ANOMODELO2013__2013_ FOCKER LANCHA FOCKER I9
MOTOR DE POPA 115HP MOTORDEPOPA115HP-F115AETL 2013__2013 CINZAAGASOLINA CH:68V-1148966_ATRAVESNF9660-PARISDAKARMOTORESLTDA_ YAMAHA MOTOR DE POPA 115 HP
DRONE AERONAVE NÃO TRIPULADA DRONEAERONAVENAOTRIPULADAOPERADAPORCONTROLEREMOTO GOPROKARMAKIT GOPRO 
"APARELHO CELULAR, APPLE, IPHONE 5C A1532 APARELHOCELULAR APPLE IPHONE5CA1532 COMACESSORIOS TELEFONECELULARAPPLEIPHONE7_ APPLE "
RADIO HTCOMPONTODEOUVIDOSEMFIO:RADIOHTVHF__UHFTRANSCEPTORAMADOR RX:0_5A999MHZ TX:50A54 MHZ-144A146MHZ?430A440MHZ MODOFM COMAUDIODE200MW 900MEMORIAS POTENCIASDESAIDA:ALTA5__5__4_5W BAIXA10_3__0_3__0_3W BAIXA21__1__1W BAIXA32_5__2_5__2_5W IMPEDANCIA50OHMS_SMA_ TOTALMENTEIMPERMEAVELATE1METRODESUBMERSAO PESOMAXIMO260G COMPONTODEOUVIDOSEMFIO_ MOTOROLA 
SMARTPHONE APARELHOTELEFONICOCELULARSMARTPHONE_LGH840 LG 
IMPRESSORA LASER IMPRESSORACOMQUALIDADEDEIMPRESSAOCOMRESOLUCAOMINIMADE1200X1200DPI;VELOCIDADEMINIMADEIMPRESSAODE27PPM;MEMORIAMINIMADE32MBYTES COMEXPANSIBILIDADEDENOMINIMO288MBYTES;CICLODETRABALHOMENSALDE NOMINIMO15000PAGINAS;IMPRESSAOFRENTEEVERSO_DUPLEX_AUTOMATICO;BANDEJADEENTRADACOMSUPORTEMINIMOA250FOLHAS;BANDEJADESAIDACOMSUPORTEMINIMOA150FOLHAS;SUPORTEAOSTAMANHOSDEPAPELCARTA OFICIO A4 PAPELCARTAO ENVELOPE ETIQUETASETRANSPARENCIA;SUPORTEASLINGUAGENSDEIMPRESSAOPCL6EPCL5;DUASPORTASDECOMUNICACAOINTERNASEIMULTANEAMENTEATIVAS SENDOUMAUSB2_0 EUMAFASTETHERNET10__100MBPS;ACOMPANHADADECARTUCHODETONER;CAPACIDADEDEINFORMARONUMEROESTIMADODEPAGINASRESTANTESEONUMERODEPAGINASIMPRESSAS;COMPATIBILIDADECOMOSSISTEMASOPERACIONAISWINDOWS2000 2003 XPEVISTA;COMPATIVELCOMAPLICACOESCITRIXMETAFRAMEEWINDOWSTERMINALSERVICESUSADASEMAMBIENTESCOMTHINCLIENTS;FONTEDEALIMENTACAODE SAMSUNG 
IMPRESSORA LASER HP DESKJET INK ADVANTAGE 3635 IMPRESSORACOMQUALIDADEDEIMPRESSAOCOMRESOLUCAOMINIMADE1200X1200DPI;VELOCIDADEMINIMADEIMPRESSAODE27PPM;MEMORIAMINIMADE32MBYTES COMEXPANSIBILIDADEDENOMINIMO288MBYTES;CICLODETRABALHOMENSALDE NOMINIMO15000PAGINAS;IMPRESSAOFRENTEEVERSO_DUPLEX_AUTOMATICO;BANDEJADEENTRADACOMSUPORTEMINIMOA250FOLHAS;BANDEJADESAIDACOMSUPORTEMINIMOA150FOLHAS;SUPORTEAOSTAMANHOSDEPAPELCARTA OFICIO A4 PAPELCARTAO ENVELOPE ETIQUETASETRANSPARENCIA;SUPORTEASLINGUAGENSDEIMPRESSAOPCL6EPCL5;DUASPORTASDECOMUNICACAOINTERNASEIMULTANEAMENTEATIVAS SENDOUMAUSB2_0 EUMAFASTETHERNET10__100MBPS;ACOMPANHADADECARTUCHODETONER;CAPACIDADEDEINFORMARONUMEROESTIMADODEPAGINASRESTANTESEONUMERODEPAGINASIMPRESSAS;COMPATIBILIDADECOMOSSISTEMASOPERACIONAISWINDOWS2000 2003 XPEVISTA;COMPATIVELCOMAPLICACOESCITRIXMETAFRAMEEWINDOWSTERMINALSERVICESUSADASEMAMBIENTESCOMTHINCLIENTS;FONTEDEALIMENTACAODE HP DESK JET 
COMPRESSOR DE AR COMPRESSORDEARPORTATIL COMP 
FLASH ELETRONICO PARA CAMERA DIGITAL FLASHELETRONICOPARACAMERADIGITAL EACESSORIOS_ MAKO 
MONITOR LDC 23 POL MONITORLDC23POL POSITIVO 
RENAULT SANDERO RENAULTSANDEROHatchmenor_descaracterizado_PRATAKNH RENAULT SANDERO DYNAMIQUE 1.6
"CAMERA FILMADORA DIGITAL CAMERAFILMADORADIGITAL GOPROHERO04_ GOPRO HERO 4, GOPRO HERO 04"
"SOLUÇÃO PARA COLETA, PROCESSAMENTO E ANÁLISE DE DADOS E INFORMAÇÕES A PARTIR DE PLATAFORMAS ELETRÔNICAS PORTÁTEIS-UFED SOLUCAOPARACOLETA PROCESSAMENTOEANALISEDEDADOSEINFORMACOESAPARTIRDEPLATAFORMASELETRONICASPORTATEIS-UFED UFED "
FECHADURA BIOMÉTRICA FECHADURABIOMETRICA BIOMETRUS 
ANTENA TX II 149 GPSPORTATIL_ GARMIN 12 
FILMADORA PORTATIL FILMADORAPORTATIL VEICULAR MARCAHP_ GARMIN 12 
RADIO COMUNICADOR PORTATIL- HT RADIOCOMUNICADORPORTATIL-HT MOTORALA 
IMPRESSORA A LASER MULTIFUNCIONAL MONOCROMATICA IMPRESSORAALASERMULTIFUNCIONALMONOCROMATICA DCPL252DW MARCA:BROTHER_ BROTHER 
COMPUTADOR DESKTOP COMPUTADORDESKTOP MARCAPOSITIVO_ POSITIVO 
REFRIGERADOR REFRIGERADORDUPLEXFROSTFREEEMINOX_CAP_400LITROS_ CONSUL FROS FREE INOX
TELEVISOR TELEVISOR SMARTTV43LED_ AOC 
BINOCULO BINOCULOCOMCAPACIDADEDEALCANCEMINIMA20X_ SAKURA 
"FOGAO 04 BOCAS, ELETRICO FOGAO04BOCAS ELETRICO AUTOLIMPANTE_ ATLAS "
"APARELHO AR CONDICIONADO, 18000BTUS SPLIT,CONT.REMOTO S/FIO APARELHOARCONDICIONADO 18000BTUSSPLIT CONT_REMOTOS__FIO CHICOS "
"APARELHO AR CONDICIONADO, 18000BTUS SPLIT,CONT.REMOTO S/FIO APARELHOARCONDICIONADO 18000BTUSSPLIT CONT_REMOTOS__FIO MIDEA "
"COFRE DE ACO, 35CM LARGURA X 27,5 COMP X 28,5 ALTURA, 30 KG. COFREDEACO 35CMLARGURAX27 5COMPX28 5ALTURA 30KG_ GOLDSAFE "
APARELHO DE TELEFONE SEM FIO APARELHODETELEFONESEMFIO_ INTELBRAS 
CARREGADOR DE BATERIA AUTOMOTIVA CARREGADORDEBATERIAAUTOMOTIVACARGALENTA__RAPIDA127V_ INTELBRAS 
APARELHO PURIFICADOR DE AGUA 110V. APARELHOPURIFICADORDEAGUA110V_DECOLUNAC__FILTRODECARVAOATIVADOQUERETEMBACTERIASEIMPUREZAS AGUANATURALEGELADA_CORBRANCA_ IBBL 
CAMERA FOTOGRADICA DIGITAL CAMERAFOTOGRAFICADIGITALCOOLPIXP900 NIKKON 
SUBMETRALHADORA HK MP5 9MM SUBMETRALHADORAHKMP59X19MM_ArmadeFogoAutomatica-Submetralhadora_metralhadora_HKMP5A5 calibre9x19mm um_01_carregadorde30municoes_vazio_emanual_ HK MP5 A5
MICROONDAS FORNOMICROONDAS CAPACIDADE30LITROS BRASTEMP 
APARELHO ABDOMINAL APARELHOABDOMINAL EDGE APARELHO DE MUSCULAÇÃO
"APARELHO DE GINÁSTICA MULTIUSO COM POLIAS REGULÁVEIS, CROSS-OVER APARELHODEGINASTICAMULTIUSOCOMPOLIASREGULAVEIS CROSS-OVER EDGE APARELHO DE MUSCULAÇÃO"
"APARELHO DE GINÁSTICA, BANCO ACOLCHOADO ARTICULADO APARELHODEGINASTICA BANCOACOLCHOADOARTICULADO EDGE APARELHO DE MUSCULAÇÃO"
"APARELHO DE GINÁSTICA, CADEIRA EXTENSORA APARELHODEGINASTICA CADEIRAEXTENSORA EDGE APARELHO DE MUSCULAÇÃO"
"APARELHO DE GINÁSTICA, MULTIUSO POLIA ALTA E BAIXA APARELHODEGINASTICA MULTIUSOPOLIAALTAEBAIXA EDGE APARELHO DE MUSCULAÇÃO"
"APARELHO DE GINÁSTICA, MÁQUINA PEITORAL-DORSAL APARELHODEGINASTICA MAQUINAPEITORAL-DORSAL EDGE APARELHO DE MUSCULAÇÃO"
"APARELHO DE GINÁSTICA, REMADOR HORIZONTAL COM BARRA ARTICULADA APARELHODEGINASTICA REMADORHORIZONTALCOMBARRAARTICULADA EDGE APARELHO DE MUSCULAÇÃO"
APARELHO DE MUSCULACAO TIPO EXTENSORA E FLEXORA DE PERNA APARELHODEMUSCULACAOTIPOEXTENSORAEFLEXORADEPERNA EDGE APARELHO DE MUSCULAÇÃO
APARELHO DE MUSCULACAO TIPO LEG PRESS 45 GRAUS APARELHODEMUSCULACAOTIPOLEGPRESS45GRAUS EDGE APARELHO DE MUSCULAÇÃO
APARELHO DE TREINAMENTO FISICO ( COXAS/PANTURRILHAS ) APARELHODETREINAMENTOFISICO_COXAS__PANTURRILHAS_ EDGE APARELHO DE MUSCULAÇÃO
APARELHOS E ACESSORIOS DE GINÁSTICA MULTIEXERCICIO EDGE APARELHO DE MUSCULAÇÃO
BANCO 90º BANCO90 EDGE APARELHO DE MUSCULAÇÃO
BANCO RETO FIXO BANCORETOFIXO EDGE APARELHO DE MUSCULAÇÃO
BANCO SUPINO INCLINADO BANCOSUPINOINCLINADO EDGE APARELHO DE MUSCULAÇÃO
ESTACAO DE MUSCULACAO ESTACAODEMUSCULACAO EDGE APARELHO DE MUSCULAÇÃO
ESTACAO DE MUSCULACAO. ESTACAODEMUSCULACAO_ EDGE APARELHO DE MUSCULAÇÃO
ESTAÇÃO PARA BICEPS ESTACAOPARABICEPS EDGE APARELHO DE MUSCULAÇÃO
ESTAÇÃO SUPINO RETO ARTICULADO ESTACAOSUPINORETOARTICULADO EDGE APARELHO DE MUSCULAÇÃO
SUPINO DECLINADO VIP - TIPO ANILHA SUPINODECLINADOVIP-TIPOANILHA EDGE APARELHO DE MUSCULAÇÃO
"SUPORTE P/AGACHAMENTO(TIPO ANILHAS),C/SAPATAS DE BORRACHA. SUPORTEP__AGACHAMENTO_TIPOANILHAS_ C__SAPATASDEBORRACHA_ EDGE APARELHO DE MUSCULAÇÃO"
"APARELHO DE GINÁSTICA, SUPORTE P/ ACONDICIONAMENTO BARRAS APARELHODEGINASTICA SUPORTEP__ACONDICIONAMENTODE08BARRASDEGINASTICA FHERAS "
JOGO DE TATAME JOGOTATAMEC__45 FHERAS APARELHO DE MUSCULAÇÃO
SACO DE PANCADA SACODEPANCADA FHERAS APARELHO DE MUSCULAÇÃO
ARMA DE AIRSOFT/GAS COMPRIMIDO PISTOLADEAIRSOFT FHERAS 
ANILHA DE  1K. ANILHADE1K_ SEM MARCA APARENTE 
ANILHA DE 02K. ANILHADE02K_ SEM MARCA APARENTE 
ANILHA DE 03K. ANILHADE03K_ SEM MARCA APARENTE 
ANILHA DE 04K. ANILHADE04K_ SEM MARCA APARENTE 
ANILHA EMBORRACHADA 10 KG ANILHAEMBORRACHADA10KG SEM MARCA APARENTE 
ANILHA EMBORRACHADA 20 KG ANILHAEMBORRACHADA20KG SEM MARCA APARENTE 
ANILHA EMBORRACHADA 5 KG ANILHAEMBORRACHADA5KG SEM MARCA APARENTE 
ANILHA PADRÃO OLÍMPICO ANILHAPADRAOOLIMPICO SEM MARCA APARENTE 
ANILHAS BORRACHA PRENSADA 15 KG ANILHASBORRACHAPRENSADA15KG SEM MARCA APARENTE 
"APARELHO DE GINÁSTICA, ESTANTE COM APOIO DE BARRA P/ AGACHAMENTO/DESENVOLVIMENTO APARELHODEGINASTICA ESTANTECOMAPOIODEBARRAP__AGACHAMENTO__DESENVOLVIMENTO SEM MARCA APARENTE APARELHO DE MUSCULAÇÃO"
"APARELHO DE GINÁSTICA, SUPORTE P/ ACONDICIONAMENTO BARRAS APARELHODEGINASTICA SUPORTEP__ACONDICIONAMENTODE08BARRASDEGINASTICA SEM MARCA APARENTE APARELHO DE MUSCULAÇÃO"
"BARRA ""W"" (CROMADA) BARRA_W__CROMADA_ SEM MARCA APARENTE APARELHO DE MUSCULAÇÃO"
BARRA 1.20M (CROMADA) BARRA1_20M_CROMADA_ SEM MARCA APARENTE 
BARRA CROMADA (PUXADOR) ROMANA H PRESILHAS BARRACROMADA_PUXADOR_ROMANAHPRESILHAS SEM MARCA APARENTE APARELHO DE MUSCULAÇÃO
"BARRA CROMADA MEDINDO 1,50CM C/2 PRESILHAS BARRACROMADAMEDINDO1 50CMC__2PRESILHAS SEM MARCA APARENTE APARELHO DE MUSCULAÇÃO"
"BARRA CROMADA MEDINDO 1,80CM C/2 PRESILHAS BARRACROMADAMEDINDO1 80CMC__2PRESILHAS SEM MARCA APARENTE APARELHO DE MUSCULAÇÃO"
"BARRA DE 2.00, CROMADA P/ GINASTICA. BARRADE2_00 CROMADAP__GINASTICA_ SEM MARCA APARENTE "
BARRA EMBORRACHADA BARRAEMBORRACHADA SEM MARCA APARENTE 
BARRA OLIMPICA BARRAOLIMPICA SEM MARCA APARENTE 
BARRA PARA PULLEY RETA GIRATORIA 50CM VIP BARRAPARAPULLEYRETAGIRATORIA50CMVIP SEM MARCA APARENTE APARELHO DE MUSCULAÇÃO
BICICLETA ERGOMETRICA BICICLETAERGOMETRICA SEM MARCA APARENTE APARELHO DE MUSCULAÇÃO
COLCHONETE GINÁSTICA COLCHONETEGINASTICA SEM MARCA APARENTE 
DUMBELL REVESTIDO 10KG DUMBELLMONTADOCOMBARRA10KG SEM MARCA APARENTE 
DUMBELL REVESTIDO 12KG DUMBELLREVESTIDO12KG SEM MARCA APARENTE 
DUMBELL REVESTIDO 14KG DUMBELLREVESTIDO14KG SEM MARCA APARENTE 
DUMBELL REVESTIDO 16KG DUMBELLREVESTIDO16KG SEM MARCA APARENTE 
DUMBELL REVESTIDO 18KG DUMBELLREVESTIDO18KG SEM MARCA APARENTE 
DUMBELL REVESTIDO 20KG DUMBELLREVESTIDO20KG SEM MARCA APARENTE APARELHO DE MUSCULAÇÃO
DUMBELL REVESTIDO 22KG DUMBELLREVESTIDO22KG SEM MARCA APARENTE APARELHO DE MUSCULAÇÃO
DUMBELL REVESTIDO 24KG DUMBELLREVESTIDO24KG SEM MARCA APARENTE APARELHO DE MUSCULAÇÃO
DUMBELL REVESTIDO 26KG DUMBELLREVESTIDO26KG SEM MARCA APARENTE APARELHO DE MUSCULAÇÃO
DUMBELL REVESTIDO 28KG DUMBELLREVESTIDO28KG SEM MARCA APARENTE APARELHO DE MUSCULAÇÃO
DUMBELL REVESTIDO 30KG DUMBELLREVESTIDO30KG SEM MARCA APARENTE APARELHO DE MUSCULAÇÃO
ESTANTE PARA DUMBELLS ESTANTEPARADUMBELLS SEM MARCA APARENTE APARELHO DE MUSCULAÇÃO
ESTEIRA ELETRICA PARA GINASTICA ESTEIRAELETRICAPARAGINASTICA SEM MARCA APARENTE 
HALTER 10 KG HALTER10KG SEM MARCA APARENTE 
HALTER 2KG - EMBORRACHADO HALTER2KG-EMBORRACHADO SEM MARCA APARENTE APARELHO DE MUSCULAÇÃO
HALTER 3KG - EMBORRACHADO HALTER3KG-EMBORRACHADO SEM MARCA APARENTE APARELHO DE MUSCULAÇÃO
HALTER 4KG - EMBORRACHADO HALTER4KG-EMBORRACHADO SEM MARCA APARENTE APARELHO DE MUSCULAÇÃO
HALTER 5KG - EMBORRACHADO HALTER5KG-EMBORRACHADO SEM MARCA APARENTE APARELHO DE MUSCULAÇÃO
HALTER 6KG - EMBORRACHADO HALTER6KG-EMBORRACHADO SEM MARCA APARENTE 
HALTER 7KG - EMBORRACHADO HALTER7KG-EMBORRACHADO SEM MARCA APARENTE APARELHO DE MUSCULAÇÃO
HALTER 8KG - EMBORRACHADO HALTER8KG-EMBORRACHADO SEM MARCA APARENTE 
HALTER 9KG - EMBORRACHADO HALTER9KG-EMBORRACHADO SEM MARCA APARENTE APARELHO DE MUSCULAÇÃO
MAQUINA PARA REMADA MAQUINAPARAREMADA SEM MARCA APARENTE APARELHO DE MUSCULAÇÃO
"PUXADOR P/TRICEPS EM CORDA-VIP-,INOX,CORDA PADRAO. PUXADORP__TRICEPSEMCORDA-VIP- INOX CORDAPADRAO_ SEM MARCA APARENTE "
PUXADOR TRIANGULAR CROMADO PUXADORTRIANGULARCROMADO SEM MARCA APARENTE APARELHO DE MUSCULAÇÃO
SUPORTE P/ALTERES E ANILHAS SUPORTEP__ALTERESEANILHAS SEM MARCA APARENTE APARELHO DE MUSCULAÇÃO
SUPORTE RACK DE HALTER SUPORTERACKDEHALTER SEM MARCA APARENTE APARELHO DE MUSCULAÇÃO
TORNOZELEIRAS 3KGS PAR TORNOZELEIRAS3KGSPAR SEM MARCA APARENTE APARELHO DE MUSCULAÇÃO
TORNOZELEIRAS 5KGS PAR TORNOZELEIRAS5KGSPAR SEM MARCA APARENTE APARELHO DE MUSCULAÇÃO
TORNOZELEIRAS 6KGS PAR TORNOZELEIRAS6KGSPAR SEM MARCA APARENTE APARELHO DE MUSCULAÇÃO
APARELHO DE TELEFONE VOIP COM VISOR APARELHODETELEFONEVOIPCOMVISOR BIVOLT GXP1628 GRANDSTREAM GXP1628
"SERVIDOR ARQUIVO (STORAGE)8TB,WESTERN DIGITAL. SERVIDORARQUIVO_STORAGE_2TB WESTERNDIGITAL_DISCORIGIDOHD12UNIDADES_ LENOVO "
CAMERA DISSIMULADA Conjuntodecameradeposte compostoporcameradissimuladaparainstalacaoemposteououtrosuporte comsistemawifi modem3G__4G;caixapequenaparaposte;cameradesegurancaIP;gravadorIPparacameradeseguranca4canais;HardDiskdeumTb;Roteador4Gdesbloqueado;fonte12V__5Abivolt110__220;caixadeplasticovedadaemABS;conectoresP4parafontedealimentacao_ GENERICA 
CAFETEIRA ELETRICA EM ACO INOX. CAFETEIRAELETRICAEMACOINOX_CAPACIDADE30XICARAS_ BRITANIA 
IMPRESSORA LEXMARK IMPRESSORAMULTIFUNCIONALLEXMARKMX622ADHELASERMONO_ LEXAMARK 
DRONE AERONAVE NÃO TRIPULADA DRONEAERONAVENAOTRIPULADAOPERADAPORCONTROLEREMOTODJI3STANDARD PHANTOM 
"RADIO WALKIE TALKIE, MOTOROLA HT RADIOWALKIETALKIE MOTOROLAHT MOTOROLA "
MOTOR DE POPA 115HP MOTORDEPOPA115HPPARAEMBARCACAO_ YAMAHA 115HP
MOTOR DE POPA YAMAHA 200HP MOTORDEPOPAYAMAHA200HPDEEMBARCACAO_ YAMAHA 
IMPRESSORA  HP IMPRESSORAHPADVANTAGE3635 HP 
IMPRESSORA HP IMPRESSORAHP3635 HP 
IMPRESSORA HP IMPRESSORAHPM26NW HP 
IMPRESSORA HP DESKJET IMPRESSORAHPDESKJETINKADVANTAGE3635 HP 
IMPRESSORA MULTIFUNCIONAL SAMSUNG IMPRESSORASAMSUNGSL-M2020W__XBG SAMSUMG 
ASPIRADOR DE PO ASPIRADORDEPOAP-12NEXT1500 MONDIAL 
CAMERA FILMADORA DIGITAL CAMERAFILMADORADIGITALGOPROHERO4BLACK GO PRO 
COMPRESSOR DE AR COMPRESSORDEAR SEM MARCA 
IMPRESSORA - CARTAO / CRACHA IMPRESSORA-CARTAO__CRACHA_ SMART CH 
SCANNER SCANNER COMMESADIGITALIZADORA_ KODAC 
IMPRESSORA LASER COLORIDA IMPRESSORALASERCOLORIDA8PPM;TECNOLOGIADEIMPRESSAOALASEROULEDARRAY;TECNOLOGIADEIMPRESSAOPORFUSAODETONNERCOLORIDOOUSUBLIMACAODECERACOLORIDA AMBASNOSISTEMADECORESCMYK;PROCESSADORCOMVELOCIDADEDEOPERACAOMINIMODE200MHZ_DUZENTOSMEGAHERTZ_;MEMORIAMINIMAINSTALADAOUINCORPORADADE16MBYTES;RESOLUCAOMINIMADE1200DPI ACEITANDOOTIMIZACAOVIASOFTWARE;VELOCIDADEDEIMPRESSAOEMPAPELCARTADE NOMINIMO 8_OITO_PPM PARAIMPRESSAOPOLICROMATICAEMONOCROMATICA;ALIMENTACAODEPAPELCOMACONFIGURACAOMINIMADE:UMABANDEJACOMCAPACIDADEPARA150FOLHAS;CICLOMENSALDETRABALHODENOMINIMO24_000PAGINAS;SUPORTAMIDIASDOTIPO:PAPELCOMUM TRANSPARENCIAS ETIQUETAS CARTOESEENVELOPES;SUPORTAMIDIASDEPAPELNOSTAMANHOS:ENVELOPE10_105MMX241MM_;A4_210MMX297MM_;A5_148MMX210MM_;ENVELOPEB5_176MMX250MM_;ENVELOPEC5_162MMX229MM_;OFICIO_8_5_X14_OU216MMX355MM_EMBANDEJAMANUAL;CARTA_8_5_X11_OU216MMX279MM__USBCOMPATIVELCOMAVERSAO1_0OUVERSAOSUPERIOREPLACADEREDEETHERNET10BASET__100BASETX;SISTEMASOPERACIONAISCOMPATIVEIS:WINDOWS2000__XP__VISTA__2003 LINUX;EMULACAODEIMPRESSORAPOSTSCRITP3 PCL5OU6;VIRACOMPANHADADADOCUMENTACAOTECNICAETODOSOSCABOSNECESSARIOSAINSTALACAO CONFIGURACAOEOPERACAODAIMPRESSORANOSSISTEMASOPERACIONAISMICROSOFTWINDOWSXP 2000 VISTAELINUX;FONTEDEALIMENTACAOCOMTENSAODEENTRADADE110__220VCA_CENTOEDEZ__DUZENTOSEVINTEVOLTSEMCORRENTEALTERNADA_OUAPENAS110VCA_CENTOEDEZVOLTSEMCORRENTEALTERNADA_DESDEQUEAIMPRESSORASEJAFORNECIDACOMESTABILIZADORTRANSFORMADORCOMENTRADA220VCA_DUZENTOSEVINTEVOLTS_ESAIDA110VCA_CENTOEDEZVOLTS_ECOMPOTENCIANECESSARIAAOFUNCIONAMENTODAIMPRESSORA;RELACAODETODOSOSCONSUMIVEISCOMASUADURACAOMEDIAEMPAGINASIMPRESSAS;GARANTIATOTAL&amp 65533;ON-SITE&amp 65533;DE NOMINIMO 36_TRINTAESEIS_MESESAPARTIRDADATADERECEBIMENTODEFINITIVO_ LEXMARK 
ULTRABOOK microcomputatorpessoalnotbookdemarcalenovo__thinkpad NOTEBOOKULTRAFINO ACOMPANHADODEMOUSE MOCHILA ETRAVADESEGURANCACOMCABO_ LENOVO/THINKPAD 
ACESSÓRIOS PARA INFORMÁTICA Lote1 item4 aceleradorwantipo4 cxa-03070-b110-steelhead-sd-readycxa3070b110withrios   RIVERBED STEELHEAD CXA-03070-B110
ACESSÓRIOS PARA INFORMÁTICA Lote1 item2 aceleradorwantipo2 cxa-00570-b120-steelhead-sd-readycxa570b120withrios bmcmodule RIVERBED STEELHEAD
ULTRABOOK LENOVO THINKPAD MODELO T480 NOTEBOOKULTRAFINOTHINKPADT480WINDOWS10PROACOMPANHA:MOCHILALENOVOACTIVEBACKPACKMEDIUMLENOVOMOUSELASERUSB2000DPICOMPS2CABODESEGURANCAKENSINGTONCABLELOCKADAPTADOR LENOVO THINKPAD T480
ULTRABOOK ULTRABOOKNOTEBOOKULTRAFINO ACOMPANHADODEMOUSE MOCHILAETRAVADESEGURANCACOMCABO_ LENOVO T480
SCANNER DE MARCA AVISION - MODELO AV220D2 scannerdemarcaavision-modeloAD23OU AVISION 
ACESSÓRIOS PARA INFORMÁTICA CONJUNTODEACESSORIOSPARACOMPUTADORES RIVERBED STEELHEAD
NOTEBOOK NOTEBOOKULTRAFINO ACOMPANHA:MOUSELASERUSB2000DPICOMPS__2EUSB+MOCHILALENOVOACTIVEBACKPACKMEDIUM+CABODESEGURANCAKENSIGTONCABLELOCKEADAPTADORPARATOMADAPADRAONOVO PARAANTIGOSMSNBR14136 LENOVO/THINKPAD 
APARELHO TRANSMISSOR / RECEPTOR IP AparelhoTransmissor__ReceptorIP REPETIDORDESINALWIRELESS_ T90 
PONTO DE ACESSO P/ REDE SEM FIO (ROTEADOR) PONTODEACESSOP__REDESEMFIO_ROTEADOR_ T90 
SOLUÇÃO PARA ARMAZENAMENTO NAS SOLUCAOPARAARMAZENAMENTONAS 08BAIAS COMDISCOSDE10TB_ SYNOLOGY 
ULTRABOOK ULTRABOOKLAPTOPULTRAFINO LENOVO NOTEBOOK ULTRAFINO - THINKPAD T480
COMPRESSOR DE AR COMPRESSORDEARPORTATIL 110LIBRAS_ CHIAPERINI COMPRESSOR DE AR
ACESSÓRIOS PARA INFORMÁTICA AceleradordeWANtipo01 CXA00570-B120-Steelhead-SDREADYCXA570B120WITHRIOS BMCMODULE_ RIVERBED STEELHEAD - PN: CXA-00570-B120
"ACESSÓRIOS PARA INFORMÁTICA CONJUNTODEACESSORIOSPARACOMPUTADORES DELLEMC COMPUTADORES, DELL POWEREDGE"
FILMADORA DIGITAL FILMADORADIGITALSONYCX220_ SONY 
ARMARIO ALTO 02 PORTAS ARMARIOALTO02PORTAS MATERIALEMACO ALTURA1 98X1 20X 50 NACORPRETA_ TEK 
ARMARIO ALTO 02 PORTAS ARMARIOALTO02PORTAS METALICO MEDINDO198X120X050 NACORPRETA_ TEK 
"MESA PARA ASSINATURA DIGITAL, TIPO TABLET. MESAPARAASSINATURADIGITAL TIPOTABLET_ WACOM "
CAMERA CAMERAFOTOGRAFICADIGITAL TIPOCOMPACTA PARACAPTURADEIMAGENSCOMALTARESOLUCAOAMEDIASELONGASDISTANCIAS ZOOMDIGITALMAIOROUIGUALAQUE2X ZOOMOPTICOMAIOROUIGUALA18X RESOLUCAOMINIMADE9MILHOESDEPIXELSEFETIVOS ESTABILIZADORDEIMAGEM DISPLAYLCDMAIOROUIGUALA2 8POLEGADASMOVEL_TILTINGSCREEN_ FUNCAODERECONHECIMENTODEROSTOS_FACEDETECTION_ FLASH_INTEGRADO_&amp 65533;MODOAUTOMATICO MODODEFLASHDESLIGADO SINCRONIZACAOLENTAEREDUCAODOEFEITODEOLHOSVERMELHOS OBTURADORCOMVELOCIDADEENTRE1__4SE1__4000S POSSIBILIDADEDEAJUSTEDEISOATE1600 PESONAOSUPERIORA590GRAMAS DISTANCIAFOCALCOMVARIACAOMINIMADE5_0MMA100MM INTERFACETIPOUSB ALIMENTACAOCOMBATERIADELITIORECARREGAVEL_DEVEMESTARINCLUIDASDENTREOSACESSORIOSQUECOMPOEMACAMERA ABATERIAESEURECARREGADORBIVOLT_ CONTERDENTREOSACESSORIOSOCABODECONEXAOUSB MANUAISEMPORTUGUES CONTERDENTREOSACESSORIOSUMMEMORYSTICKDE8GBCOMPATIVELCOMACAMERA BOLSAPARATRANSPORTEQUECAIBA ALEMDACAMARAFOTOGRAFICA OSACESSORIOSQUENORMALMENTEACOMPOEM_ NIKON 
LAVADORA DE ALTA PRESSAO LAVADORADEALTAPRESSAO_CORAMARELA 127VOLTS_ ELETROLUX 
"04 BOCAS, AUTOMATICO, COR BRANCA 04BOCAS AUTOMATICO CORBRANCA_12 ELETROLUX "
MICROONDAS FORNOMICROONDAS20L110V_ ELETROLUX 
UNIDADE DIGITAL DE ARMAZENAMENTO SERVIDORDEALTADENSIDADEPARAPROCESSAMENTODEEVIDENCIASELETRONICAS_ SUPERMICRO 
ACESSÓRIOS PARA INFORMÁTICA CONJUNTODEACESSORIOSPARACOMPUTADORES RIVERBED STEELCONNECT
PLASTIFICADORA PLASTIFICADORAA__3BIVOLTFGK320_ FGK 
CLIMATIZADOR DE AR PORTATIL CLIMATIZADORDEARPORTATIL_ LENOX 
DRONE AERONAVE NÃO TRIPULADA DRONEAERONAVENAOTRIPULADAOPERADAPORCONTROLEREMOTO DJI 
APARELHO TELEFÔNICO IP APARELHOTELEFONICOVOZSOBIP INTELBRAS 
APARELHO TELEFÔNICO IP APARELHOTELEFONICOSEMFIOIPDECT YEALINK 
NOTEBOOK NOTEBOOKTHINKPADT480AcompanhadodeMOCHILA MOUSE CABODESEGURANCA LENOVO T480
SCANNER DE MESA PARA DIGITALIZACAO DE IMAGEM SCANNERDEMESAPARADIGITALIZACAODEIMAGEM FUJITSU 
MONITOR PARA COMPUTADOR MONITORPARACOMPUTADOR23 8POLEGADAS LG 24BL550J
"TRANSFORMADOR TRIFASICO 112,5 KVA TRANSFORMADORTRIFASICO112 5KVA SEM ESPECIFICAÇÃO TRIFASICO 15KV"
APARELHO PURIFICADOR DE AGUA 110V. APARELHOPURIFICADORDEAGUA110V_ IBBL 
RELÓGIO PROTOCOLADOR ELETRONICO RELOGIOPROTOCOLADORELETRONICO-PROTOCOLADORELETRONICOHENRYPROII HENRY 
POLARIS RANGER QUADRICICLOPOLARISCHASSI3NESEA575KM858023_ POLARIS QUADRICICLO
RACK C/PORTA EM ACRILICO VENTILADOR NO TETO E REGUA DE 8 TOM RACKC__PORTAEMACRILICOVENTILADORNOTETOEREGUADE8TOM WOMER 
"ULTRABOOK ULTRABOOKULTRAFINO ACOMPANHADODEMOUSE MOCHILA ETRAVADESEGURANCA  COMCABO_ LENOVO/THINKPAD, LENOVO THINKPAD T480"
IPHONE TELEFONECELULARAPPLEIPHONE6S32GB APPLE 
DOCK STATION - ESTAÇÃO DE ANCORAGEM DOCKSTATION-ESTACAODEANCORAGEM DELL 
ULTRABOOK ULTRABOOKLAPTOPULTRAFINO LENOVO T480
GATEWAY MODULAR PARA VOIP GATEWAYMODULARPARAVOIP CENTRALTELEFONICA_ KHOMP 
GUINCHO DE TONELADA GUINCHODETONELADA BREMEN 
ULTRABOOK ULTRABOOKLAPTOPULTRAFINO LENOVO__THINKPADT480 COMMOCHILA MOUSETRAVADESEGURANCAETRAVA_ LENOVO/THINKPAD 
"CAMA BELICHE METAL C/ 2 LEITOS,NIQUELADO,COR BRANCA CAMABELICHEMETALC__2LEITOS NIQUELADO CORBRANCA ROMI "
BALANCA PLAT SEMI AUTOMATICA CAP 150 KG /35 BALANCAELETRONICACAPACIDADEDE150KG__35 LIDER B-520
EQUIPAMENTO PORTÁTIL HUB EQUIPAMENTOPORTATILHUBUSBTIPOC WAVLINK 
DOCK STATION - ESTAÇÃO DE ANCORAGEM ESTACAODEANCORAGEMDOCKSTATIONUSBTIPOC WAVLINK 
DOCK STATION - ESTAÇÃO DE ANCORAGEM ESTACAODEANCORAGEMPARANOTEBOOKCOMCONEXAOUSB DELL 
"ULTRABOOK LENOVO T480 ULTRABOOKLAPTOPULTRAFINO LENOVO, THINKPAD THINPAD T480"
MITSUBISHI L200 MITSUBISHIL200TRITONSPORTGLS24D4X4AT   MITSUBISHI L200 TRITON
"MONITOR LG 23,8"" MonitorLG23824BL550JAjustedealturaPivotVGAHDMIDisplayPortFullHD1920x1080 LG 24BL550J"
"ULTRABOOK LENOVO THINKPAD MODELO T480 NOTEBOOKTHINKPADT480WINDOWS10PROACESSORIOSMochilaLenovoActiveBackpackMediumCabodeSegurancaKensingtonCableLockAdaptadorpTomadaPadraoNovopAntigoSMSNBR14136eThinkpadUSBMouse LENOVO THINKPAD, LENOVO/THINKPAD T 480"
ULTRABOOK LENOVO THINKPAD MODELO T480 NOTEBOOKULTRAFINOTHINKPADT480WINDOWS10PROACOMPANHAMOCHILALENOVOACTIVEBACKPACKMEDIUMTHINKPADMOUSEUSBCABODESEGURANCAKENSINGTONCABLELOCKADAPTADORPARATOMADAPADRAONOVOPANTIGOSMSNBR1 LENOVO T480
"FRAGMENTADORA DE PAPEL, CARTOES E CDS. CESTO 30 LITROS. FRAGMENTADORADEPAPEL CARTOESECDS_CESTO30LITROS_ COMIX "
POLARIS RANGER QUADRICICLOPOLARISCORPRATA POLARIS QUADRICICLO
DOCK STATION - ESTAÇÃO DE ANCORAGEM DOCKSTATIONESTACAODEANCORAGEM DELL 
COMPUTADOR COMPUTADORPrecision5820Tower DELL 
MONITOR MONITORDellP2415Q DELL 
"ULTRABOOK LENOVO THINKPAD MODELO T480 NOTEBOOKULTRAFINOTHINKPADT480WINDOWS10PROACOMPANHA:MOCHILALENOVOACTIVEBACKPACKMEDIUMLENOVOMOUSELASERUSB2000DPICOMPS2CABODESEGURANCAKENSINGTONCABLELOCKADAPTADOR LENOVO THINKPAD, LENOVO T480"
BALANCA PLAT SEMI AUTOMATICA CAP 50 KG  BALANCAPLATSEMIAUTOMATICACAP50KG LIDER 
BALANCA PLAT SEMI AUTOMATICA CAP 50 KG BALANCAPLATSEMIAUTOMATICACAP50KG LIDER 
COMPUTADOR COMPUTADORHPZ8G4T HP 
MONITOR MONITORHPZDisplayZ27nG2US27pol HP 
GUINCHO DE TONELADA GUINCHODEARRASTOHORIZONTALPARAVEICULOS BREMEN 
ESPECTRÔMETRO DE INFRAVERMELHO ESPECTROMETRODEINFRAVERMELHOdebancadacomTransformadadeFourierFTIR DELL 
COMPUTADOR COMPUTADORDellOptiplex5070 DELL 
MONITOR MONITORDellP2419H DELL 
ESTABILIZADOR ESTABILIZADORdetensaoNOBKEORTBR10KVA220VOLTS BR 
SWITCH SWITCHPONTEMULTIPORTASPARAINTERLIGAREQUIPAMENTOAUMAREDE NETGEAR 
EQUIPAMENTO DE DUPLICAÇÃO E BLOQUEIO DE ESCRITA DE MIDIAS DE ARMAZENAMENTO COMPUTACIONAIS EQUIPAMENTODEDUPLICACAODEMIDIASTIPO01 ATOLA 
EQUIPAMENTO DE ENTRADA E SAIDA DE DADOS EQUIPAMENTODEDUPLICACAODEMIDIASTIPO02 ATOLA 
SCANNER SCANNEREQUIPAMENTODEDIGITALIZACAODEDOCUMENTOS AVISION 
CADEIRA COM RODÍZIOS MODELO B CADEIRACOMRODIZIOSMODELOB FLEXFORM SEM APOIO DE CABEÇA
CITROEN C4 PALLAS C4LOUNGELIVETHP173FLEXAUT   CITROEN C4 LOUNGE LIVE THP 173 FLEX AUT
GM - CHEVROLET TRAILBLAZER CHEVTRAILBLAZERLTD4A GM - CHEVROLET CHEV TRAILBLAZER LT
GM - CHEVROLET TRAILBLAZER TRAILBLAZERLTD4A GM - CHEVROLET TRAILBLAZER LT D4A
GM - CHEVROLET TRAILBLAZER TRAILBLAZERLTD4A   GM - CHEVROLET TRAILBLAZER LT D4A
FORD RANGER CAMINHONETEFORDRANGERXLT4X4 FORD CAMINHONETE XLT
LENTE LenteSIGMA1770MMACROCOMPATIVELPARACAMERANIKON SIGMA MACRO 
FORD RANGER RANGERXLT   FORD RANGER XLT
GM - CHEVROLET TRAILBLAZER CHEVTRAILBLAZERLTD4A     GM - CHEVROLET CHEV TRAILBLAZER LT D4A
GM - CHEVROLET TRAILBLAZER CHEVTRAILBLAZERLTD4A   GM - CHEVROLET CHEV TRAILBLAZER LT D4A
CADEIRA COM RODÍZIOS MODELO A CADEIRACOMRODIZIOSMODELOA FK GRUPO 
CADEIRA COM RODÍZIOS MODELO B CADEIRACOMRODIZIOSMODELOB FK GRUPO 
CADEIRA DE INTERLOCUTOR PARA OS AMBIENTES DE TRABALHO CADEIRADEINTERLOCUTORPARAOSAMBIENTESDETRABALHO FK GRUPO 
CADEIRA INDIVIDUAL CADEIRAINDIVIDUALCONNECTFIXA FK GRUPO 
DESMONTADORA LATERAL DE PNEU DESMONTADORALATERALDEPNEUMDE500 JM CARVALHO SANTOS 
FECHADURA BIOMETRICA FECHADURABIOMETRICADIGITAL MONACO 
MICROCOMPUTADOR DELL OPTIPLEX 7010 DESKTOP MicrocomputadorDellOptiplex3080DesktopcommouseopticoMS111USBtecladoKB212BWindows DELL 
MONITOR MONITORdell238polegadas DELL 
MITSUBISHI L200 CAMINHONETEL200TRITONGL24Diesel4x4MTHEAVYDUTY MITSUBISHI L200 TRITON HEAVY DUTY
PURIFICADOR DE AGUA PURIFICADORAGUAELETRICOREFRIGERADOdeaguanaturalegeladamarcaTOPLIFEmodeloPLATINUMNEWCLASScorBRANCO220VELETRICO TOP LIFE PLATINUM NEW CLASS
ARMARIO BAIXO ARMARIOBAIXODE02PORTAS MARELLI 
ARMÁRIO ALTO COM PORTAS E PRATELEIRAS ARMARIOALTOCOM2PORTASEPRATELEIRASINTERNAS MARELLI 
ARMÁRIO SUPER ALTO COM PORTAS E PRATELEIRAS ARMARIOSUPERALTOCOMPORTASEPRATELEIRAS MARELLI 
GAVETEIRO Gaveteirovolantede04gavetas MARELLI 
MESA AUTOPORTANTE MESAAUTOPORTANTEEML140X140 MARELLI 
MESA DE APOIO MODELO A MESADEAUTOPORTANTEEML160X160 MARELLI 
MESA DE REUNIÃO CIRCULAR MESADEREUNIAOCIRCULAROVAL MARELLI 
MESA DE REUNIÃO COMPONÍVEL MESADEREUNIAOCOMPONIVELRETANGULAR MARELLI 
MESA PARA REFEITÓRIO MESAPARAREFEITORIO MARELLI 
MESA PENÍNSULA GOTA MESAPENINSULAGOTA MARELLI 
MESA RETANGULAR INDIVIDUAL MESARETANGULARINDIVIDUALRETA MARELLI 
SOFÁ DE 01 LUGAR SOFADE01LUGARNACORPRETAEMCORVIN MARELLI 
SOFÁ DE 02 LUGARES SOFADE02LUGARESNACORPRETAEMCORVIN MARELLI 
SOFÁ DE 03 LUGARES SOFADE03LUGARESNACORPRETAEMCORVIN MARELLI 
SMARTPHONE APARELHOTELEFONICOCELULARSMARTPHONES20PLUSSMG985F SMARTPHONE 
LEITOR BIOMÉTRICO - IMPRESSÃO DIGITAL LEITORBIOMETRICOIMPRESSAODIGITALKOJAK-AK_4x4x2_ KOJAK 
LEITOR BIOMÉTRICO - IMPRESSÃO DIGITAL LEITORBIOMETRICOIMPRESSAODIGITALWATSONMINI-AK_2x2x1_ KOJAK 
NOBREAK NOBREAKMODULAR5GDE15KVACOMAUTONOMIADE10MINUTOS LEISTUNG 
ARMÁRIO BAIXO (APARADOR) MODELO A ARMARIOBAIXO_APARADOR_MODELOA TECNO 2000 
MESA DE CENTRO MODELO A MESADECENTROMODELOA TECNO 2000 
MESA LATERAL MODELO A MESALATERALMODELOA TECNO 2000 
APARELHO DE AR CONDICIONADO APARELHODEARCONDICIONADODE12000BTU TCL 
APARELHO DE AR CONDICIONADO APARELHODEARCONDICIONADODE9000BTU TCL 
"MONITOR LG 23,8"" MONITORLG23 8_ LG 23 POL "
FORNO MICROONDAS FORNOMICROONDAS20LITROSMARCACONSUL CONSUL CMA20
"CELLEBRITE - SOLUÇÃO PARA COLETA, PROCESSAMENTO E APOIO NA ANÁLISE DE DADOS Solucaoparacoleta processamentoeapoionaanalisededadoseinformacoesapartirdeplataformaseletronicasportateis propriapararealizacaodepericiasforensecomafuncionalidadedeleituralogicaefisica_ UFED "
DETECTOR PORTALDETECTORDEMETAISS200COMACESSORIOS SENSORIAL 
SWITCH 16 PORTAS SWITCH16PORTASTPLINKT1600G18TS16portas TP-LINK T1600G-18TS
IPHONE IPHONE12PRO256GB APPLE IPHONE 12 PRO
SOLUÇÃO INTEGRADA DE CAPTAÇÃO MINIATURIZADA DE VÍDEO SOLUCAOINTEGRADADECAPTACAOMINIATURIZADADEVIDEODEALTAPERFORMANCECOMPROTOCOLOSVARIADOSPARAINSTALACOESENTRADASEVIGILANCIASSIGILOSASLentepinholeFoVangularde30graussuportedemontagemcameraM12HDSDIrobustaeestojoESuportedefixacao CLARESYS 
REFRIGERADOR REFRIGERADOR240LTSmarcaELETROLUXcorBRANCOmodeloRE31220V ELETROLUX 
ESTAÇÃO DE TRABALHO AVANÇADA (WORKSTATION) ESTACAODETRABALHODELLPRECISION79207COMTECLADOSMARTCARDEDELLMOUSELASERECABODESEGURANCAKENSIGTONMICROSAVER DELL PRECISION 
MONITOR MONITORDELLDE27 DELL PRECISION 
SOLUÇÃO PARA ARMAZENAMENTO NAS IBMFlashSystem5015plataformadesoftwaredearmazenamentocomumquefornecepotentesrecursosdenivelcorporativoallflasheflashhibrido IBM PC 
VENTILADOR DE COLUNA VENTILADORDEPAREDE60CM OSCIL 
TOYOTA COROLLA SEDANTOYOTACOROLLAXEI20 TOYOTA COROLLA XEI 2.0
TOYOTA COROLLA SEDANTOYOTACOROLAXEI20 TOYOTA COROLLA XEI 2.0
NOTEBOOK NOTEBOOKUDPPORTATILDATENDCM3A4AMDRYZEN3PRO4450UWIN10PROMOUSEUSBOPTICOPT1000DPIEMALETAPOLIESTERPT DATEN DCM3A-4
CELEBRITE - UFED 4PC ULTIMATE SW RENEWAL (LICENÇA) UFED4PCULTIMATESWRENEWAL_LICENCA_ TECHBIZ 
CELLEBRITE - UFED TOUCH ULTIMATE SW RENEWAL (LICENÇA) UFEDTOUCHULTIMATESWRENEWAL TECHBIZ 
CELLEBRITE - UFED CLOUD ANALYZER SW RENEWAL (LICENÇA) UFEDCLOUDANALYZERSWRENEWAL_LICENCA_ TECHBIZ 
CELEBRITE - UFED ANALYTICS DESKTOP BASIC SW RENEWAL (LICENÇA) UFEDANALYTICSDESKTOPBASICSWRENEWAL TECHBIZ 
SOPRADOR TÉRMICO SOPRADORTERMICO2000watSCOMACESSORIOS RAZI 
MITSUBISHI L200 HEAVYDUTYL200TRITONGLS24D4X4AT MITSUBISHI MMC/L200 TRITON SPO GLSA
MITSUBISHI L200 HEAVYDUTYHEAVYDUTYL200TRITONGLS24D4X4AT MITSUBISHI MMC/L200 TRITON SPO GLSA
LEITOR DE CODIGO DE BARRAS (SEM FIO) LEITORDECODIGODEBARRASIDBT901USB CMK 
APARELHO TELEFÔNICO IP APARELHOTELEFONICOVOZSOBIPTipo110T23GdaYealinkcomfontedealimentacaoconformeDatasheet YEALINK 
APARELHO TELEFÔNICO IP APARELHOTELEFONICOVOZSOBIPTipo330T43UdaYealinkcomfontedealimentacaoconformeDatasheet YEALINK 
APARELHO TELEFÔNICO IP APARELHOTELEFONICOVOZSOBIPTipo230T46UdaYealinkcomfontedealimentacaoconformeDatasheet YEALINK 
MICROCENTRÍFUGA CENTRIFUGA CENTRILAB 
APARELHO DE AR CONDICIONADO SPLIT APARELHODEARCONDICIONADOSPLIT18000BTU COMFEE 
APARELHO TELEFÔNICO IP APARELHOTELEFONICOVOZSOBIPVIDEOTOUCHSIPT58ACOMCAMERA GIGA 
NOTEBOOK NOTEBOOK DATEN DCM3A-A
"MONITOR LG 23,8"" MONITORLG23 8_ LG "
NOTEBOOK NOTEBOOKDCM3A4 DATEN 
ESTAÇÃO DE TRABALHO AVANÇADA (WORKSTATION) ESTACAODETRABALHODELLPRECISION7920TCOMTECLADOSMARTCARDDELLMOUSELASERWIREDMS3220CABODESEGURANCAKENSINGTONMICROSAVERTBARCHAVE DELL PRECISION 7920T
MONITOR MONITORDELLDE27P2720D DELL P2720D
CAMERA FOTOGRAFICA DIGITAL CAMERAFOTOGRAFICADIGITALEOSREBELT7CLENTECANON GERADOR 
FLASH EXTERNO COM SUPORTE FLASHEXTERNOCOMSUPORTE GERADOR 
NOTEBOOK NOTEBOOKEMALETAPOLIESTER DATEN 
SCANNER DE MESA PARA DIGITALIZACAO DE IMAGEM SCANNERDEMESAPARADIGITALIZACAODEIMAGEM EPSON 
NOTEBOOK NOTEBOOKDATENUDPDCM3A4AMDRYZEN35300UWIN10PRO DATEN 
PISTOLA GLOCK G19 9MM PISTOLAGLOCKG19GEN5COMMALETAGLOCK3CARREGADORESVARETADELIMPEZA4BACKSTRAPSCSUPORTEPINOALONGADODOALOJAMENTODOMECANISMODOGATILHOEMUNICIADORRAPIDO GLOCK G19 GEN5
MITSUBISHI OUTLANDER OUTLANDERHPES30AWDAT MITSUBISHI OUTLANDER HPE-S 3.0 AWD AT
CARREGADOR DE BATERIA CARREGADORDEBATERIA BIVOLT 
NOTEBOOK NOTEBOOKUDPPORTATILDATENDCM3A4AMDRYZEN3PRO4450UWIN10PRO DATEN 
CARREGADOR DE BATERIA CARREGADORDEBATERIAAUXILIARDEPARTIDA12V14AH IN 
MACACO HIDRÁULICO PORTÁTIL MACACOHIDRAULICOPORTATILde2toneladas TECNOMOTOR 
SCANNER AUTOMOTIVO SCANNERAUTOMOTIVOPARADIAGNOSTICO_ TECNOMOTOR 
SMARTWATCH - RELÓGIO RELOGIOSMARTWATCHSERIES06 APPLE SERIES 6
IPHONE IPHONE1264GBA2403 APPLE IPHONE 12
ARMARIO DE COZINHA E COPA ARMARIODECOZINHAECOPA MDF 
ARMÁRIO BAIXO (APARADOR) MODELO A ARMARIOBAIXOAPARADORPARARACKPAINEL MDF 
ARMÁRIO TIPO GUARDA-ROUPA ARMARIOTIPOGUARDAROUPA MDF 
BALCAO DE ATENDIMENTO BALCAODEATENDIMENTODEPLANTAOCOMACESSORIOSACOPLADOS MDF 
BALCAO DE ATENDIMENTO BALCAODEATENDIMENTOTIPOBANCADA MDF 
CADEIRA CADEIRATIPOBANQUETASDEMDF METALONITA 
CADEIRA CADEIRADEMETALONCORPRETASINDIVIDUAL MDF 
CAMA (COMUM E BELICHE) CamacomumeBelicheEMMDF MDF 
ESTANTE RACK ESTANTERACKCOM2PORTASDECORRERMED372MX113MX372M MDF 
GUARDA-ROUPA/GUARDA-VOLUME GuardaroupaGuardaVolumeEMMDFMED200CMLARGURAX250CMDEALTURAX55CMDEPROFUNDIDADE MDF 
MESA MesaCOMTAMPOEMMDFMED77CMALTX1MDELARGUX150MDECOMP MDF 
MESA MesaMED80CMX80CMEMMDF MDF 
MESA DE CENTRO MODELO A MESADECENTROMODELOAEMMDF MDF 
PAINEL DIVISÓRIO PANORÂMICO PAINELTIPORACKPANORAMICOPARASUPORTEDETVEACESSORIOS MDF 
REFRIGERADOR REFRIGERADORCRM39ABANA CONSUL CRM39ABBNA
MONITOR MONITOR LG 
SMART TV LED SMARTTVLED50POLEGADASHQSTV4K SMART 
CÂMERA WIFI CAMERAWIFIKITDE4CAMERASWIFIPARACV100DOMTK709X4 MEMTEX MTK709X4 WIFI 647
KIT CAPTAÇÃO AMBIENTAL ÁUDIO/VIDEO KITCAPTACAOAMBIENTALAUDIOVIDEOCV100MTX538 MEMTEX MTX538
MOTOR MOTORDEPOPADE40HDEFI HIDEA HD 
MOTOR MOTORDEPOPADE60HDEFI HIDEA HD 
FIAT DUCATO VANFIATDUCATOCAMBURAOCELA FIAT I FIAT DUCATO
APARELHO TELEFÔNICO IP APARELHOTELEFONICOVOZSOBIPcomcamera YEALINK SIP-T58A
APARELHO TELEFÔNICO IP APARELHOTELEFONICOVOZSOBIPcomcamera YALINK SIP-T58A
CASE RÍGIDO PARA TRANSPORTE DE ALVOS DE SCANNER 3D CASERIGIDOPARATRANSPORTEDEALVOSDESCANNER3D AKIYAMA 
LEITOR BIOMÉTRICO - IMPRESSÃO DIGITAL LEITORBIOMETRICO-IMPRESSAODIGITAL AKIYAMA 
ESTAÇÃO DE TRABALHO AVANÇADA (WORKSTATION) ESTACAODETRABALHOAVANCADA_WORKSTATION_ DELL PRECISION 7920T
MONITOR MONITOR DELL P2720D
ESTAÇÃO DE TRABALHO AVANÇADA (WORKSTATION) ESTACAODETRABALHOAVANCADAWORKSTATIONDELLPRECISION7920TCOMTECLADOSMARTCARDDELLMOUSELASERWIREDMS3220CABODESEGURANCAKENSINGTONMICROSAVERTBARCHAVE DELL PRECISION 7920T
COLETE BALISTICO COLETEBALiSTICOOSTENSIVONIVELIIIACAPAPAINELEBOLSA MKU LIMITED 
GM - CHEVROLET TRAILBLAZER SUVCAMIONETACHEVTRAYBLAZERPRED4A GM - CHEVROLET CHEV TRAILBLAZER PRE D4A
GM - CHEVROLET TRAILBLAZER SUVCAMIONETAREVTRAILBLAZERPRED4A GM - CHEVROLET CHEV TRAILBLAZER PRE D4A
ESTAÇÃO DE TRABALHO AVANÇADA (WORKSTATION) COMPUTADORDESKTOPCPUDellPrecision7920Tower   DELL CPU DELL PRECISION 7920 TOWER
MONITOR MONITORMonitorDellP2720D27Polegadas   DELL 
MONITOR MONITORDellP2720Dde27 DELL P2720D
VÍDEO PORTEIRO VIDEOPORTEIROIV7010COMMODULOEXTERNO INTELBRAS 
EQUIPAMENTO DE ANALISE QUIMICA DE SOLIDOS E LIQUIDO TECNOLOGIA RAMAN EQUIPAMENTODEANALISEQUIMICADESOLIDOSELIQUIDOTECNOLOGIARAMAN RIGAKU PROGENY RESQ CQL
GM - CHEVROLET TRAILBLAZER TRAILBLAZERPRED4A   GM - CHEVROLET TRAILBLAZER PRE D4A
DRONE AERONAVE NÃO TRIPULADA DRONEAERONAVENAOTRIPULADADJIMAVIC2ENTERPRISEADVANCEDcompoem27KITFLYMOREDJIMAVIC2ENTERPRISEPART154CARTAODEMEMORIAADATA128GBAUSDX128GUI3V30SA2RA154HELICEPARADJIMAVIC2ENTERPRISECCWTR54HELICEPARADJIMAVIC2ENTERPRISECWTRe27TAPETECIRCULARLANDPAD DJI MAVIC 2 ENTERPRISE ADVANCED
FOGÃO FOGAOGAS6BOCASDELICATOPLUSBRANCO CLARICE DE
"SANDUICHEIRA SANDUICHEIRAMISTEIRA16UNIDADESDE110VE04UNIDADESDE220V SAFF CROYDON, SAFF CROYDON"
FORNO ELETRICO FORNOELETRICOHOTGRILLLINEBRANCO44L127V FISCHER HOT GRILL LINE
CAMERA FOTOGRAFICA DIGITAL CAMERAFOTOGRAFICADIGITALMARCANIKON MODELOCOOLPIXP1000 BOLSA MONOPE SD64GBADICIONAISDOISCARTOESD-80SLR FLASHEMBUTIDO BATERIAION TIPODIGITAL RESOLUCAO10_2MPX TIPOFOCOAUTOMATICO TIPOMEMORIASD2GBESD4GB NIKON COOLPIX P1000
APARELHO DE AR CONDICIONADO SPLIT APARELHODEARCONDICIONADOSPLITINVERTERICS18FR40218KBTU SPLIT INVERTER ICS18F R4 02 18KBTU
APARELHO DE AR CONDICIONADO SPLIT APARELHODEARCONDICIONADOSPLITINVERTERNEOTOPICST12FR4-02 SPLIT INVERTER NEO TOP ICST12FR4-02
COLETE BALISTICO COLETEBALISTICOOVERVESTPROTECTIONLEVELLIIIA MKU LIMITED 
EXTRA FINO NOTEBOOK (ULTRABOOK) NOTEBOOKEXTRAFINO VAIO VAIO FE14
FRIGOBAR Frigobar MIDEA MRC12B1/B2
REFRIGERADOR REFRIGERADORDUPLEX 02PORTAS FROSTFREE 483LITROS PANASONIC 
DRONE AERONAVE NÃO TRIPULADA compoem01Pistasdepousodobravel55cm;01Carregadorveicular marcaDJI 65W;01SuporteparacolocacaodesmartphoneetabletnosdronesdroneMavic3;02CartoesdememoriaMicroSD SandiskExtremePro64GB_ DJI MAVIC 3 FLY MORE COMBO
PURIFICADOR DE AGUA PURIFICADORDEAGUAVIVAX-220V IBBL VIVAX
CAFETEIRA ELÉTRICA CAFETEIRAAUTOMATICA6LITROS CARACTERISTICASADICIONAISAROCOADOREMACO DISPENSAUSODEFILTRODEPANO POTENCIA1_000W MARCHESONI CF1692
CAIXA DE SOM BLUETOOTH CAIXADESOMBLUETOOTH SEM MARCA 
NOBREAK NOBREAKUPSXPROPROFISSIONAL1500 UPS 
APARELHO DE AR CONDICIONADO APARELHODEARCONDICIONADOPAC36000IQFM8W220V PHILCO PAC36000IQFM8W
FECHADURA DIGITAL BIOMÉTRICA FECHADURADIGITALBIOMETRICA SEM ESPECIFICAÇÃO 
COLETE BALISTICO COLETEBALISTICOMARCA:PROTECOP-NIVELIIIA-NIJ0101_06-GPBDH75N__PROPB002 PROTECOP 
COLETE BALISTICO COLETEBALISTICOMARCA:PROTECOP-NIVELIIIANIJ0101_06-GPBDH75N__PROPB002 PROTECOP 
PISTOLA GLOCK G19 9MM PISTOLAGLOCKG19GEN5MOS COMMALETAGLOCK 3CARREGADORES VARETADELIMPEZA 2BACKSTRAPS PINOALONGADO MINISACAPINO MUNICIADORRAPIDOE4PLACASADAPTADORASMOSEXTRASCOMCHAVEALLENE4PARAFUSOS GLOCK G19 GEN5 MOS
ARMA DE AIRSOFT/GAS COMPRIMIDO PISTOLADEAIRSOFT VGV17G_GAS_6_0CB344MM BLOWBACK G. GAS
COMPUTADOR DESKTOP COMPUTADORDESKTOPWorkstationPrecision5820 WORK STATION 
CADEIRA COM RODÍZIOS MODELO B CADEIRACOMRODIZIOSMODELOB DT3 GTS BLACK 
NOTEBOOK NOTEBOOKVAIOFE14VJFE49F11X-B0111HCOMWINDOWS11PRO VAIO 
CADEIRA COM RODÍZIOS MODELO A CADEIRACOMRODIZIOSMODELOATECTON FLEXFORM TECTON
CADEIRA COM RODÍZIOS MODELO B CADEIRACOMRODIZIOSMODELOBERME FLEXFORM ERME
CADEIRA DE REUNIÃO CADEIRADEREUNIAOUNI FLEXFORM UNI
CADEIRA DE INTERLOCUTOR PARA OS AMBIENTES DE TRABALHO CADEIRADEINTERLOCUTORPARAOSAMBIENTESDETRABALHOERME FLEXFORM ERME
CADEIRA INDIVIDUAL CADEIRAINDIVIDUALMIMI FLEXFORM MIMI
LONGARINA DE 2 LUGARES LONGARINADE2LUGARESISO FRISOKAR ISO
LONGARINA DE 3 LUGARES LONGARINADE3LUGARESISO FRISOKAR ISO
APARELHO DE AR CONDICIONADO APARELHODEARCONDICIONADO12000BTU AGRATTO INVERTER
NOTEBOOK NOTEBOOKFE14VJFE49F11X-B0111HACOMPANHAWINDOWS11PROCOMMOUSEUSBPOSITIVOSM-6620_ VAIO 
DISPOSITIVO PARA CONEXÃO EXTERNA DE DISCO RIGIDO DISPOSITIVOPARACONEXAOEXTERNADEDISCORIGIDO_ ENCLOSURE 
APARELHO DE AR CONDICIONADO APARELHODEARCONDICIONADO24000BTUS TCL 
"MONITOR LED 23"" MONITORLED23_ MULTILASER "
PROJETOR PROJETOR ACER 
APARELHO DE AR CONDICIONADO APARELHODEARCONDICIONADOHWINVERTERTCL12000BTUS TCL INVERETER
FORD RANGER FORD__RangerXLS3_2LAT   FORD FORD/ RANGER  XLS 3.2L AT
FORD RANGER FORD__RangerXLS3_2LAT   FORD RANGER
COLETE BALISTICO COLETEBALISTICOVELADO NIVELIIIA_NIJ0101_06_ REFERENCIAGPBDH75N__PROPB002_ PROTECOP 
CAMERA FILMADORA DIGITAL CAMERAFILMADORAGOPROHERO-KITACESSPRIOS HERO GOPRO
CADEIRA DE INTERLOCUTOR PARA OS AMBIENTES DE TRABALHO CADEIRADEINTERLOCUTORPARAOSAMBIENTESDETRABALHO FLEXFORM ERME 
"SMART TV LED SMARTTVLED50POLEGADAS LG, LG. "
DISCO RIGIDO REMOVIVEL DISCORIGIDOREMOVIVELSSD870EVO2TBMEMORIA SAMSUNG SSD 870 EVO2TB
FRIGOBAR Frigobar MIDEIA 
REFRIGERADOR REFRIGERADOR MIDEA 
MESA MODELO A MESAMODELOA240x100CM AVANTTI 
MESA DE APOIO MODELO A MESADEAPOIOMODELOA1200X100 AVANTI 
MESA DE CENTRO MODELO A MESADECENTROMODELOA60X39 AVANTTI 
MESA LATERAL MODELO A MESALATERALMODELOA61X60 AVANTTI 
MESA AUTOPORTANTE MESAAUTOPORTANTE140X140 AVANTTI 
MESA AUTOPORTANTE MESAAUTOPORTANTE1600X1600 AVANTTI 
MESA PENÍNSULA GOTA MESAPENINSULAGOTA180X1600 AVANTTI 
MESA DE REUNIÃO OVALADA MESADEREUNIAOOVALADA2400 AVANTTI 
MESA DE REUNIÃO COMPONÍVEL MESADEREUNIAOCOMPONIVEL1600X1600 AVANTTI 
MESA RETANGULAR INDIVIDUAL MESARETANGULARINDIVIDUAL1400X60 AVANTTI 
MESA PARA REFEITÓRIO MESAPARAREFEITORIO1600X100 AVANTTI 
GAVETEIRO MODELO A GAVETEIROMODELOA AVANTTI 
GAVETEIRO VOLANTE GAVETEIROVOLANTE AVANTTI 
ARMÁRIO BAIXO (APARADOR) MODELO A ARMARIOBAIXO_APARADOR_MODELOA AVANTTI 
ARMÁRIO ALTO COM PORTAS E PRATELEIRAS ARMARIOALTOCOMPORTASEPRATELEIRAS AVANTTI 
ARMÁRIO SUPER ALTO COM PORTAS E PRATELEIRAS ARMARIOSUPERALTOCOMPORTASEPRATELEIRAS AVANTTI 
ARMÁRIO ALTO SEMIABERTO ARMARIOALTOSEMIABERTO AVANTTI 
ARMARIO BAIXO ARMARIOBAIXO AVANTTI 
NOTEBOOK NOTEBOOKVAIOFE14COMMOUSEEACESSORIOS_ VAIO FE14 
ESPECTRÔMETRO EspectrometroRaman tipoportatil paraidentificacaodedrogas incluindoNSP RIGAKU PROGENYRESQ FLX
FORNO MICROONDAS FORNOMICROONDAS CONSUL 
COMPUTADOR DESKTOP COMPUTADORDESKTOPMASTERC4400MINIPROROHS  POSITIVO 
DESUMIDIFICADOR DESUMIDIFICADOR SEM ESPECIFICAÇÃO 
APARELHO DE AR CONDICIONADO APARELHODEARCONDICIONADO PHILCO 
ARMÁRIO TIPO COFRE ARMARIOTIPOCOFRE SEM ESPECIFICAÇÃO 
APARELHO DE VIDEOCONFERENCIA APARELHODEVIDEOCONFERENCIACOMACESSORIOS_ SEM ESPECIFICAÇÃO 
BALANÇA ELETRONICA BALANCAELETRONICA LIDER 
BALANÇA ELETRONICA BALANCAELETRONICA BEL M254AI
CAMERA FOTOGRAFICA DIGITAL CAMERAFOTOGRAFICADIGITAL NYKON COOLPIX P1000
TELEFONE DE COMUNICAÇÃO VIA SATELITE TELEFONEDECOMUNICACAOVIASATELITEIRIDIUM9555 IRIDIUM 
EQUIPAMENTO PARA ESTRAÇÃO DE DADOS DE TELEFONES Equipamentosp__extracaodedadosdetelefonescelularestipo2 SATDOCK 
ESTAÇÃO DE TRABALHO AVANÇADA (WORKSTATION) ESTACAODETRABALHODELLPRECISION3660 COREI7 DELL PRECISION 3660 TOWER
CAIXA DE SOM BLUETOOTH CAIXADESOMBLUETOOTH TRC 
NETBOOK NotebookVaio__PositivoTecnologiaS__A-Modelo:VAIOFE14VJFE49F11X-B0111H POSITIVO VAIO FE14 VJFE49F11X-B0111H
HARDWARE DE LEITURA AVANÇADA DE DOCUMENTOS HARDWAREDELEITURAAVANCADADEDOCUMENTOSCOMSOFTWAREOPERACIONAL  Leituraeverificacaodeautenticidadededocumentos AKIYAMA 
MONITOR MONITORMULTI24POL60HZOFFICEULTRA MULTILASER 
SERVIDOR DE REDE SERVIDORDEREDEDellPowerEdgeR7525TIPOII 2xAMD7313 8xRAM16GB 256GB_16x16GB_RDIMM 12xDiscorigidoNLSASde12TB SSD480GB OpenManageEtpAdvPlus IDRAC9DataCx5_ DELL R7525 TIPO II
SERVIDOR DE REDE SERVIDORDEREDEDellPowerEdgeR7525TIPOI 2xAMD7313 8xRAM16GB 128GB_8x16GB_RDIMM 6xDiscorigidoNLSASde12TB SSD480GB OpenManageEtpAdvPlus IDRAC9DataCx5_   DELL R7525 TIPO I
NOBREAK Trata-sedosmateriaisdiscriminadosnaNotaFiscain000_009_945 de11__03__2024 30unidadesnovalordeR 176_700 00 VLP 
CAMERA FOTOGRAFICA DIGITAL CAMERAFOTOGRAFICADIGITAL T7COMLENTE18_55MM CANON EOS REBEL
MALETA MALETAKITSIGNATDEINVESTIGACAODEIMPRESSOS SEM ESPECIFICAÇÃO 
MALETA MALETACOMBODEKITPARATOMADADEIMPRESSOESDECADAVARES SEM ESPECIFICAÇÃO 
MALETA MALETACONJUNTOELIMINADORDECIANOCRIATO SEM ESPECIFICAÇÃO 
ESTUFA ESTUFA-DEFUMIGATOR110V+FILTROSCOMLIGACOESDECARVAO SEM ESPECIFICAÇÃO 
CÂMARA DE VAPORIZAÇÃO DE CIANOACRILATO CAMARADEVAPORIZACAODECIANOACRILATO_ SEM ESPECIFICAÇÃO CIANOACRILATO
ESTUFA ESTUFA-UMIDIFICADOR SEM ESPECIFICAÇÃO 
CÂMARA DE VAPORIZAÇÃO DE CIANOACRILATO CAMARADECONTROLEDEREVELACAOCOMDFOENINIDRINA SEM ESPECIFICAÇÃO 
FLASH EXTERNO COM SUPORTE FLASHEXTERNOCOMSUPORTEPARACAMERADIGITAL SEM ESPECIFICAÇÃO FLASH EXTERNO COM SUPORTE PARA CAMERA DIGITAL
PISTOLA DE DESCARGA ELETRICA TASER 7 PISTOLADEDESCARGAELETRICATASER7 CONTENDOCOLDRESAFARILANDE1BATERIARECARREGAVEL AXON TASER T7
PISTOLA DE DESCARGA ELETRICA TASER 7 PISTOLADEDESCARGAELETRICATASER7 CONTENDOCOLDRESAFARILANDE1BATERIARECARREGAVELNSX44937370 AXON TASER T7
PISTOLA DE DESCARGA ELETRICA TASER 7 PISTOLADEDESCARGAELETRICATASER7 CONTENDOCOLDRESAFARILANDE1BATERIARECARREGAVELNSX44942746 AXON TASER T7
PISTOLA DE DESCARGA ELETRICA TASER 7 PISTOLADEDESCARGAELETRICATASER7 CONTENDOCOLDRESAFARILANDE1BATERIARECARREGAVELNSX44942735 AXON TASER T7
"BASE DE CARREGAMENTO E SINCRONIZAÇÃO (DOCA), 1 POSIÇÃO BASEDECARREGAMENTOESINCRONIZACAO_DOCA_ 1POSICAO AXON "
LANCHA BARCOLFF20FT|PARTNUMBER:LFF20FT|Observacao:-SN_S029-Motorizacao:YAMAHA200HPPOPAF200BETX HELICED13-3__4 P19__N__SMotor:1515288__N__STelaSIMRADCRUISE9:8140021428__N__SChassiCarreta:FREEHOBY_CHASSI941A0642RRC000041_ YAMAHA 
COMPUTADOR DESKTOP COMPUTADORDESKTOPMONTADOPARAUSOESPECIFICO SEM MARCA APARENTE (MONTADO) 
DETECTOR DE GASES TÓXICOS DETECTORDEGASESTOXICOSMSAMODALTAIR4XR MSA ALTAIR 4XR
AMAROK CAMINHONETEVWAMAROKV6HIGHAD4 VW - VOLKSWAGEN AMAROK
HILUX CAMINHONETE TOYOTA HILUX
TORO CAMINHONETE FIAT TORO
HB20S SEDAN HYUNDAI HB20S
RANGER CAMINHONETE FORD RANGER
RANGER CAMINHONETE SEM MARCA 
STRADA CAMINHONETE FIAT STRADA
CHEV/SPIN 18L AT PREMIER CHEVSPIN18LATPREMIER GM - CHEVROLET CHEVROLET
RACK PARA SERVIDOR RACKDEPISOCOMFECHADURAESCAMOTEAVELEPORTATRASEIRABIPARTIDA40Ux80_K_ SEM MARCA INFORMADA 
DRONE AERONAVE NÃO TRIPULADA DRONEDJIMAVIC3ENTERPRISE DJI MAVIC 3 ENTERPRISE
CRONOS SEDANFIAT__CRONOSDRIVE1_3AT fab__modelo2024 107cv_A_ 5P combustivelFlex_ FIAT CRONOS
VERSA SEDAN NISSAN VERSA
COMPASS SUVCAMIONETA JEEP COMPASS
XTZ 250 LANDER 249CC/LANDER BLUEFLEX MOTOCICLETA YAMAHA XTZ 250 LANDER 249CC/LANDER BLUEFLEX
CG 160 TITAN FLEXONE MOTOCICLETA HONDA CG 160 TITAN FLEXONE
MOTOSERRA MOTOSERRA HUSQVARNA 272XP
MOTOSERRA MOTOSERRA STHIL MAGNUM
BANCADA BANCADADEHORAPARAAUDITORIOCOM06LUGARESEPULPITO_ SEM ESPECIFICAÇÃO 
"DRONE AERONAVE NÃO TRIPULADA DRONEAERONAVENAOTRIPULADAOPERADAPORCONTROLEREMOTO DJI MAVIC 3 RTH, DRONE"
PONTO DE ACESSO accesspoint-CATALYST9105AXSERIES CISCO CATALYST 9105AX
PONTO DE ACESSO AccessPoint-CATALYST9115AXSERIES CISCO CATALYST 9115AX
PONTO DE ACESSO AccessPoint-CATALYST9130AXSERIES CISCO CATALYST 9130AX
MOTOSERRA MOTOSERRAMS382 STILL MS 382
"MOTOSERRA MOTOSERRA STHIL, STHILL MAGNUM"
GM - CHEVROLET TRAILBLAZER CHEV__TRAILBLAZERLTD4A   GM - CHEVROLET TRAILBLAZER
